Event_No,Datetime,X Acc Filtered_Mean_observed,X Acc Filtered_Mean_trend,X Acc Filtered_Mean_seasonal,X Acc Filtered_Mean_resid
571,2021-09-28 00:08:00,0.040726001,0.004971687702739572,0.029543358642318527,0.006210954654941899
572,2021-09-28 00:38:00,0.004313953,0.004916423229430073,-0.008607153697986517,0.008004683468556446
573,2021-09-28 01:08:00,0.044285514,0.004862013649649963,0.04510895029174671,-0.005685449941396677
574,2021-09-28 01:38:00,0.018645035,0.004808447390445596,-0.0013938187677629832,0.015230406377317388
575,2021-09-28 02:08:00,0.008183103,0.004755712800735004,-0.005761316554565782,0.009188706753830777
576,2021-09-28 02:38:00,0.030919507,0.004703769320257201,0.029378655363312762,-0.003162917683569964
577,2021-09-28 03:08:00,-0.041783169,0.004652553584788939,-0.025367199996040736,-0.021068522588748206
578,2021-09-28 03:38:00,0.024647562,0.004602010922571862,0.010971399863908304,0.009074151213519836
579,2021-09-28 04:08:00,0.013195915,0.004552117716269642,0.0143287683528517,-0.005684971069121341
580,2021-09-28 04:38:00,0.028022231,0.004502845687971993,0.019431206490908116,0.004088178821119893
581,2021-09-28 05:08:00,-0.022705821,0.004454170124661011,-0.02624195258883985,-0.0009180385358211612
582,2021-09-28 05:38:00,-0.009282872,0.004406062043540554,-0.017609372941670375,0.003920438898129822
583,2021-09-28 06:08:00,0.008522938,0.0043584903324358154,-0.01535863352578504,0.019523081193349227
584,2021-09-28 06:38:00,-0.022918663,0.004311410281857978,-0.010608499003993055,-0.016621574277864922
585,2021-09-28 07:08:00,-0.056802336,0.004264751422637342,-0.024273767059059207,-0.03679332036357813
586,2021-09-28 07:38:00,-0.0141614,0.0042184706690772625,-0.017515073737833602,-0.0008647969312436596
587,2021-09-28 08:08:00,0.029816617,0.004172578270769188,0.015106666737782342,0.01053737199144847
588,2021-09-28 08:38:00,0.018283914,0.0041270963491086285,-0.00706991503658457,0.021226732687475942
589,2021-09-28 09:08:00,0.011224202,0.004082027297569314,0.011898047474571717,-0.00475587277214103
590,2021-09-28 09:38:00,0.024469136,0.004037342951260526,0.02974188250966882,-0.009310089460929346
591,2021-09-28 10:08:00,-0.007841785,0.003993018097375346,-0.006736286838125011,-0.005098516259250335
592,2021-09-28 10:38:00,0.007820735,0.00394904559942819,-0.007847933258972093,0.011719622659543905
593,2021-09-28 11:08:00,0.011853312,0.0039054272279950104,0.015275228518996016,-0.007327343746991027
594,2021-09-28 11:38:00,0.002705521,0.003862154467792137,0.010596714793086832,-0.011753348260878971
595,2021-09-28 12:08:00,-0.020328214,0.0038192314164681974,-0.00711356801758507,-0.017033877398883127
596,2021-09-28 12:38:00,0.046236625,0.003776692235219024,0.027034965388197253,0.015424967376583727
597,2021-09-28 13:08:00,0.039318488,0.003734602223362206,0.03014664863491182,0.005437237141725974
598,2021-09-28 13:38:00,-0.009278504,0.003693017112254352,-0.007548253622880555,-0.005423267489373797
599,2021-09-28 14:08:00,-0.004706987,0.0036519879915917902,0.0026342229184620988,-0.01099319791005389
600,2021-09-28 14:38:00,0.003461809,0.0036115847912888146,-0.009678362879891772,0.009528587088602956
601,2021-09-28 15:08:00,0.046996578,0.0035719048744472406,0.043307751578877354,0.0001169215466754023
602,2021-09-28 15:38:00,-0.020444303,0.0035330476849217422,-0.015217191970192397,-0.008760158714729346
603,2021-09-28 16:08:00,0.012064739,0.003495126254839638,0.018201753532381227,-0.009632140787220866
604,2021-09-28 16:38:00,0.040105073,0.003458292156374496,0.02393904192210725,0.012707738921518252
605,2021-09-28 17:08:00,0.009787082,0.003422739784456861,-0.005709268452495758,0.012073610668038897
606,2021-09-28 17:38:00,0.04162216,0.0033886699740913948,0.039303385753813466,-0.0010698957279048626
607,2021-09-28 18:08:00,-0.017646225,0.0033562874240674577,-0.02236071537880488,0.0013582029547374204
608,2021-09-28 18:38:00,-0.063269634,0.003325833565292303,-0.06560191319817532,-0.0009935543671169868
609,2021-09-28 19:08:00,-0.057224186,0.0032976054690738187,-0.03419837129344071,-0.026323420175633116
610,2021-09-28 19:38:00,-0.021520642,0.003272001457361489,-0.019634875366049003,-0.005157768091312485
611,2021-09-28 20:08:00,0.037070904,0.0032496216621093208,0.006863860273487787,0.026957422064402894
612,2021-09-28 20:38:00,0.0392023,0.0032312821667599815,-0.003491063155458586,0.039462080988698606
613,2021-09-28 21:08:00,-0.003693531,0.003217961298328017,-0.006093927529356695,-0.0008175647689713222
614,2021-09-28 21:38:00,0.007718537,0.0032107850572983304,-0.005768013694080727,0.010275765636782397
615,2021-09-28 22:08:00,-0.024101188,0.0032110447756336096,-0.010879079082656198,-0.01643315369297741
616,2021-09-28 22:38:00,0.039319979,0.0032199041044553844,0.01786254244984385,0.018237532445700765
617,2021-09-28 23:08:00,-0.04376479,0.0032376343213078654,-0.03922888311151521,-0.00777354120979265
618,2021-09-28 23:38:00,-0.016783692,0.003275064568294221,-0.017574183176424417,-0.0024845733918698034
619,2021-09-29 00:08:00,0.011593221,0.0033084837759112624,0.012252975781283097,-0.003968238557194358
620,2021-09-29 00:38:00,-0.016275088,0.003335653984117513,0.003949154200375631,-0.023559896184493143
621,2021-09-29 01:08:00,0.040669657,0.003355313406141664,0.03130537702667347,0.006008966567184863
622,2021-09-29 01:38:00,-0.042079242,0.0033669997005403964,0.018146419604296766,-0.06359266130483716
623,2021-09-29 02:08:00,-0.051548231,0.00337067748263546,0.01901481689114149,-0.07393372537377695
624,2021-09-29 02:38:00,0.010088531,0.003366851412080425,0.001100129782703262,0.005621549805216313
625,2021-09-29 03:08:00,0.049143129,0.0033558113382114803,-0.018746771647550748,0.06453408930933927
626,2021-09-29 03:38:00,-0.019802723,0.00333823495277146,0.0036277361562718235,-0.026768694109043287
627,2021-09-29 04:08:00,0.024127085,0.0033151876973109254,0.0010648725060276893,0.019747024796661385
628,2021-09-29 04:38:00,-0.001830707,0.0032877128149552937,0.010415383125900868,-0.015533802940856161
629,2021-09-29 05:08:00,0.004131273,0.0032566218227677007,-0.008168071508993596,0.009042722686225897
630,2021-09-29 05:38:00,-0.007187629,0.003223091469372642,-0.0011893536464678137,-0.009221366822904828
631,2021-09-29 06:08:00,-0.012993946,0.003188403634356613,-0.0009108862688280304,-0.015271463365528582
632,2021-09-29 06:38:00,0.027363848,0.0031538364438339654,-0.002071488369463992,0.026281499925630027
633,2021-09-29 07:08:00,0.000772183,0.0031195457279634456,-0.024779198710710403,0.022431835982746957
634,2021-09-29 07:38:00,0.000784664,0.0030850679145734278,-0.015858128666865062,0.013557724752291635
635,2021-09-29 08:08:00,0.011738288,0.0030495492956956567,0.02933688567105226,-0.020648146966747917
636,2021-09-29 08:38:00,-0.023745639,0.00301261270581551,-0.0062979858130143415,-0.020460265892801165
637,2021-09-29 09:08:00,0.009744166,0.0029746936478055193,-0.009748475370904595,0.01651794772309908
638,2021-09-29 09:38:00,0.037629834,0.002935891107724861,0.03020341441233446,0.00449052847994068
639,2021-09-29 10:08:00,-0.007861764,0.002895933063344351,-0.009319005058625308,-0.0014386920047190434
640,2021-09-29 10:38:00,-0.033066049,0.002854485107149552,-0.013722792453095297,-0.02219774165405426
641,2021-09-29 11:08:00,0.038319847,0.002811357092110431,0.012588927811128994,0.022919562096760573
642,2021-09-29 11:38:00,0.0633988,0.00276680993883308,0.02055180490655008,0.040080185154616844
643,2021-09-29 12:08:00,0.01928582,0.0027211575170797055,-0.008175857409415172,0.024740519892335465
644,2021-09-29 12:38:00,-0.029707252,0.002674869693771352,0.01046591626016657,-0.04284803795393792
645,2021-09-29 13:08:00,0.011654585,0.0026278240401332448,0.02089130087010414,-0.011864539910237384
646,2021-09-29 13:38:00,0.010229187,0.002579152881126417,-0.01290974289704801,0.020559777015921595
647,2021-09-29 14:08:00,0.012043428,0.002527679332589076,0.009428553030455394,8.719563695552953e-05
648,2021-09-29 14:38:00,-0.01705862,0.002472883619625825,-0.007337261433823822,-0.012194242185802003
649,2021-09-29 15:08:00,0.011934393,0.0024141998235166847,0.013561698397931275,-0.00404150522144796
650,2021-09-29 15:38:00,0.002506188,0.0023506455997694626,-0.0038679450223015905,0.004023487422532127
651,2021-09-29 16:08:00,0.046925813,0.0022811997238829165,0.016170083230529174,0.028474530045587906
652,2021-09-29 16:38:00,-0.003826061,0.0022052866694092094,0.011365918656225557,-0.017397266325634767
653,2021-09-29 17:08:00,-0.014631804,0.002122851147552224,-0.006189722662361658,-0.010564932485190566
654,2021-09-29 17:38:00,0.038172197,0.002033830819623491,0.01798137747502644,0.018156988705350065
655,2021-09-29 18:08:00,0.001104076,0.0019377846028137493,-0.01569262440101734,0.014858915798203589
656,2021-09-29 18:38:00,-0.01763753,0.0018338457742534194,-0.032978087864005884,0.013506712089752466
657,2021-09-29 19:08:00,0.026159682,0.0017199348236274722,-0.026806033378739016,0.051245780555111545
658,2021-09-29 19:38:00,-0.005905896,0.0015928041833556674,0.009066415224030882,-0.01656511540738655
659,2021-09-29 20:08:00,-0.056934689,0.0014490751386817338,-0.02258210372693358,-0.035801660411748155
660,2021-09-29 20:38:00,-0.010646764,0.0012860519925514571,0.013595983450383905,-0.025528799442935363
661,2021-09-29 21:08:00,-0.001886261,0.0011020888443809016,0.000613636648224332,-0.0036019864926052332
662,2021-09-29 21:38:00,-0.041767076,0.0008970534406155025,-0.010872802875193177,-0.03179132656542233
663,2021-09-29 22:08:00,0.010643076,0.0006712298616588547,0.011454260368946435,-0.0014824142306052901
664,2021-09-29 22:38:00,-0.024827595,0.0004250936349317074,-0.00620677284804328,-0.019045915786888426
665,2021-09-29 23:08:00,-0.005937027,0.0001595891381936339,-0.04482389560689263,0.038727279468699
666,2021-09-29 23:38:00,-0.01281224,-0.00012320580414445728,-0.01808068326463259,0.005391649068777047
667,2021-09-30 00:08:00,-0.011679648,-0.00042048931687351226,-0.004474954322635083,-0.006784204360491405
668,2021-09-30 00:38:00,0.031362217,-0.0007297251883724548,0.013197170432008081,0.018894771756364368
669,2021-09-30 01:08:00,0.006442652,-0.0010488244556862217,0.01597019859110206,-0.00847872213541584
670,2021-09-30 01:38:00,0.046321335,-0.0013764786662486116,0.03476383731594955,0.01293397635029906
671,2021-09-30 02:08:00,0.076183098,-0.0017120865190058314,0.041266486974383,0.036628697544622835
672,2021-09-30 02:38:00,-0.02744359,-0.0020548693800755435,-0.02685446896066626,0.0014657483407418044
673,2021-09-30 03:08:00,-0.0171983,-0.002402852089972918,-0.011209555879698485,-0.0035858920303285962
674,2021-09-30 03:38:00,0.01639329,-0.0027539186426864593,-0.004801110186882704,0.023948318829569167
675,2021-09-30 04:08:00,-0.031644383,-0.003106026579190791,-0.010910824827399539,-0.01762753159340967
676,2021-09-30 04:38:00,0.030160369,-0.0034579347926511667,0.002431712635871123,0.031186591156780043
677,2021-09-30 05:08:00,-0.009540115,-0.0038089897217361795,0.01050796047361908,-0.0162390857518829
678,2021-09-30 05:38:00,0.015882419,-0.004159138204857694,0.014469555811320181,0.005572001393537511
679,2021-09-30 06:08:00,-0.010312229,-0.004508905982765394,0.014257593657650594,-0.020060916674885198
680,2021-09-30 06:38:00,-0.004794868,-0.004859027404529691,0.0048601655017808994,-0.004796006097251207
681,2021-09-30 07:08:00,0.013247194,-0.0052093975802740165,-0.02901559827549459,0.04747218985576861
682,2021-09-30 07:38:00,-0.034350577,-0.005559441855639441,-0.012955858419311284,-0.015835276725049273
683,2021-09-30 08:08:00,0.031553608,-0.005908794373288588,0.040502274854128356,-0.0030398724808397715
684,2021-09-30 08:38:00,-0.026896346,-0.006257057081649617,-0.003069408819894459,-0.017569880098455923
685,2021-09-30 09:08:00,-0.03685071,-0.006603517328600162,-0.028701521403770917,-0.0015456712676289227
686,2021-09-30 09:38:00,0.051143655,-0.006947382425191156,0.030285324847895687,0.02780571257729547
687,2021-09-30 10:08:00,0.004547705,-0.0072871149576027115,-0.012064787320219629,0.023899607277822338
688,2021-09-30 10:38:00,-0.004912983,-0.007621760890103436,-0.016622156045055087,0.019330933935158525
689,2021-09-30 11:08:00,-0.016574404,-0.0079517042208341,0.012037276530962985,-0.020659976310128884
690,2021-09-30 11:38:00,-0.008627828,-0.00827813139708746,0.031701821934755396,-0.03205151853766793
691,2021-09-30 12:08:00,-0.032283798,-0.00860242968337668,-0.01084182167087182,-0.012839546645751505
692,2021-09-30 12:38:00,0.020817932,-0.008927025661294616,-0.005652495483228503,0.03539745314452312
693,2021-09-30 13:08:00,-0.003993892,-0.009254450194031635,0.009879716410932299,-0.004619158216900662
694,2021-09-30 13:38:00,-0.036096403,-0.009586414396432845,-0.01612619669177975,-0.010383791911787404
695,2021-09-30 14:08:00,0.015761323,-0.009922974174811196,0.013416798965583234,0.012267498209227963
696,2021-09-30 14:38:00,-0.003522395,-0.010264102702488275,-0.003762774564897583,0.010504482267385857
697,2021-09-30 15:08:00,-0.004724061,-0.010609124154435753,-0.014992160523104491,0.020877223677540246
698,2021-09-30 15:38:00,-0.001904033,-0.01095782142466481,0.005579202502812834,0.0034745859218519755
699,2021-09-30 16:08:00,-0.01188918,-0.011308958109775264,0.015614187665326506,-0.016194409555551237
700,2021-09-30 16:38:00,-0.010600338,-0.011662561562676086,-0.0009835775229260066,0.002045801085602093
701,2021-09-30 17:08:00,-0.028456416,-0.012019450247012751,-0.004224739810401864,-0.012212225942585385
702,2021-09-30 17:38:00,-0.053328363,-0.012379253217128046,-0.002104738512551645,-0.03884437127032031
703,2021-09-30 18:08:00,-0.046389062,-0.01274147961878282,-0.007545325911852093,-0.02610225646936509
704,2021-09-30 18:38:00,-0.080601299,-0.013104805034913918,-0.0005487678522887783,-0.06694772611279731
705,2021-09-30 19:08:00,-0.0353294,-0.013466780942435549,-0.01986159543129326,-0.002001023626271187
706,2021-09-30 19:38:00,0.050854136,-0.013823624520254048,0.03405846999622583,0.030619290524028217
707,2021-09-30 20:08:00,0.072134429,-0.014171523171382025,-0.05089351853966129,0.13719947071104333
708,2021-09-30 20:38:00,-0.036317805,-0.014506226450567643,0.033385231283636164,-0.05519680983306852
709,2021-09-30 21:08:00,-0.014310985,-0.014824014617894897,0.005593157805868781,-0.0050801281879738844
710,2021-09-30 21:38:00,-0.007840028,-0.015120949791279337,-0.018870568032181387,0.026151489823460723
711,2021-09-30 22:08:00,0.043984899,-0.015393649999294295,0.029740046013077608,0.02963850298621669
712,2021-09-30 22:38:00,-0.254067745,-0.015639630204764807,-0.028982273640124175,-0.20944584115511103
713,2021-09-30 23:08:00,-0.085748337,-0.015856142216266,-0.04735076357028542,-0.022541431213448575
714,2021-09-30 23:38:00,0.122482248,-0.016041390487425068,-0.018251851109868673,0.15677548959729373
715,2021-10-01 00:08:00,0.095192175,-0.01619363699000542,-0.021069437879281786,0.1324552498692872
716,2021-10-01 00:38:00,0.111698487,-0.016312487640153882,0.020630624933277664,0.10738034970687621
717,2021-10-01 01:08:00,0.021749717,-0.01639992486181386,-0.002077275852761382,0.04022691771457524
718,2021-10-01 01:38:00,0.1206207,-0.016458591559518797,0.05292436481985668,0.08415492673966211
719,2021-10-01 02:08:00,0.046196976,-0.016491118055664642,0.06368024715135949,-0.000992153095694847
720,2021-10-01 02:38:00,-0.079086399,-0.01650083041598047,-0.053041684145871314,-0.009543884438148218
721,2021-10-01 03:08:00,-0.045414474,-0.01649133943937907,-0.006867250271757215,-0.022055884288863722
722,2021-10-01 03:38:00,-0.033207236,-0.016464836539593082,-0.011607769202654277,-0.00513463025775264
723,2021-10-01 04:08:00,0.184385755,-0.016423398034632487,-0.02438000960132695,0.22518916263595945
724,2021-10-01 04:38:00,-0.091745649,-0.016368193024173402,-0.0001721021498217873,-0.07520535382600481
725,2021-10-01 05:08:00,0.110571974,-0.01629914951488512,0.028498510133146963,0.09837261338173817
726,2021-10-01 05:38:00,0.126026903,-0.016215698806264882,0.030374536732550805,0.11186806507371408
727,2021-10-01 06:08:00,0.018225384,-0.01611825860763337,0.03060480673072456,0.0037388358769088123
728,2021-10-01 06:38:00,-0.001590771,-0.01600779355715203,0.005322074146042736,0.009094948411109293
729,2021-10-01 07:08:00,-0.051917811,-0.01588473932550528,-0.039018644959197046,0.002985573284702326
730,2021-10-01 07:38:00,-0.042431174,-0.015749119112965684,-0.010828537115572991,-0.015853517771461323
731,2021-10-01 08:08:00,0.082206007,-0.01560055116390542,0.04695147289083301,0.050855085273072406
732,2021-10-01 08:38:00,-0.004863649,-0.01543989790176938,0.008001290040475216,0.002574958861294165
733,2021-10-01 09:08:00,-0.131709789,-0.015269432204712365,-0.045574432251325785,-0.07086592454396184
734,2021-10-01 09:38:00,-0.029172905,-0.015090110202885636,0.030071558836754553,-0.044154353633868916
735,2021-10-01 10:08:00,-0.045349198,-0.014901629300482614,-0.012764958666395198,-0.01768261003312219
736,2021-10-01 10:38:00,-0.070751272,-0.014702840542839385,-0.007235840750369727,-0.048812590706790886
737,2021-10-01 11:08:00,-0.133656057,-0.014493386291538955,0.011196254236514356,-0.1303589249449754
738,2021-10-01 11:38:00,-0.108887279,-0.014273521448807374,0.03874796798076493,-0.13336172553195758
739,2021-10-01 12:08:00,0.013306172,-0.014044853053907633,-0.017451221093984438,0.04480224614789207
740,2021-10-01 12:38:00,-0.056564369,-0.013808627138944622,-0.015218310344511666,-0.02753743151654371
741,2021-10-01 13:08:00,0.055949353,-0.013566169104126852,-0.0019349019645996622,0.07145042406872651
742,2021-10-01 13:38:00,-0.103898813,-0.013318826397847275,-0.019585423240890604,-0.07099456336126213
743,2021-10-01 14:08:00,0.036719888,-0.013068534323330338,0.014993245285583226,0.03479517703774711
744,2021-10-01 14:38:00,-0.058435734,-0.012816501548029385,0.002389544947112665,-0.04800877739908328
745,2021-10-01 15:08:00,-0.089691817,-0.012562900084472719,-0.03952303108145666,-0.03760588583407061
746,2021-10-01 15:38:00,0.022188057,-0.012306066945467996,0.012663425382080788,0.021830698563387207
747,2021-10-01 16:08:00,-0.093331414,-0.012043974632594143,0.013055300806098407,-0.09434274017350426
748,2021-10-01 16:38:00,-0.026838619,-0.011773658517990362,-0.011143185008614089,-0.003921775473395551
749,2021-10-01 17:08:00,0.141807055,-0.011493048012047213,0.00022578855836580448,0.1530743144536814
750,2021-10-01 17:38:00,-0.015457748,-0.011200937915865548,-0.02291388737837779,0.018657077294243336
751,2021-10-01 18:08:00,-0.022584688,-0.010896709630075031,-0.00013660363893284582,-0.01155137473099212
752,2021-10-01 18:38:00,0.06295518,-0.01058130094162185,0.02923981521469016,0.044296665726931694
753,2021-10-01 19:08:00,0.133009971,-0.01025551633274526,-0.016008711241914723,0.15927419857466
754,2021-10-01 19:38:00,0.07088939,-0.00992031155869549,0.05747235958280335,0.02333734197589214
755,2021-10-01 20:08:00,-0.090371027,-0.009576183971598713,-0.07954755121460327,-0.0012472918137980196
756,2021-10-01 20:38:00,0.049864573,-0.00922500606367133,0.06138081332860113,-0.0022912342649298
757,2021-10-01 21:08:00,0.043327881,-0.008869723036499716,0.009332132466673002,0.042865471569826716
758,2021-10-01 21:38:00,0.173308752,-0.008512032650291339,-0.025973269597451384,0.20779405424774275
759,2021-10-01 22:08:00,0.069276393,-0.008153407784395023,0.04375632480166963,0.033673475982725395
760,2021-10-01 22:38:00,-0.074000086,-0.007794501256895661,-0.053301638776932,-0.012903945966172344
761,2021-10-01 23:08:00,-0.104200236,-0.0074368380845669995,-0.0504738286300746,-0.0462895692853584
762,2021-10-01 23:38:00,-0.0328215,-0.007082100926851951,-0.019040714512516495,-0.0066986845606315576
763,2021-10-02 00:08:00,-0.035957782,-0.006732300975918904,-0.026910206796782826,-0.0023152742272982705
764,2021-10-02 00:38:00,-0.107576559,-0.006389962838405048,0.023248799355497795,-0.12443539551709275
765,2021-10-02 01:08:00,-0.047366481,-0.006056215827626433,-0.01722511620176224,-0.024085148970611328
766,2021-10-02 01:38:00,0.06588839,-0.005731329909895096,0.050754482848723304,0.0208652370611718
767,2021-10-02 02:08:00,0.219705237,-0.005415921659265657,0.05700566995957234,0.1681154886996933
768,2021-10-02 02:38:00,0.214071703,-0.005110997672738346,-0.04148823530085097,0.26067093597358937
769,2021-10-02 03:08:00,0.011708854,-0.004818704894467053,-0.007630775088550809,0.024158333983017862
770,2021-10-02 03:38:00,-0.023839881,-0.004541415286659513,-0.020496020749572515,0.0011975550362320281
771,2021-10-02 04:08:00,-0.044842067,-0.004280294833902745,-0.026865473806688824,-0.01369629835940843
772,2021-10-02 04:38:00,0.131111403,-0.004036639790826485,0.002182040438960039,0.13296600235186645
773,2021-10-02 05:08:00,0.029973937,-0.0038117714565914563,0.04933711418710455,-0.015551405730513094
774,2021-10-02 05:38:00,0.044865294,-0.0036072817800381594,0.038353930004132425,0.010118645775905735
775,2021-10-02 06:08:00,0.07560851,-0.0034241104486440804,0.04688348913188061,0.032149131316763474
776,2021-10-02 06:38:00,0.198899715,-0.0032618240845398005,-0.0022405497888491263,0.20440208887338893
777,2021-10-02 07:08:00,-0.136702285,-0.0031186779159047776,-0.05679631132220718,-0.07678729576188804
778,2021-10-02 07:38:00,0.041903863,-0.0029926644633413483,-0.011943755999930512,0.056840283463271864
779,2021-10-02 08:08:00,0.177593191,-0.002880622474341476,0.03075640436419135,0.14971740911015013
780,2021-10-02 08:38:00,0.210442893,-0.002778761678279018,0.016930656329852797,0.1962909983484262
781,2021-10-02 09:08:00,-0.072381938,-0.0026840076078323014,-0.03970061517881168,-0.029997315213356024
782,2021-10-02 09:38:00,0.052877471,-0.0025943494525224025,0.016121186890998892,0.03935063356152352
783,2021-10-02 10:08:00,-0.085435375,-0.0025082997361792164,-0.001727531378677012,-0.08119954388514376
784,2021-10-02 10:38:00,-0.226043555,-0.00242511450477907,0.008520626082225868,-0.23213906657744682
785,2021-10-02 11:08:00,0.129833483,-0.0023437462282659394,0.008062661916755568,0.12411456731151037
786,2021-10-02 11:38:00,0.064007828,-0.0022627411472672704,0.04061212631871782,0.02565844282854945
787,2021-10-02 12:08:00,-0.071425171,-0.0021791757015645727,-0.020436593259946727,-0.04880940203848869
788,2021-10-02 12:38:00,0.125872671,-0.0020902683707295683,-0.017119416768264617,0.14508235613899417
789,2021-10-02 13:08:00,-0.03017715,-0.001992314964284967,-0.012941328582409919,-0.015243506453305113
790,2021-10-02 13:38:00,0.040922638,-0.0018820343393872174,-0.018386682008868477,0.06119135434825569
791,2021-10-02 14:08:00,-0.012122769,-0.0017557318479073287,0.0027860342077760487,-0.013153071359868719
792,2021-10-02 14:38:00,0.057842477,-0.0016113445124559397,0.004688941543200435,0.05476487996925551
793,2021-10-02 15:08:00,-0.086717782,-0.0014492166564586118,-0.04159824626738132,-0.043670319076160063
794,2021-10-02 15:38:00,0.010201675,-0.0012703111981666876,0.00383215765109337,0.0076398285470733185
795,2021-10-02 16:08:00,0.030014152,-0.0010761239965517396,0.007943458198289307,0.023146817798262432
796,2021-10-02 16:38:00,-0.023144378,-0.0008686498478252113,-0.01428217175282195,-0.007993556399352838
797,2021-10-02 17:08:00,0.098147897,-0.0006497825944043182,0.0033096143011587973,0.09548806529324552
798,2021-10-02 17:38:00,-0.066280234,-0.00042143120570764975,-0.024615393858527165,-0.041243408935765176
799,2021-10-02 18:08:00,0.047043808,-0.000186141054752444,0.010461954246276052,0.036767994808476395
800,2021-10-02 18:38:00,0.054405081,5.4282599778935806e-05,0.05223308565053282,0.0021177127496882445
801,2021-10-02 19:08:00,-0.040779396,0.00029775044416851805,-0.008547939112715638,-0.03252920733145288
802,2021-10-02 19:38:00,0.072403734,0.0005426665556851818,0.04512191399016979,0.026739153454145022
803,2021-10-02 20:08:00,-0.116015918,0.0007874008032449432,-0.07009669170069675,-0.046706627102548186
804,2021-10-02 20:38:00,0.12505864,0.001030677035517781,0.08904199497343096,0.034985967991051255
805,2021-10-02 21:08:00,-0.008533762,0.001273065041129582,0.005072751333735211,-0.014879578374864793
806,2021-10-02 21:38:00,0.098247588,0.0015156158273132176,-0.03312874870714629,0.12986072087983308
807,2021-10-02 22:08:00,0.033186405,0.0017610799657710994,0.03045081312622251,0.0009745119080063944
808,2021-10-02 22:38:00,-0.065872096,0.0020121722761913736,-0.0479232010981128,-0.01996106717807858
809,2021-10-02 23:08:00,-0.024881944,0.0022702772850390403,-0.04129505499102117,0.014142833705982133
810,2021-10-02 23:38:00,-0.01739881,0.002536004486968867,-0.017955482324564637,-0.00197933216240423
811,2021-10-03 00:08:00,-0.056064483,0.0028091842810829414,-0.016185342693457592,-0.04268832458762535
812,2021-10-03 00:38:00,0.010596152,0.003089465269709278,0.015174152339356428,-0.007667465609065707
813,2021-10-03 01:08:00,-0.061921046,0.0033762760310153484,-0.024198203604809492,-0.04109911842620586
814,2021-10-03 01:38:00,0.007189548,0.0036697155416029487,0.03504575172621822,-0.03152591926782117
815,2021-10-03 02:08:00,0.074593371,0.003970174363445875,0.038658175255752825,0.0319650213808013
816,2021-10-03 02:38:00,0.072890069,0.004278009028954102,-0.03810160116406163,0.10671366113510754
817,2021-10-03 03:08:00,-0.00639668,0.004594015153195216,-0.006683744431279482,-0.004306950721915734
818,2021-10-03 03:38:00,-0.042970271,0.004918210011827781,-0.01807293337847996,-0.02981554763334782
819,2021-10-03 04:08:00,-0.01420021,0.005249211234827045,-0.01398655547908233,-0.005462865755744714
820,2021-10-03 04:38:00,0.021812658,0.005584788151928565,0.007961461783479638,0.008266408064591797
821,2021-10-03 05:08:00,0.103477497,0.005922202573237077,0.05986734826344199,0.03768794616332093
822,2021-10-03 05:38:00,0.048624103,0.006258775042929972,0.033619361438575725,0.008745966518494304
823,2021-10-03 06:08:00,0.043871447,0.00659268410082559,0.06001106932692017,-0.02273230642774576
824,2021-10-03 06:38:00,-0.00588882,0.006921866307498912,-0.010930905322124509,-0.0018797809853744038
825,2021-10-03 07:08:00,-0.069303403,0.007243531330116993,-0.062259507089542296,-0.014287427240574697
826,2021-10-03 07:38:00,-0.019244834,0.007555698593034402,-0.015625200741256274,-0.011175331851778127
827,2021-10-03 08:08:00,0.01185464,0.007857321967912497,0.003844696616207157,0.00015262141588034614
828,2021-10-03 08:38:00,0.059053842,0.008147667508002804,0.016294884152178342,0.034611290339818856
829,2021-10-03 09:08:00,0.026100205,0.008426662550939056,-0.015531903199375384,0.03320544564843633
830,2021-10-03 09:38:00,0.011621989,0.008694979281186625,-0.0022591972404806373,0.005186206959294011
831,2021-10-03 10:08:00,0.076452227,0.008952265582125234,0.008389065532788603,0.059110895885086154
832,2021-10-03 10:38:00,0.082714016,0.009197286560671387,0.020994019456330733,0.05252270998299788
833,2021-10-03 11:08:00,0.036823773,0.009428431979475226,0.020131538439759372,0.007263802580765399
834,2021-10-03 11:38:00,0.056978633,0.00964442096063694,0.033479797597170256,0.013854414442192804
835,2021-10-03 12:08:00,-0.021062348,0.009843096554358007,-0.018495447974117674,-0.012409996580240334
836,2021-10-03 12:38:00,-0.006327661,0.01002154516691375,-0.01934785278987573,0.0029986466229619795
837,2021-10-03 13:08:00,-0.050291167,0.010176392579315553,-0.022235306926160162,-0.038232252653155385
838,2021-10-03 13:38:00,-0.027490368,0.010305126593786029,-0.0007202181483552318,-0.037075276445430794
839,2021-10-03 14:08:00,-0.020706323,0.010406278508554015,-0.013678417139002006,-0.017434184369552005
840,2021-10-03 14:38:00,0.015861005,0.010480083531058736,0.009536665006675427,-0.004155743537734163
841,2021-10-03 15:08:00,0.030311225,0.010526583705958346,-0.033487511625547035,0.05327215291958869
842,2021-10-03 15:38:00,-0.014816472,0.01054632133280297,-0.015012660796088128,-0.010350132536714842
843,2021-10-03 16:08:00,0.026134231,0.01054059546432749,0.0031070930908386886,0.012486542444833822
844,2021-10-03 16:38:00,-0.001479364,0.010510413280394194,-0.011933722420801039,-5.605485959315516e-05
845,2021-10-03 17:08:00,0.003458119,0.010456705007180808,0.010861375352474608,-0.017859961359655417
846,2021-10-03 17:38:00,-0.000440699,0.010379935434263916,-0.01798699894516182,0.007166364510897905
847,2021-10-03 18:08:00,0.014899156,0.010280853627159567,0.015044696458281314,-0.01042639408544088
848,2021-10-03 18:38:00,0.085518317,0.010160323778225967,0.04146414142199355,0.03389385179978048
849,2021-10-03 19:08:00,0.076057453,0.010018616963740156,0.0011101148914318317,0.06492872114482802
850,2021-10-03 19:38:00,0.013091949,0.009856387079349993,0.019231847719370136,-0.01599628579872013
851,2021-10-03 20:08:00,-0.002746804,0.009674533041476306,-0.05266891689930922,0.040247579857832914
852,2021-10-03 20:38:00,-0.045409587,0.009474684264125824,0.10409376057115122,-0.15897803183527703
853,2021-10-03 21:08:00,0.003262591,0.009258032099971938,-0.01941629357971409,0.013420852479742151
854,2021-10-03 21:38:00,-0.055110303,0.00902544553866616,-0.06567823138917471,0.0015424828505085503
855,2021-10-03 22:08:00,-0.038746058,0.0087784344703412,0.01437437665544836,-0.061898869125789555
856,2021-10-03 22:38:00,0.001534438,0.008518813888028347,-0.03636728534626329,0.029382909458234942
857,2021-10-03 23:08:00,0.015499493,0.008248923605192377,-0.0284350052069945,0.03568557460180212
858,2021-10-03 23:38:00,0.007067695,0.00797096890707337,-0.017856521635475662,0.01695324772840229
859,2021-10-04 00:08:00,0.043111908,0.007686660301827866,0.004056098676557486,0.031369149021614647
860,2021-10-04 00:38:00,0.028822793,0.007397048298422505,0.007000092924612994,0.0144256517769645
861,2021-10-04 01:08:00,0.017217267,0.00710155330274652,-0.018207660702257513,0.028323374399510992
862,2021-10-04 01:38:00,0.010215306,0.006798671255415647,0.027211323121204754,-0.0237946883766204
863,2021-10-04 02:08:00,-0.032620919,0.006488159020260766,0.022539545717851397,-0.06164862373811216
864,2021-10-04 02:38:00,-0.029973222,0.0061712673837819795,-0.023701444597374333,-0.012443044786407648
865,2021-10-04 03:08:00,-0.001300465,0.00584942636363743,-0.017172044275556936,0.010022152911919505
866,2021-10-04 03:38:00,-0.003506939,0.0055234936259821186,0.0039586844790811876,-0.012989117105063307
867,2021-10-04 04:08:00,0.028887695,0.005193908814928089,0.012593649255517649,0.011100136929554262
868,2021-10-04 04:38:00,0.036097074,0.00486065578530841,0.041591175216981593,-0.010354757002290004
869,2021-10-04 05:08:00,-0.000963065,0.004523679382574177,0.07240545107478358,-0.07789219545735776
870,2021-10-04 05:38:00,0.006657935,0.004183059578305148,0.018514927789468432,-0.01604005236777358
871,2021-10-04 06:08:00,-0.038258361,0.00383864818811278,0.07158783859398846,-0.11368484778210122
872,2021-10-04 06:38:00,-0.018247008,0.0034906226919538155,-0.013974610780046264,-0.007763019911907551
873,2021-10-04 07:08:00,-0.022379654,0.0031387271762507857,-0.0752639952844598,0.04974561410820902
874,2021-10-04 07:38:00,-0.020437497,0.0027821236480512807,-0.03554827537020153,0.012328654722150254
875,2021-10-04 08:08:00,-0.047663715,0.002419216149615023,-0.03563333921486669,-0.014449591934748339
876,2021-10-04 08:38:00,-0.007966545,0.0020484633966771854,0.006512155652846526,-0.016527164049523712
877,2021-10-04 09:08:00,0.014743943,0.0016687339227159147,0.022407957229530928,-0.009332748152246842
878,2021-10-04 09:38:00,-0.030538095,0.0012791054567949983,-0.035602708943498956,0.0037855084867039566
879,2021-10-04 10:08:00,0.011192643,0.0008798091549372811,0.019828648668970644,-0.009515814823907924
880,2021-10-04 10:38:00,0.018552343,0.00047165907871660515,0.03477612280017214,-0.01669543887888875
881,2021-10-04 11:08:00,-0.021833201,5.610788360528898e-05,0.0013327839936875148,-0.023222092877292804
882,2021-10-04 11:38:00,-0.016383112,-0.000364543717068782,-0.010176262703855733,-0.005842305579075484
883,2021-10-04 12:08:00,0.011888915,-0.0007877517466182069,0.004565435386022129,0.008111231360596077
884,2021-10-04 12:38:00,0.001011868,-0.0012113494982012192,-0.023124653541633077,0.025347871039834297
885,2021-10-04 13:08:00,0.000818395,-0.0016337622271227982,0.013567591803372032,-0.011115434576249235
886,2021-10-04 13:38:00,0.023143292,-0.002054170869197633,0.013324277218581152,0.01187318565061648
887,2021-10-04 14:08:00,-0.009125633,-0.0024724132183766554,-0.027968854894539385,0.021315635112916044
888,2021-10-04 14:38:00,-0.006683832,-0.0028891960501926384,0.004971528843172341,-0.008766164792979703
889,2021-10-04 15:08:00,-0.026774753,-0.0033046991991573156,-0.013528482259020395,-0.009941571541822288
890,2021-10-04 15:38:00,-0.029491967,-0.003718968315597835,-0.029284384264185226,0.0035113855797830602
891,2021-10-04 16:08:00,-0.036186435,-0.004132080070910452,-0.013227237504110877,-0.018827117424978675
892,2021-10-04 16:38:00,-0.015875962,-0.004544260781207791,-0.01271316996432176,0.0013814687455295498
893,2021-10-04 17:08:00,0.000594191,-0.004955834176218815,0.018593289699060152,-0.013043264522841337
894,2021-10-04 17:38:00,-0.00752384,-0.005367866250500962,-0.005218304646177805,0.0030623308966787662
895,2021-10-04 18:08:00,0.030021977,-0.005781404419987591,-0.0024655664220740296,0.03826894784206162
896,2021-10-04 18:38:00,0.013052284,-0.006195715434987526,0.006125223349573258,0.013122776085414269
897,2021-10-04 19:08:00,0.00390523,-0.006608614534916258,0.00435345367821368,0.006160390856702578
898,2021-10-04 19:38:00,-0.048859047,-0.007018653781989411,0.009100716540955957,-0.05094110975896655
899,2021-10-04 20:08:00,-0.030034454,-0.007425583724725589,-0.04732945819586691,0.0247205879205925
900,2021-10-04 20:38:00,0.092743704,-0.007829544417291962,0.08421712819521225,0.016356120222079707
901,2021-10-04 21:08:00,0.084341277,-0.008229515644181305,-0.03378988022492679,0.1263606728691081
902,2021-10-04 21:38:00,-0.038550926,-0.008623616693306725,-0.021611339979735886,-0.008315969326957388
903,2021-10-04 22:08:00,0.014001222,-0.009010467300186651,0.011691366661457316,0.011320322638729336
904,2021-10-04 22:38:00,0.117498369,-0.009389231640805039,-0.022063314485546798,0.14895091512635186
905,2021-10-04 23:08:00,-0.061396641,-0.009759909099816099,-0.022797121260910606,-0.028839610639273303
906,2021-10-04 23:38:00,-0.034886705,-0.010122018721175984,-0.017845536722189054,-0.00691914955663496
907,2021-10-05 00:08:00,0.037790982,-0.01047502163627926,0.0090131935736432,0.03925281006263606
908,2021-10-05 00:38:00,-0.003265803,-0.010819283801009855,-0.016506513258101783,0.02405999405911164
909,2021-10-05 01:08:00,0.092346743,-0.011155508304327919,-0.01871343189850997,0.12221568320283789
910,2021-10-05 01:38:00,0.031789825,-0.011485172176731331,0.03591521211242845,0.007359785064302881
911,2021-10-05 02:08:00,0.002505954,-0.011810057166458629,-0.0019038295358778062,0.016219840702336435
912,2021-10-05 02:38:00,-0.028909637,-0.012131907511348865,-0.0011891016058800249,-0.015588627882771109
913,2021-10-05 03:08:00,-0.056342146,-0.012450480569806499,0.023610937491519712,-0.06750260292171323
914,2021-10-05 03:38:00,0.022546125,-0.012764735729832697,0.0450265918865181,-0.009715731156685403
915,2021-10-05 04:08:00,0.013141986,-0.013073748783768102,0.03390792897849554,-0.007692194194727435
916,2021-10-05 04:38:00,0.11168985,-0.013377139204709402,0.05015272069809289,0.0749142685066165
917,2021-10-05 05:08:00,0.073019507,-0.013675107805049467,0.0828440307412398,0.0038505840638096596
918,2021-10-05 05:38:00,-0.003606422,-0.013967340186534366,-0.008101636511587882,0.018462554698122247
919,2021-10-05 06:08:00,0.078148619,-0.01425162547441126,0.08988466330679057,0.0025155811676206945
920,2021-10-05 06:38:00,0.189182562,-0.014524886913254728,-0.012117114395455097,0.21582456330870983
921,2021-10-05 07:08:00,0.150149625,-0.014783892397400798,-0.09830175704410793,0.26323527444150874
922,2021-10-05 07:38:00,-0.082156227,-0.01502638214447037,-0.06070045098891986,-0.00642939386660977
923,2021-10-05 08:08:00,-0.07400317,-0.015250817193653616,-0.07290603174141892,0.014153678935072545
924,2021-10-05 08:38:00,-0.058562322,-0.015454814205342685,0.004137910569699104,-0.04724541836435642
925,2021-10-05 09:08:00,0.034352077,-0.015636798837348483,0.0557036106474518,-0.005714734810103317
926,2021-10-05 09:38:00,-0.09789509,-0.015795802538858636,-0.0793723375358298,-0.0027269499253115698
927,2021-10-05 10:08:00,0.111970842,-0.015931085733847668,-0.006069515969606187,0.13397144370345385
928,2021-10-05 10:38:00,-0.041701528,-0.01604327723877225,0.03947578658861676,-0.06513403734984452
929,2021-10-05 11:08:00,-0.022215475,-0.016134315049339966,-0.003468286375507732,-0.0026128735751523025
930,2021-10-05 11:38:00,-0.134423879,-0.016206031288278935,0.011813338374323976,-0.13003118608604503
931,2021-10-05 12:08:00,-0.143723867,-0.016257794629683704,0.024036477460766897,-0.1515025498310832
932,2021-10-05 12:38:00,-0.096608549,-0.01628698566154847,-0.02288399326175681,-0.05743757007669471
933,2021-10-05 13:08:00,-0.168639547,-0.016291611248888806,0.06414105815765962,-0.21648899390877083
934,2021-10-05 13:38:00,-0.10199575,-0.016269730188985677,0.0393303298181881,-0.12505634962920242
935,2021-10-05 14:08:00,-0.066999582,-0.01621781388012421,-0.03845023384466233,-0.012331534275213458
936,2021-10-05 14:38:00,-0.012676918,-0.01613227013869682,0.013022210079338369,-0.009566857940641552
937,2021-10-05 15:08:00,-0.020853773,-0.016009368840117107,-0.01838234098921134,0.013537936829328447
938,2021-10-05 15:38:00,-0.124584502,-0.015846355758784576,-0.029132049165119852,-0.07960609707609556
939,2021-10-05 16:08:00,-0.148939552,-0.015641538382810485,-0.012445880490548811,-0.1208521331266407
940,2021-10-05 16:38:00,0.001458499,-0.015394598477006404,-0.03222715179402145,0.04908024927102785
941,2021-10-05 17:08:00,0.063165081,-0.015106888631338463,0.02352100858456322,0.05475096104677524
942,2021-10-05 17:38:00,0.128792853,-0.014780955054478007,0.0028156362314199768,0.14075817182305805
943,2021-10-05 18:08:00,-0.097193997,-0.014420978119140936,-0.019363803167565433,-0.06340921571329364
944,2021-10-05 18:38:00,-0.077192001,-0.014032301254271792,-0.03960594854641804,-0.023553751199310167
945,2021-10-05 19:08:00,-0.009488991,-0.013619750930859096,-0.02159702421576311,0.025727784146622208
946,2021-10-05 19:38:00,0.059007416,-0.013188187210624315,-0.0017472106538357415,0.07394281386446006
947,2021-10-05 20:08:00,-0.076100346,-0.01274152675293857,-0.06177080921114669,-0.0015880100359147355
948,2021-10-05 20:38:00,-0.158007074,-0.012283924961596865,0.04987573001847603,-0.19559887905687917
949,2021-10-05 21:08:00,-0.099762024,-0.011819946517401122,-0.038516191136439004,-0.04942588634615988
950,2021-10-05 21:38:00,0.011280694,-0.011353195966266149,0.019884999853140864,0.0027488901131252855
951,2021-10-05 22:08:00,0.108886361,-0.010887103338620197,-0.02074678984973923,0.14052025418835942
952,2021-10-05 22:38:00,-0.083956815,-0.010425826817585717,-0.0021065297052853026,-0.07142445847712899
953,2021-10-05 23:08:00,0.147236462,-0.009972840386978956,0.0011665022673397426,0.15604280011963922
954,2021-10-05 23:38:00,-0.052805559,-0.009529132758318763,-0.010570532084043547,-0.032705894157637694
955,2021-10-06 00:08:00,-0.022403221,-0.009093389633685285,-0.0011111732575802336,-0.01219865810873448
956,2021-10-06 00:38:00,-0.090784431,-0.008663619089233791,-0.05162556206735509,-0.03049524984341112
957,2021-10-06 01:08:00,-0.020122376,-0.008239032374703035,-0.041179457041351494,0.02929611341605453
958,2021-10-06 01:38:00,0.048000398,-0.007817445070695192,0.06033790699652369,-0.004520063925828495
959,2021-10-06 02:08:00,-0.124530745,-0.007396662390614997,0.01571553193750107,-0.1328496145468861
960,2021-10-06 02:38:00,0.272243479,-0.006974168451871068,0.022712143396478424,0.25650550405539263
961,2021-10-06 03:08:00,-0.109027891,-0.006550011474443105,0.06939029482287594,-0.17186817434843282
962,2021-10-06 03:38:00,0.097524665,-0.0061265153431846395,0.11005416546927055,-0.0064029851260859125
963,2021-10-06 04:08:00,0.070884118,-0.005707092059983209,0.03301797770998793,0.04357323234999527
964,2021-10-06 04:38:00,0.053462161,-0.005293614625430318,0.04532393892241382,0.013431836703016498
965,2021-10-06 05:08:00,0.125280973,-0.00488695465827432,0.038782945880689576,0.09138498177758474
966,2021-10-06 05:38:00,0.119152417,-0.004487196418044893,-0.027391099160175243,0.15103071257822015
967,2021-10-06 06:08:00,-0.070640518,-0.004094595975755061,0.09383863119382263,-0.16038455321806755
968,2021-10-06 06:38:00,-0.004641914,-0.0037102533479967397,-0.027910678187492145,0.026979017535488883
969,2021-10-06 07:08:00,-0.146493448,-0.0033352295035197384,-0.12237384162612733,-0.020784376870352932
970,2021-10-06 07:38:00,0.139112922,-0.002970256211605444,-0.05323800741689865,0.1953211856285041
971,2021-10-06 08:08:00,-0.11517613,-0.0026138832589160674,-0.10530626904649144,-0.0072559776945924906
972,2021-10-06 08:38:00,0.004197155,-0.0022645039292075544,0.037264489182091604,-0.030802830252884047
973,2021-10-06 09:08:00,-0.165776035,-0.0019202247917112002,0.06972426175506266,-0.23358007196335145
974,2021-10-06 09:38:00,0.083052206,-0.0015786794405757945,-0.08120614168218514,0.16583702712276094
975,2021-10-06 10:08:00,0.000784719,-0.0012379139998512378,-0.04741740249620692,0.04944003549605816
976,2021-10-06 10:38:00,0.087801921,-0.0008967819501780525,0.05252807425070053,0.03617062869947753
977,2021-10-06 11:08:00,0.08918364,-0.0005539161697591348,-0.015425343322839085,0.10516289949259822
978,2021-10-06 11:38:00,0.147340013,-0.00020818307384796092,0.02043371128940502,0.12711448478444293
979,2021-10-06 12:08:00,0.054168858,0.00014032617942082352,0.016734150332696606,0.03729438148788257
980,2021-10-06 12:38:00,0.0788677,0.0004895961284732654,-0.02133430790621945,0.09971241177774617
981,2021-10-06 13:08:00,0.140815363,0.0008372872923127883,0.11432294483083442,0.025655130876852787
982,2021-10-06 13:38:00,-0.104579024,0.0011812604412117403,0.048241419891964184,-0.15400170433317595
983,2021-10-06 14:08:00,-0.043433225,0.0015188889331559238,-0.05463465583704477,0.009682541903888849
984,2021-10-06 14:38:00,-0.154878321,0.0018464585534794366,0.05723632552601596,-0.2139611050794954
985,2021-10-06 15:08:00,-0.1048749,0.0021594120868412363,-0.0016762562099868878,-0.10535805587685435
986,2021-10-06 15:38:00,-0.007088234,0.002451943895707325,-0.009661579999380106,0.00012140210367278179
987,2021-10-06 16:08:00,-0.028112386,0.0027176132949082756,0.0015554953741920654,-0.032385494669100345
988,2021-10-06 16:38:00,-0.100846325,0.002950760414604158,-0.043629112141998314,-0.06016797327260585
989,2021-10-06 17:08:00,0.017582748,0.003147653024204903,0.014893108581648176,-0.00045801360585308055
990,2021-10-06 17:38:00,0.015420772,0.003306618146120507,0.005856511788529353,0.006257642065350139
991,2021-10-06 18:08:00,-0.021509846,0.0034262767473623367,-0.04467776956890756,0.019741646821545222
992,2021-10-06 18:38:00,-0.075693096,0.0035046030635919457,-0.058540934941786665,-0.020656764121805282
993,2021-10-06 19:08:00,-0.075508881,0.0035407600286967962,-0.07084554202652744,-0.008204099002169351
994,2021-10-06 19:38:00,0.008184208,0.0035360366689616914,-0.016388951546845283,0.02103712287788359
995,2021-10-06 20:08:00,-0.114743838,0.0034928813240464453,-0.08180840137438,-0.036428317949666444
996,2021-10-06 20:38:00,-0.007829686,0.003414837396075134,0.01850493035729714,-0.029749453753372276
997,2021-10-06 21:08:00,-0.019193138,0.003305174807134787,-0.03110081618015614,0.008602503373021354
998,2021-10-06 21:38:00,0.128961545,0.003167681559364411,0.042408442570292616,0.083385420870343
999,2021-10-06 22:08:00,0.072860952,0.0030074892947374175,-0.04413306733908921,0.1139865300443518
1000,2021-10-06 22:38:00,0.035306453,0.0028291433791357845,0.037378870829906874,-0.004901561209042657
1001,2021-10-06 23:08:00,0.002983469,0.0026378643720724776,0.04469677043347138,-0.04435116580554386
1002,2021-10-06 23:38:00,0.05303083,0.0024379290010313986,-0.01660893743105423,0.06720183843002284
1003,2021-10-07 00:08:00,-0.054025217,0.002231870295568414,-0.011206738727560596,-0.04505034856800782
1004,2021-10-07 00:38:00,-0.035810078,0.002020265033015196,-0.0921971597509199,0.0543668167179047
1005,2021-10-07 01:08:00,-0.068612984,0.0018050226734021716,-0.06592506796184192,-0.004492938711560258
1006,2021-10-07 01:38:00,0.074222533,0.0015883727716280306,0.08552714856266506,-0.012892988334293101
1007,2021-10-07 02:08:00,-0.047751211,0.0013728524057635718,0.027473323875733018,-0.07659738728149659
1008,2021-10-07 02:38:00,0.124328851,0.001160399530973863,0.04643610330399852,0.07673234816502762
1009,2021-10-07 03:08:00,0.144961922,0.000952415265117012,0.11025629486942759,0.03375321186545539
1010,2021-10-07 03:38:00,0.034585526,0.0007496926406790741,0.17441543352130193,-0.14057960016198098
1011,2021-10-07 04:08:00,0.03601768,0.0005534617891818118,0.030489232928672755,0.004974985282145437
1012,2021-10-07 04:38:00,0.022313203,0.0003643601221086281,0.039872733952416056,-0.017923891074524682
1013,2021-10-07 05:08:00,-0.103938526,0.0001829617513888487,0.008518211705152077,-0.11263969945654093
1014,2021-10-07 05:38:00,-0.131614802,1.0165776504070816e-05,-0.04703074265038989,-0.08459422512611418
1015,2021-10-07 06:08:00,0.13448396,-0.00015313381098506414,0.09400167303353174,0.040635420777453336
1016,2021-10-07 06:38:00,-0.019999036,-0.00030531210480940667,-0.046032143402485855,0.02633841950729526
1017,2021-10-07 07:08:00,0.067256093,-0.0004453786250402926,-0.14979365214818077,0.21749512377322106
1018,2021-10-07 07:38:00,0.076498443,-0.0005723628443990838,-0.0580804175123733,0.13515122335677238
1019,2021-10-07 08:08:00,-0.156037675,-0.000686591487190896,-0.13640774003300796,-0.018943343479801134
1020,2021-10-07 08:38:00,0.087731721,-0.0007903629163254959,0.07212312737079019,0.01639895654553531
1021,2021-10-07 09:08:00,0.139693589,-0.0008862991447222649,0.0844231650741578,0.05615672307056447
1022,2021-10-07 09:38:00,0.141150937,-0.0009772615127050133,-0.09863010533561714,0.24075830384832217
1023,2021-10-07 10:08:00,-0.130383442,-0.0010655349655545455,-0.08412457420995216,-0.04519333282449328
1024,2021-10-07 10:38:00,0.058734443,-0.001152984283818184,0.06947292064959835,-0.009585493365780174
1025,2021-10-07 11:08:00,0.154699372,-0.0012420697487497965,-0.02333592625611941,0.1792773680048692
1026,2021-10-07 11:38:00,0.032528162,-0.0013355206837118382,0.027714914606930763,0.006148768076781075
1027,2021-10-07 12:08:00,0.027398677,-0.001435499785757489,0.005028757452957838,0.023805419332799654
1028,2021-10-07 12:38:00,-0.021528047,-0.001543990628418094,-0.020139959353570484,0.0001559029819885767
1029,2021-10-07 13:08:00,0.146125076,-0.0016625211467143908,0.16469714721984297,-0.016909550073128582
1030,2021-10-07 13:38:00,0.07850343,-0.0017923581820268463,0.059791435792553554,0.02050435238947329
1031,2021-10-07 14:08:00,-0.085379751,-0.0019345293461763694,-0.06992501674671246,-0.013520204907111172
1032,2021-10-07 14:38:00,0.053841252,-0.0020891841469466285,0.09828988140489647,-0.042359445257949845
1033,2021-10-07 15:08:00,-0.048686913,-0.002255483890340927,0.01281348925120555,-0.059244918360864623
1034,2021-10-07 15:38:00,-0.136385123,-0.0024316017195402167,0.008793352587231752,-0.14274687386769153
1035,2021-10-07 16:08:00,0.049885051,-0.002615627440095686,0.012510454300009358,0.03999022414008633
1036,2021-10-07 16:38:00,0.107590468,-0.00280614027849273,-0.059542915259298154,0.1699395235377909
1037,2021-10-07 17:08:00,0.010692192,-0.003001549504217831,0.00278583720698691,0.010907904297230922
1038,2021-10-07 17:38:00,-0.004859642,-0.003199631748813558,0.00984879066729198,-0.011508800918478421
1039,2021-10-07 18:08:00,0.119009325,-0.0033973301361732346,-0.06899738104452124,0.1914040361806945
1040,2021-10-07 18:38:00,0.068908626,-0.0035917789636651484,-0.07869532001499013,0.15119572497865527
1041,2021-10-07 19:08:00,-0.127547813,-0.0037803589101465442,-0.12193485979561,-0.0018325942942434646
1042,2021-10-07 19:38:00,-0.046365481,-0.003959709462780308,-0.03254401356721374,-0.009861757970005955
1043,2021-10-07 20:08:00,-0.084788376,-0.004127460703658989,-0.1017609779422072,0.021100062645866193
1044,2021-10-07 20:38:00,-0.031712868,-0.004282449337365391,-0.006083920383505474,-0.021346498279129135
1045,2021-10-07 21:08:00,-0.011592886,-0.004423675314403434,-0.01902441812324867,0.011855207437652103
1046,2021-10-07 21:38:00,0.05807304,-0.004549286340272675,0.06719467315254439,-0.004572346812271716
1047,2021-10-07 22:08:00,-0.09369521,-0.004657284439330137,-0.0668846551552634,-0.022153270405406465
1048,2021-10-07 22:38:00,0.059007783,-0.0047457766563031,0.09745872808862834,-0.03370516843232523
1049,2021-10-07 23:08:00,0.128122139,-0.0048139610210090715,0.08441402120496402,0.04852207881604505
1050,2021-10-07 23:38:00,-0.005543212,-0.0048607980618064935,-0.02237796205873928,0.021695548120545773
1051,2021-10-08 00:08:00,-0.002515132,-0.004886107283029811,-0.02280411175467643,0.025175087037706243
1052,2021-10-08 00:38:00,-0.15858999,-0.004889059512336264,-0.1330099146950805,-0.02069101579258322
1053,2021-10-08 01:08:00,-0.108918918,-0.004760456179531055,-0.09438748368663322,-0.009770978133835732
1054,2021-10-08 01:38:00,0.115832273,-0.004616908003895491,0.11077924833619729,0.009669932667698201
1055,2021-10-08 02:08:00,0.055069208,-0.004464632612854448,0.039092927212787176,0.020440913400067273
1056,2021-10-08 02:38:00,0.045971078,-0.00430811224709053,0.07130811451261251,-0.021028924265521984
1057,2021-10-08 03:08:00,0.134057701,-0.00415022081327309,0.15357063172479077,-0.015362709911517676
1058,2021-10-08 03:38:00,0.240285235,-0.003992537280263267,0.23955256867760588,0.004725203602657399
1059,2021-10-08 04:08:00,0.002107116,-0.0038358074734674914,0.025776046376521942,-0.019833122903054452
1060,2021-10-08 04:38:00,0.028952037,-0.003680322062838392,0.03154127883366781,0.0010910802291705843
1061,2021-10-08 05:08:00,-0.037898374,-0.0035260764789371004,-0.02406864615918991,-0.010303651361872987
1062,2021-10-08 05:38:00,-0.058514997,-0.003372930877333002,-0.06807297892391818,0.012930912801251186
1063,2021-10-08 06:08:00,0.06165649,-0.0032206762946914167,0.0920311166852014,-0.02715395039050999
1064,2021-10-08 06:38:00,-0.105266479,-0.003069097750893505,-0.06720028194476352,-0.03499709930434297
1065,2021-10-08 07:08:00,-0.171766847,-0.0029179153266377282,-0.1764904799615288,0.007641548288166535
1066,2021-10-08 07:38:00,-0.061984064,-0.0027667992430472285,-0.06245969767972688,0.0032424329227741105
1067,2021-10-08 08:08:00,-0.155850653,-0.002615459589337082,-0.1676225501075909,0.014387356696927965
1068,2021-10-08 08:38:00,0.115364156,-0.0024636572186737126,0.11119054963113983,0.006637263587533873
1069,2021-10-08 09:08:00,0.068020827,-0.0023112109182596265,0.09980280050901989,-0.02947076259076026
1070,2021-10-08 09:38:00,-0.11404959,-0.002157964603410772,-0.11549945604651332,0.003607830649924087
1071,2021-10-08 10:08:00,-0.115864067,-0.0020037369670235948,-0.12314949261453294,0.009289162581556532
1072,2021-10-08 10:38:00,-0.089269174,-0.0018483668108502929,0.08704821506880916,-0.17446902225795888
1073,2021-10-08 11:08:00,-0.036496282,-0.0016917284975733243,-0.03139566779404603,-0.003408885708380641
1074,2021-10-08 11:38:00,0.030623917,-0.0015337128779358586,0.035736453898766014,-0.0035788240208301553
1075,2021-10-08 12:08:00,-0.091099603,-0.0013742161145828783,-0.011125468694459963,-0.07859991819095716
1076,2021-10-08 12:38:00,-0.018573056,-0.0012131257965432847,-0.017800035138754566,0.00044010493529784934
1077,2021-10-08 13:08:00,0.056137806,-0.0010502892227749912,0.21171476268769668,-0.15452666746492166
1078,2021-10-08 13:38:00,0.053858066,-0.0008855586033795519,0.07036078112157272,-0.015617156518193166
1079,2021-10-08 14:08:00,-0.079482127,-0.0007187963153891505,-0.08544877853968412,0.006685447855073271
1080,2021-10-08 14:38:00,0.171582834,-0.0005498580925569213,0.1399959281254612,0.03213676396709572
1081,2021-10-08 15:08:00,0.057288467,-0.00037863135631347746,0.026830090569055897,0.03083700778725758
1082,2021-10-08 15:38:00,0.03345867,-0.00020507579705790447,0.028809325807976155,0.004854419989081753
1083,2021-10-08 16:08:00,0.014643439,-2.9216706555612723e-05,0.025733339489839555,-0.011060683783283943
1084,2021-10-08 16:38:00,-0.066297747,0.00014890267533621492,-0.07581452267061212,0.009367872995275897
1085,2021-10-08 17:08:00,-0.026319845,0.0003292493118029901,-0.011893129394503144,-0.014755964917299847
1086,2021-10-08 17:38:00,0.019352323,0.0005117824722021805,0.013474372738407915,0.005366167789389906
1087,2021-10-08 18:08:00,-0.095779239,0.0006964783248704287,-0.0929611552005402,-0.0035145621243302316
1088,2021-10-08 18:38:00,-0.081747996,0.0008833088931163031,-0.09670092776520886,0.014069622872092555
1089,2021-10-08 19:08:00,0.074298596,0.0010722418412974733,-0.17446810077202837,0.2476944549307309
1090,2021-10-08 19:38:00,-0.057487899,0.0012632194362054785,-0.05243305462153503,-0.006318063814670449
1091,2021-10-08 20:08:00,0.042347589,0.0014561802769438015,-0.11845259228093809,0.1593440010039943
1092,2021-10-08 20:38:00,0.003129676,0.0016510751177056908,-0.02676447193808803,0.02824307282038234
1093,2021-10-08 21:08:00,-0.009837195,0.00184784482353131,-0.004546532414035617,-0.007138507409495693
1094,2021-10-08 21:38:00,0.083043934,0.002046383461574556,0.09019345873162966,-0.00919590819320422
1095,2021-10-08 22:08:00,-0.074468205,0.0022465937702762845,-0.09029430513072366,0.013579506360447378
1096,2021-10-08 22:38:00,0.197923675,0.0024483961803974975,0.16607567382818247,0.029399604991420022
1097,2021-10-08 23:08:00,0.11977475,0.0026516750399478064,0.12742178961317757,-0.010298714653125379
1098,2021-10-08 23:38:00,-0.054654436,0.0028562592435633118,-0.02868254880041209,-0.028828146443151223
