Event_No,Datetime,Y Acc Filtered_Mean_observed,Y Acc Filtered_Mean_trend,Y Acc Filtered_Mean_seasonal,Y Acc Filtered_Mean_resid
571,2021-09-28 00:08:00,-0.009085339,-0.020612190211021505,0.0004039801753161036,0.011122871035705402
572,2021-09-28 00:38:00,-0.038752777,-0.020376172304653717,-0.008069717514921144,-0.01030688718042514
573,2021-09-28 01:08:00,-0.030093183,-0.020138153650952048,0.0030461365802527183,-0.013001165929300666
574,2021-09-28 01:38:00,0.016515907,-0.019898049046686003,0.04567448804017382,-0.009260531993487819
575,2021-09-28 02:08:00,-0.021682558,-0.01965573674176712,0.002292230416695063,-0.004319051674927944
576,2021-09-28 02:38:00,-0.019067636,-0.019411066376688702,0.004584853904624418,-0.004241423527935714
577,2021-09-28 03:08:00,-0.009247775,-0.01916386982777732,-0.017732538144247443,0.027648632972024762
578,2021-09-28 03:38:00,0.064657946,-0.0189139769094705,0.033225203635598104,0.050346719273872395
579,2021-09-28 04:08:00,-0.015287017,-0.018661274218437607,-0.017001127211174007,0.020375384429611614
580,2021-09-28 04:38:00,-0.024543609,-0.01840573428312199,-0.014367948717755003,0.008230074000876993
581,2021-09-28 05:08:00,-0.002671002,-0.018147384860411786,0.016652971301445895,-0.0011765884410341078
582,2021-09-28 05:38:00,-0.04175087,-0.017886278856358448,-0.025842031923854304,0.001977440780212749
583,2021-09-28 06:08:00,-0.082199137,-0.01762247622639073,-0.02922197363919071,-0.03535468713441856
584,2021-09-28 06:38:00,-0.031708137,-0.01735603256746081,-0.018476871360248316,0.00412476692770913
585,2021-09-28 07:08:00,-0.018485765,-0.017086961068942575,-0.003450407900022194,0.0020516039689647686
586,2021-09-28 07:38:00,-0.039933817,-0.016815273375767503,-0.037683945040286354,0.014565401416053853
587,2021-09-28 08:08:00,-0.016003046,-0.016540995575394186,-0.01118277659846503,0.011720726173859216
588,2021-09-28 08:38:00,-0.03521605,-0.01626418635788345,0.004392054588196521,-0.02334391823031307
589,2021-09-28 09:08:00,-0.001070043,-0.015984926992037282,0.02941200499498912,-0.014497121002951838
590,2021-09-28 09:38:00,-0.013269886,-0.01570327307126542,0.02438200863447821,-0.02194862156321279
591,2021-09-28 10:08:00,-0.053532117,-0.015419249544298352,-0.04708548262373835,0.008972615168036706
592,2021-09-28 10:38:00,-0.025881063,-0.015132852567676332,-0.028756698292445735,0.018008487860122067
593,2021-09-28 11:08:00,0.009409544,-0.014844093668100834,0.017509830271466072,0.0067438073966347625
594,2021-09-28 11:38:00,0.008596507,-0.014553022342245795,0.017203896182080222,0.005945633160165572
595,2021-09-28 12:08:00,0.000301327,-0.014259716705832088,0.010960581625274333,0.0036004620805577554
596,2021-09-28 12:38:00,-0.014891071,-0.01396428068455636,0.016369583125651378,-0.01729637344109502
597,2021-09-28 13:08:00,0.01703096,-0.013666835576874918,0.01739826252059665,0.013299533056278269
598,2021-09-28 13:38:00,0.017417857,-0.013367500443040851,0.034050555233971526,-0.003265197790930676
599,2021-09-28 14:08:00,-0.010400051,-0.013066426230858413,0.03236064358987459,-0.029694268359016174
600,2021-09-28 14:38:00,0.020701564,-0.012763776150097888,0.028376019807465135,0.005089320342632752
601,2021-09-28 15:08:00,-0.002339996,-0.01245969183449815,0.011441500570243117,-0.0013218047357449678
602,2021-09-28 15:38:00,-0.035252095,-0.012154333142463116,-0.019195340740188242,-0.003902421117348639
603,2021-09-28 16:08:00,0.001606945,-0.011847883308385205,0.013930525528801831,-0.00047569722041662654
604,2021-09-28 16:38:00,-0.040664786,-0.011540545990285513,-0.012728744093360049,-0.01639549591635444
605,2021-09-28 17:08:00,-0.007735832,-0.011232545058969836,0.0072338230341346555,-0.0037371099751648193
606,2021-09-28 17:38:00,0.063521537,-0.010924099499022219,0.04476422926396183,0.029681407235060395
607,2021-09-28 18:08:00,0.001148265,-0.010615450736184865,-0.00560957111032189,0.017373286846506755
608,2021-09-28 18:38:00,-0.030577999,-0.010306934050688932,0.02114026881498499,-0.041411333764296065
609,2021-09-28 19:08:00,-0.010005188,-0.009998947268362264,0.008761571531472057,-0.00876781226310979
610,2021-09-28 19:38:00,-0.042106342,-0.009691801456095248,-0.061081600778369945,0.028667060234465195
611,2021-09-28 20:08:00,0.005030599,-0.009385696719257344,-0.0034550388320677625,0.017871334551325106
612,2021-09-28 20:38:00,-0.01304991,-0.009080719766041799,0.023986139206763,-0.027955329440721197
613,2021-09-28 21:08:00,-0.083119224,-0.008776634446962452,-0.017922589137538168,-0.05642000041549939
614,2021-09-28 21:38:00,-0.03820355,-0.008472404338905917,-0.005725564885692831,-0.024005580775401252
615,2021-09-28 22:08:00,-0.062389625,-0.00816563986459228,-0.03801707433749037,-0.016206910797917348
616,2021-09-28 22:38:00,0.013506149,-0.007852209529738492,0.02388242862673293,-0.0025240700969944383
617,2021-09-28 23:08:00,-0.067934578,-0.007526440901266826,-0.026213987023467483,-0.03419415007526568
618,2021-09-28 23:38:00,0.018613878,-0.0071164814727332805,-0.014310598269604187,0.04004095774233747
619,2021-09-29 00:08:00,-0.066955468,-0.006696711784791112,-0.03116481137063898,-0.029093944844569914
620,2021-09-29 00:38:00,-0.005547517,-0.006265103519684361,-0.007592261718355474,0.008309848238039836
621,2021-09-29 01:08:00,0.015699638,-0.005820304550423321,0.006401902899014299,0.01511803965140902
622,2021-09-29 01:38:00,0.027936219,-0.0053622764337945645,0.02331923561989332,0.009979259813901246
623,2021-09-29 02:08:00,0.013701873,-0.004891260943149896,-0.01110378576550901,0.029696919708658908
624,2021-09-29 02:38:00,0.018173898,-0.004408008864912166,-0.002631543357226086,0.02521345022213825
625,2021-09-29 03:08:00,-0.026286341,-0.003913734407771409,-0.0029760403710217855,-0.019396566221206807
626,2021-09-29 03:38:00,-0.002404066,-0.003409638961074971,0.05130700563729074,-0.050301432676215764
627,2021-09-29 04:08:00,-0.053362945,-0.0028973901353561865,-0.021258265480704242,-0.02920728938393957
628,2021-09-29 04:38:00,-0.03076052,-0.002379043220505239,-0.013268228012000009,-0.015113248767494751
629,2021-09-29 05:08:00,0.01168883,-0.0018571286621086875,0.00673502796859297,0.006810930693515719
630,2021-09-29 05:38:00,-0.004109266,-0.0013343086869345418,-0.006045718554125577,0.0032707612410601185
631,2021-09-29 06:08:00,0.009624783,-0.0008136861785294985,-0.040163115185761454,0.05060158436429095
632,2021-09-29 06:38:00,-0.02151286,-0.00029820992091064035,-0.01248056912690395,-0.008734080952185412
633,2021-09-29 07:08:00,0.016767693,0.00020908209058765833,0.002130625723625897,0.014427985185786444
634,2021-09-29 07:38:00,-0.032948452,0.0007056316362088393,-0.01698843254595799,-0.016665651090250855
635,2021-09-29 08:08:00,0.003645485,0.0011899995818462153,0.00954561927228312,-0.007090133854129334
636,2021-09-29 08:38:00,0.048837037,0.0016608388913413627,0.0006335600214917185,0.046542638087166924
637,2021-09-29 09:08:00,0.055467026,0.0021160712169574357,0.026738557033379746,0.02661239774966282
638,2021-09-29 09:38:00,0.042629047,0.002552623903667809,0.016846560980263974,0.02322986211606822
639,2021-09-29 10:08:00,-0.065150121,0.002967234780983871,-0.04224941838984521,-0.025867937391138667
640,2021-09-29 10:38:00,-0.025922013,0.0033570918398808367,-0.0025558868402139833,-0.026723217999666857
641,2021-09-29 11:08:00,0.019397432,0.003720089219523325,0.006844855740536709,0.008832487039939965
642,2021-09-29 11:38:00,-0.027400365,0.004055371339399955,-0.01151547960754016,-0.019940256731859795
643,2021-09-29 12:08:00,0.029341882,0.004363215302022759,0.010617211779577368,0.014361454918399871
644,2021-09-29 12:38:00,0.027927369,0.004644182170955447,0.011627792698515245,0.011655394130529309
645,2021-09-29 13:08:00,0.039366279,0.004899135828003099,0.036823736477317175,-0.0023565933053202766
646,2021-09-29 13:38:00,0.042914773,0.005129397808522848,0.027012713911537534,0.010772661279939623
647,2021-09-29 14:08:00,0.046488423,0.00533570539841375,0.01179457530965958,0.029358142291926674
648,2021-09-29 14:38:00,0.012895351,0.005519210498043863,0.011753666487737366,-0.004377525985781229
649,2021-09-29 15:08:00,0.032564211,0.005680331777799884,0.009644577852956582,0.017239301369243537
650,2021-09-29 15:38:00,-0.008132969,0.005819366636793954,-0.010712361956579017,-0.0032399736802149366
651,2021-09-29 16:08:00,0.010371575,0.0059371632546352205,0.003987925787237097,0.0004464859581276813
652,2021-09-29 16:38:00,0.007942123,0.006033841360264816,-0.006125444536597241,0.008033726176332426
653,2021-09-29 17:08:00,0.001489344,0.006108882802229667,0.0028149888512002483,-0.007434527653429915
654,2021-09-29 17:38:00,-0.013632035,0.0061625283884325964,0.023560499375215385,-0.043355062763647985
655,2021-09-29 18:08:00,-0.036948812,0.006195969844666339,-0.001216132976796049,-0.04192864886787029
656,2021-09-29 18:38:00,0.062129247,0.0062110919571445235,0.019194916139885734,0.03672323890296974
657,2021-09-29 19:08:00,0.021296124,0.006210704225881788,-0.006806975904714878,0.02189239567883309
658,2021-09-29 19:38:00,-0.049054362,0.0061984182680115294,-0.04449678720895083,-0.010755993059060696
659,2021-09-29 20:08:00,-0.005776631,0.006179030423479907,0.005278358368964078,-0.017234019792443985
660,2021-09-29 20:38:00,0.075689405,0.006157548080267311,0.005414243179076515,0.06411761374065618
661,2021-09-29 21:08:00,0.050995769,0.006137441618087839,0.0029158355132502386,0.041942491868661926
662,2021-09-29 21:38:00,0.061631606,0.006119809215604559,0.010525959808934074,0.044985836975461366
663,2021-09-29 22:08:00,0.006344578,0.006104137472114293,-0.02856085047366445,0.028801291001550156
664,2021-09-29 22:38:00,0.043060916,0.006089305656109329,0.03691295466446917,5.865567942149683e-05
665,2021-09-29 23:08:00,0.018732724,0.006074244876943797,-0.017109237074370134,0.02976771619742634
666,2021-09-29 23:38:00,-0.036060429,0.006058220594537738,-0.019507565879100172,-0.022611083715437564
667,2021-09-30 00:08:00,0.001157401,0.006039796670807465,-0.06111595549901088,0.05623355982820342
668,2021-09-30 00:38:00,0.025752269,0.0060175910907489675,-0.007350121191443122,0.027084799100694154
669,2021-09-30 01:08:00,0.015784732,0.005990774946409252,0.008888821462174257,0.00090513559141649
670,2021-09-30 01:38:00,0.014895503,0.0059577377233744865,0.0008431717107527477,0.008094593565872766
671,2021-09-30 02:08:00,-0.051025119,0.0059165891668375055,-0.02091646119272924,-0.03602524697410826
672,2021-09-30 02:38:00,-0.024008562,0.005865831436064077,-0.005933866353895701,-0.02394052708216838
673,2021-09-30 03:08:00,-0.054526854,0.005804790108232754,0.011777827870242685,-0.07210947197847545
674,2021-09-30 03:38:00,-0.023485541,0.005732647148167297,0.07085831786886435,-0.10007650601703164
675,2021-09-30 04:08:00,-0.026993098,0.005647999989801271,-0.025857057149294524,-0.006784040840506747
676,2021-09-30 04:38:00,-0.00376207,0.0055490776487290075,-0.013199882583276694,0.003888734934547687
677,2021-09-30 05:08:00,-0.013516412,0.005435138832248188,-0.004280850165049426,-0.014670700667198762
678,2021-09-30 05:38:00,-0.001684097,0.005306279200959519,0.012724133454091595,-0.019714509655051116
679,2021-09-30 06:08:00,-0.023817113,0.005163962261953915,-0.05076469176183867,0.021783616499884754
680,2021-09-30 06:38:00,0.002151743,0.005010026051158833,-0.007526533659586024,0.004668250608427191
681,2021-09-30 07:08:00,-0.006691019,0.004846741743152019,0.009520224507845686,-0.021057985250997703
682,2021-09-30 07:38:00,-0.012121474,0.004676009642506133,0.00222171580877072,-0.019019199451276853
683,2021-09-30 08:08:00,0.018605551,0.004498597261434364,0.030571757469930655,-0.016464803731365017
684,2021-09-30 08:38:00,-0.008245006,0.004315717016530643,-0.002696226632579232,-0.009864496383951411
685,2021-09-30 09:08:00,0.012966371,0.004129093093975973,0.023293252285453397,-0.01445597437942937
686,2021-09-30 09:38:00,0.021374356,0.003941840262391081,0.007381324705423719,0.0100511910321852
687,2021-09-30 10:08:00,-0.01334876,0.003756852602094469,-0.03885256804784787,0.021746955445753398
688,2021-09-30 10:38:00,0.030684711,0.003576172950859977,0.02357114388733578,0.0035373941618042424
689,2021-09-30 11:08:00,-0.011832117,0.0034016357563954225,-0.00046042483702247864,-0.014773327919372943
690,2021-09-30 11:38:00,-0.013704926,0.0032345666905524506,-0.04103597869469687,0.02409648600414442
691,2021-09-30 12:08:00,-0.011197841,0.0030760675068452485,0.01218499335763334,-0.026458901864478586
692,2021-09-30 12:38:00,0.046134886,0.002926784609199524,0.006514471773556895,0.03669362961724358
693,2021-09-30 13:08:00,0.017033072,0.002786152253599258,0.056425817806694506,-0.04217889806029377
694,2021-09-30 13:38:00,0.014931457,0.0026535631583663663,0.02009172600672794,-0.007813832165094304
695,2021-09-30 14:08:00,0.032244508,0.0025286840215099082,-0.008782420668856065,0.03849824464734616
696,2021-09-30 14:38:00,-0.019038094,0.002410867930291974,-0.006134176643309635,-0.015314785286982338
697,2021-09-30 15:08:00,-0.014092489,0.0023003580742025874,0.008602783886308625,-0.024995630960511214
698,2021-09-30 15:38:00,0.000712353,0.0021973013304006387,-0.004535696728950009,0.0030507483985493704
699,2021-09-30 16:08:00,-0.004452284,0.002101362186625062,-0.006490449083980654,-6.319710264440824e-05
700,2021-09-30 16:38:00,0.028767576,0.0020133181217808094,-0.0043714390034093956,0.031125696881628584
701,2021-09-30 17:08:00,0.052049354,0.0019340248599965819,-0.0014163136930480027,0.05153164283305142
702,2021-09-30 17:38:00,0.012296219,0.001863961161587388,0.0055054278569953525,0.004926829981417261
703,2021-09-30 18:08:00,0.042837087,0.0018023014138527425,0.0027563080012871855,0.038278477584860075
704,2021-09-30 18:38:00,0.064117887,0.0017477808985968725,0.0161456801209845,0.04622442598041863
705,2021-09-30 19:08:00,-0.02636812,0.0016975118666696985,-0.02163316336620025,-0.006432468500469446
706,2021-09-30 19:38:00,-0.083445369,0.001646756835351726,-0.024052274933502593,-0.06103985090184914
707,2021-09-30 20:08:00,-0.093513305,0.0015892801846736143,0.013172812938085412,-0.10827539812275902
708,2021-09-30 20:38:00,-0.019560421,0.0015186024967056336,-0.012722441991975954,-0.008356581504729682
709,2021-09-30 21:08:00,0.07335403,0.0014289794805088698,0.021988806518371925,0.0499362440011192
710,2021-09-30 21:38:00,-0.132659993,0.0013165235481491292,0.0279300963366732,-0.16190661288482233
711,2021-09-30 22:08:00,-0.019736911,0.0011793791412753598,-0.018590215659172838,-0.002326074482102521
712,2021-09-30 22:38:00,0.209229708,0.0010162704779464041,0.04841699855198752,0.15979643897006607
713,2021-09-30 23:08:00,0.036034243,0.0008258101162265114,-0.008978229642890781,0.04418666252666427
714,2021-09-30 23:38:00,-0.075015571,0.0006059710365297197,-0.022571510004770822,-0.0530500320317589
715,2021-10-01 00:08:00,-0.14777056,0.00035555089122569984,-0.08407845576550176,-0.06404765512572394
716,2021-10-01 00:38:00,-0.086778329,7.505830307852137e-05,-0.00824041542668366,-0.07861297187639486
717,2021-10-01 01:08:00,0.026575125,-0.00023432676164726978,0.009214016125152286,0.017595435636494985
718,2021-10-01 01:38:00,-0.021072057,-0.0005701979845056471,-0.02188363700088133,0.001381777985386976
719,2021-10-01 02:08:00,-0.037196883,-0.0009304325766977258,-0.02730842133010709,-0.008958029093195184
720,2021-10-01 02:38:00,-0.025734738,-0.0013116787773970922,-0.002699196583466073,-0.021723862639136837
721,2021-10-01 03:08:00,0.104505651,-0.001711414581245453,0.024510516537907534,0.08170654904333792
722,2021-10-01 03:38:00,0.110078267,-0.0021283189320104507,0.0959914094157733,0.01621517651623714
723,2021-10-01 04:08:00,-0.00789204,-0.0025611980933906843,-0.028825166745966475,0.02349432483935716
724,2021-10-01 04:38:00,-0.008233843,-0.003008254099547922,-0.01361967607823653,0.008394087177784454
725,2021-10-01 05:08:00,0.001374877,-0.0034661437426517653,-0.019405466914712906,0.02424648765736467
726,2021-10-01 05:38:00,0.050011454,-0.003930336805723457,0.028326617036362477,0.025615173769360976
727,2021-10-01 06:08:00,-0.100447069,-0.004396062414470119,-0.06356376142976893,-0.03248724515576096
728,2021-10-01 06:38:00,-0.000576534,-0.004857874195377944,-0.0038882419724729,0.008169582167850844
729,2021-10-01 07:08:00,-0.009301797,-0.005310680090232243,0.01638037171419229,-0.020371488623960047
730,2021-10-01 07:38:00,0.063853512,-0.0057492664166015305,0.018613497502999704,0.05098928091360183
731,2021-10-01 08:08:00,0.054449539,-0.00617042995838597,0.05174998071318232,0.008869988245203648
732,2021-10-01 08:38:00,-0.190942904,-0.00657220913579543,-0.009022472171491333,-0.17534822269271325
733,2021-10-01 09:08:00,0.024314006,-0.006952064956621717,0.015180190123067252,0.016085880833554465
734,2021-10-01 09:38:00,0.115781921,-0.0073075285836855155,-0.004326712504328089,0.1274161620880136
735,2021-10-01 10:08:00,-0.039302039,-0.007635031036428717,-0.03431541263717748,0.0026484046736062012
736,2021-10-01 10:38:00,-0.148157844,-0.007931345618716194,0.051362357132684916,-0.19158885551396873
737,2021-10-01 11:08:00,-0.065527568,-0.008193424799464614,-0.005320728147458782,-0.05201341505307659
738,2021-10-01 11:38:00,0.074308745,-0.008418973168244017,-0.06748026089278494,0.15020797906102895
739,2021-10-01 12:08:00,-0.005296541,-0.008606130453310467,0.013764988454040995,-0.010455399000730526
740,2021-10-01 12:38:00,-0.037597525,-0.008752135570474294,0.0014973535145925906,-0.030342742944118296
741,2021-10-01 13:08:00,0.099217584,-0.00885489157587726,0.07478734819889488,0.03328512737698238
742,2021-10-01 13:38:00,-0.001498573,-0.008914839693707786,0.011742002642468575,-0.004325735948760788
743,2021-10-01 14:08:00,-0.084393501,-0.008933086103326406,-0.030133501947207295,-0.045326912949466294
744,2021-10-01 14:38:00,0.060401327,-0.0089122413461175,-0.02551695866128534,0.09483052700740284
745,2021-10-01 15:08:00,-0.006008736,-0.008855366618042062,0.005519342257145637,-0.002672711639103575
746,2021-10-01 15:38:00,0.038156414,-0.008766258212777961,-1.7274450780250866e-05,0.04693994666355821
747,2021-10-01 16:08:00,-0.020691273,-0.008651030023344568,-0.017604476023197695,0.005564233046542263
748,2021-10-01 16:38:00,0.159700188,-0.008516684342339641,-0.005363571929745345,0.173580444272085
749,2021-10-01 17:08:00,-0.068124386,-0.008369174613020896,-0.0027356157165023313,-0.05701959567047677
750,2021-10-01 17:38:00,-0.029322301,-0.008215630426083444,-0.0003120728086780147,-0.02079459776523854
751,2021-10-01 18:08:00,-0.098487872,-0.00806246094651356,0.010738217617450214,-0.10116362867093666
752,2021-10-01 18:38:00,-0.037659257,-0.007914974626159916,0.01044396375291111,-0.0401882461267512
753,2021-10-01 19:08:00,-0.069801836,-0.007777016806060276,-0.038239747643226976,-0.023785071550712755
754,2021-10-01 19:38:00,-0.181136228,-0.007651472447149998,-0.00545762843443028,-0.16802712711841972
755,2021-10-01 20:08:00,0.052675945,-0.0075396662942419064,0.020068708510346953,0.04014690278389496
756,2021-10-01 20:38:00,0.138607928,-0.00744133024269851,-0.03392461070543983,0.17997386894813833
757,2021-10-01 21:08:00,0.008742275,-0.007353487851587785,0.03713827214882123,-0.021042509297233447
758,2021-10-01 21:38:00,-0.074872451,-0.007271488117282371,0.04452565011608296,-0.1121266129988006
759,2021-10-01 22:08:00,-0.142218043,-0.007190620097194101,-0.010096947367991993,-0.1249304755348139
760,2021-10-01 22:38:00,0.063020505,-0.00710678958114364,0.061073048380323174,0.00905424620082047
761,2021-10-01 23:08:00,-0.050873625,-0.007013999343733768,-0.002828021610461543,-0.041031604045804686
762,2021-10-01 23:38:00,-0.025533541,-0.006905901124853111,-0.023304500025532974,0.004676860150386085
763,2021-10-02 00:08:00,-0.151879288,-0.006777691044467304,-0.07931863140373593,-0.06578296555179676
764,2021-10-02 00:38:00,0.036625583,-0.006626066407009227,-0.0212489575520434,0.06450060695905263
765,2021-10-02 01:08:00,-0.027790186,-0.006447824151452628,0.008216846213708101,-0.029559208062255475
766,2021-10-02 01:38:00,-0.091831485,-0.006239848008627413,-0.033009389569404385,-0.05258224742196821
767,2021-10-02 02:08:00,-0.186644158,-0.005999863203447941,-0.019813671165150048,-0.16083062363140202
768,2021-10-02 02:38:00,-0.209673045,-0.005728056314175944,0.01222942056046401,-0.21617440924628806
769,2021-10-02 03:08:00,0.065565694,-0.005424995242008917,0.035272120435048335,0.035718568806960574
770,2021-10-02 03:38:00,0.161012292,-0.005091385349785877,0.10353836241454792,0.06256531493523795
771,2021-10-02 04:08:00,0.181025265,-0.004727940370294678,-0.03324862218287081,0.21900182755316547
772,2021-10-02 04:38:00,-0.004199851,-0.004335600342139924,-0.022878513883225947,0.023014263225365872
773,2021-10-02 05:08:00,0.127772394,-0.003915792624523315,-0.03559316983746552,0.16728135646198886
774,2021-10-02 05:38:00,0.06849599,-0.003470080472885153,0.025624358425450848,0.046341712047434314
775,2021-10-02 06:08:00,-0.147415341,-0.0030021394769767,-0.055687795114641635,-0.08872540640838167
776,2021-10-02 06:38:00,-0.273452514,-0.0025170822070930752,-0.006057303360460469,-0.26487812843244646
777,2021-10-02 07:08:00,0.083285573,-0.002020812927007299,0.0242112171630913,0.061095168763916005
778,2021-10-02 07:38:00,0.170160136,-0.0015179611094086746,0.024475167188501196,0.14720292992090744
779,2021-10-02 08:08:00,0.089197407,-0.0010118080177690498,0.060822069446077084,0.02938714557169197
780,2021-10-02 08:38:00,-0.035331055,-0.0005057523280554949,-0.010972598986423701,-0.023852703685520806
781,2021-10-02 09:08:00,0.015103534,-2.817573168239862e-06,9.21053541604963e-05,0.015014246219007743
782,2021-10-02 09:38:00,-0.044517582,0.0004944237097308706,-0.017799277683055368,-0.027212728026675504
783,2021-10-02 10:08:00,-0.032822823,0.0009845355675441624,-0.030331559456326332,-0.0034757991112178317
784,2021-10-02 10:38:00,0.094997814,0.0014662104432434152,0.07086276070837744,0.022668842848379146
785,2021-10-02 11:08:00,0.075450381,0.0019360234395510078,-0.0020314241729109356,0.07554578173335993
786,2021-10-02 11:38:00,-0.128590369,0.0023893817649881335,-0.08170220060674187,-0.049277550158246274
787,2021-10-02 12:08:00,0.037570041,0.002820568709270799,0.023313091906066948,0.011436380384662251
788,2021-10-02 12:38:00,-0.019761219,0.003223430557818684,-0.004919470375391506,-0.018065179182427178
789,2021-10-02 13:08:00,0.111968501,0.0035929358020822164,0.08503605871328537,0.02333950648463241
790,2021-10-02 13:38:00,0.027466541,0.003924486135464905,-0.0008824621622085657,0.024424517026743663
791,2021-10-02 14:08:00,-0.068269959,0.004213075474202326,-0.04418309738810512,-0.02829993708609721
792,2021-10-02 14:38:00,-0.049604318,0.004455620979055671,-0.03880316532934403,-0.01525677364971164
793,2021-10-02 15:08:00,0.04830969,0.004650758666600742,0.0013567036083704921,0.042302227725028764
794,2021-10-02 15:38:00,-0.044893637,0.004799451883411897,0.0017334202967728097,-0.0514265091801847
795,2021-10-02 16:08:00,-0.025186415,0.004904171369643091,-0.022158889817393026,-0.007931696552250065
796,2021-10-02 16:38:00,-0.104170402,0.004968366954820792,-0.006316376330371158,-0.10282239262444963
797,2021-10-02 17:08:00,-0.009693381,0.004995038746448386,-0.0017587044631626782,-0.012929715283285707
798,2021-10-02 17:38:00,-0.118220896,0.004987315950155252,0.010390430776454318,-0.13359864272660957
799,2021-10-02 18:08:00,0.041017417,0.004947854547001816,0.014573336187581321,0.021496226265416862
800,2021-10-02 18:38:00,0.005318558,0.004878814015640584,-0.010764220650502023,0.011203964634861438
801,2021-10-02 19:08:00,-0.012257355,0.004782253866248507,-0.04694130344284341,0.029901694576594907
802,2021-10-02 19:38:00,0.077128444,0.004661154811750974,0.025323552738178528,0.0471437364500705
803,2021-10-02 20:08:00,0.034787186,0.004519860167223316,0.033936818536039526,-0.0036694927032628437
804,2021-10-02 20:38:00,-0.085802932,0.004363105314542905,-0.044806387001076545,-0.04535965031346636
805,2021-10-02 21:08:00,0.031754322,0.004194551411577487,0.027506110767451995,5.3659820970520036e-05
806,2021-10-02 21:38:00,0.070438581,0.004017683628104628,0.046079343858354556,0.020341553513540816
807,2021-10-02 22:08:00,-0.006882484,0.003836317407863535,0.0019522488695205898,-0.012671050277384126
808,2021-10-02 22:38:00,0.086563046,0.0036548145900424465,0.05447019011643079,0.02843804129352677
809,2021-10-02 23:08:00,0.003418808,0.0034770429818785846,-0.001959849270399786,0.0019016142885212015
810,2021-10-02 23:38:00,0.023299326,0.0033066413427579313,-0.009294009393211653,0.02928669405045372
811,2021-10-03 00:08:00,-0.012440829,0.0031462239661180494,-0.05547730876562083,0.039890255799502776
812,2021-10-03 00:38:00,-0.047587861,0.0029979088381069845,-0.02071754908322524,-0.029868220754881745
813,2021-10-03 01:08:00,0.026202055,0.0028618426719746125,-0.00039780939841467245,0.02373802172644006
814,2021-10-03 01:38:00,-0.014062862,0.0027363428260823975,-0.03375554898656716,0.01695634416048476
815,2021-10-03 02:08:00,0.016008692,0.0026190667707916507,-0.01094270426399548,0.02433232949320383
816,2021-10-03 02:38:00,0.078361674,0.002507013880309543,0.026475281129455307,0.04937937899023515
817,2021-10-03 03:08:00,-0.003931024,0.002397527302388228,0.02112560630871907,-0.027454157611107297
818,2021-10-03 03:38:00,-0.035256694,0.002288289427833075,0.08273284465969485,-0.12027782808752793
819,2021-10-03 04:08:00,-0.059838808,0.002177042863455784,-0.02873454198108599,-0.0332813088823698
820,2021-10-03 04:38:00,-0.074808314,0.0020612671109320525,-0.026643724612736206,-0.05022585649819585
821,2021-10-03 05:08:00,-0.073861391,0.0019382891477538185,-0.0550676181903682,-0.020732061957385618
822,2021-10-03 05:38:00,-0.017856535,0.0018064964803482658,0.0063586946514459924,-0.026021726131794258
823,2021-10-03 06:08:00,-0.00834758,0.0016635226991128656,-0.039671088309383755,0.02965998561027089
824,2021-10-03 06:38:00,-0.012076897,0.0015073888370080453,-0.012734240381518621,-0.0008500454554894235
825,2021-10-03 07:08:00,0.01313986,0.0013379103316885782,0.03146667485803857,-0.019664725189727148
826,2021-10-03 07:38:00,0.006381971,0.001156363268387971,0.025908498433220538,-0.02068289070160851
827,2021-10-03 08:08:00,0.07738017,0.000965459123103071,0.04833722919362398,0.028077481683272947
828,2021-10-03 08:38:00,0.019872521,0.0007678310054647193,-0.0028472077291966146,0.021951897723731895
829,2021-10-03 09:08:00,-0.077631166,0.0005660798503513505,-0.002466801266119034,-0.07573044458423232
830,2021-10-03 09:38:00,-0.023694536,0.00036145149643146326,-0.026535501646901025,0.0024795141504695634
831,2021-10-03 10:08:00,-0.052765463,0.0001539874753326731,-0.015655124098540005,-0.03726432637679267
832,2021-10-03 10:38:00,0.087419151,-5.584593904647887e-05,0.06675953344664595,0.020715463492400527
833,2021-10-03 11:08:00,-0.003389918,-0.00026620730942523237,0.011366583056586076,-0.014490293747160843
834,2021-10-03 11:38:00,-0.085296975,-0.00047500974024683646,-0.08238778666611808,-0.002434178593635079
835,2021-10-03 12:08:00,0.052598388,-0.000679880170908446,0.019972359507811312,0.03330590866309714
836,2021-10-03 12:38:00,0.031793807,-0.0008792029201807381,-0.0022712458431631134,0.034944255763343854
837,2021-10-03 13:08:00,0.085827784,-0.0010707423472037072,0.06897105548184106,0.017927470865362654
838,2021-10-03 13:38:00,-0.029301989,-0.0012511888454392862,-0.012816582484675789,-0.015234217669884925
839,2021-10-03 14:08:00,-0.029235268,-0.0014179812167049361,-0.030485008153333396,0.0026677213700383334
840,2021-10-03 14:38:00,-0.094400864,-0.0015698651808666857,-0.04292279575481323,-0.04990820306432008
841,2021-10-03 15:08:00,-0.039852756,-0.0017054954099397265,-0.006667675682086396,-0.031479584907973875
842,2021-10-03 15:38:00,0.011049997,-0.0018240216934890462,-0.0075141615642620495,0.020388180257751097
843,2021-10-03 16:08:00,-0.051258888,-0.00192467066248703,-0.01358873244763407,-0.03574548488987891
844,2021-10-03 16:38:00,0.006311857,-0.0020071731582506592,-0.015848057506252275,0.024167087664502936
845,2021-10-03 17:08:00,0.060425378,-0.002071357488352067,0.008249944771293774,0.0542467907170583
846,2021-10-03 17:38:00,0.03968507,-0.002117517407593788,0.02325971388934937,0.01854287351824442
847,2021-10-03 18:08:00,0.01311313,-0.0021458250805768955,0.012971927522027232,0.0022870275585496645
848,2021-10-03 18:38:00,-0.028977171,-0.0021566441213434024,-0.019737820565417778,-0.007082706313238819
849,2021-10-03 19:08:00,-0.119918051,-0.0021511041747949104,-0.04296346041343627,-0.07480348641176882
850,2021-10-03 19:38:00,0.036386815,-0.0021302214187864602,0.04012165077819209,-0.0016046143594056258
851,2021-10-03 20:08:00,0.016714804,-0.0020950691711093625,0.03005446581773913,-0.011244592646629767
852,2021-10-03 20:38:00,-0.01888254,-0.002047864214842542,-0.039371615929556396,0.02253694014439894
853,2021-10-03 21:08:00,0.037272116,-0.0019908573777417072,0.028198028061063182,0.011064945316678527
854,2021-10-03 21:38:00,0.072257745,-0.0019264643062986819,0.04832888723850334,0.02585532206779534
855,2021-10-03 22:08:00,0.04094479,-0.0018573095290088687,0.025170937272103965,0.017631162256904906
856,2021-10-03 22:38:00,0.003860922,-0.0017865323331506882,0.03125376233134332,-0.02560630799819263
857,2021-10-03 23:08:00,-0.007513845,-0.0017183283568915236,0.02102027666349333,-0.026815793306601807
858,2021-10-03 23:38:00,-0.006338414,-0.001656651922185959,-0.0008168871385949368,-0.0038648749392191034
859,2021-10-04 00:08:00,-0.006432405,-0.0016047733405524377,-0.014838370804901253,0.01001073914545369
860,2021-10-04 00:38:00,-0.031717885,-0.0015661600615379636,-0.008287492667657069,-0.02186423227080497
861,2021-10-04 01:08:00,0.003669784,-0.0015435406300641778,-0.01255622252890563,0.017769547158969806
862,2021-10-04 01:38:00,-0.030074367,-0.0015391373531670129,-0.0168097859668711,-0.011725443679961887
863,2021-10-04 02:08:00,-0.023172932,-0.0015542274526863687,-0.016916017676273924,-0.004702686871039708
864,2021-10-04 02:38:00,0.004033871,-0.0015888266637962031,0.02799312885950221,-0.022370431195706007
865,2021-10-04 03:08:00,-0.034637286,-0.001642800327641581,0.019090062346637956,-0.05208454801899638
866,2021-10-04 03:38:00,0.052670086,-0.0017148690538281136,0.04368580472901302,0.010699150324815093
867,2021-10-04 04:08:00,-0.031964733,-0.0018027582583409738,-0.0013620840923359297,-0.028799890649323097
868,2021-10-04 04:38:00,-0.027199466,-0.0019037757453304004,-0.0230357560912745,-0.0022599341633950986
869,2021-10-04 05:08:00,-0.049907347,-0.002015070911314513,-0.07895271142839973,0.031060435339714244
870,2021-10-04 05:38:00,-0.010594565,-0.0021350638341967525,-0.0331821254805647,0.02472262431476145
871,2021-10-04 06:08:00,0.015095202,-0.0022619153417958553,-0.020984983648652204,0.03834210099044806
872,2021-10-04 06:38:00,-0.016712931,-0.002394161758380995,-0.02013806858218727,0.005819299340568264
873,2021-10-04 07:08:00,0.039667745,-0.002531881435053227,0.020582784496883996,0.021616841938169228
874,2021-10-04 07:38:00,0.018581675,-0.00267617720009465,0.028554132304932256,-0.007296280104837607
875,2021-10-04 08:08:00,-0.022759329,-0.0028284146977510176,0.025229142112680056,-0.04516005641492903
876,2021-10-04 08:38:00,0.010030674,-0.002989807005443171,0.015709500714517394,-0.0026890197090742238
877,2021-10-04 09:08:00,-0.003027105,-0.0031620786431392728,0.0015518086055956765,-0.0014168349624564037
878,2021-10-04 09:38:00,0.001053532,-0.0033465622185259417,-0.04063915562190197,0.04503924984042792
879,2021-10-04 10:08:00,0.021782145,-0.0035442913741367556,-0.0003014018350832705,0.025627838209220023
880,2021-10-04 10:38:00,0.012362562,-0.003756530022040192,0.0373971046831534,-0.02127801266111321
881,2021-10-04 11:08:00,0.009867913,-0.0039850018627540515,-0.005144946550148024,0.018997861412902075
882,2021-10-04 11:38:00,-0.018767827,-0.0042316170644360485,-0.062432049504957114,0.04789583956939316
883,2021-10-04 12:08:00,0.00308259,-0.0044971770546394065,-0.0019896279052736806,0.009569394959913088
884,2021-10-04 12:38:00,-0.035255418,-0.004781732429368331,0.016528481554685087,-0.047002167125316754
885,2021-10-04 13:08:00,0.014672917,-0.00508421466188059,0.041683377757582185,-0.021926246095701596
886,2021-10-04 13:38:00,-0.03706727,-0.005402326559120715,-0.020960074970672506,-0.010704868470206779
887,2021-10-04 14:08:00,-0.010341887,-0.005733554726461734,-0.011595090039710314,0.006986757766172048
888,2021-10-04 14:38:00,-0.025527014,-0.00607582838025537,-0.030438725038040924,0.010987539418296294
889,2021-10-04 15:08:00,0.000811319,-0.006427958559486433,-0.028691609993795924,0.03593088755328236
890,2021-10-04 15:38:00,-0.010328722,-0.006788908294128168,-0.018999367211564352,0.01545955350569252
891,2021-10-04 16:08:00,0.021863967,-0.007157577578652264,-0.008617109402012066,0.03763865398066433
892,2021-10-04 16:38:00,0.00340294,-0.007532198516504167,-0.016785991435127573,0.02772112995163174
893,2021-10-04 17:08:00,-0.035350108,-0.007911150389486013,0.028646014708651676,-0.05608497231916567
894,2021-10-04 17:38:00,0.013411438,-0.00829330026865502,0.042502890155536856,-0.02079815188688184
895,2021-10-04 18:08:00,0.003277448,-0.008677611453385676,0.0039956138914006185,0.007959445561985058
896,2021-10-04 18:38:00,-0.037396302,-0.009063077859320657,-0.02192329454371343,-0.006409929596965911
897,2021-10-04 19:08:00,-0.008710021,-0.009448039367202331,-0.038734395598249,0.03947241396545133
898,2021-10-04 19:38:00,0.004814845,-0.009830319316609583,0.019475659984802055,-0.0048304956681924725
899,2021-10-04 20:08:00,0.043976358,-0.010209028431672418,0.013627141576402248,0.04055824485527017
900,2021-10-04 20:38:00,-0.017868826,-0.010583181238869586,-0.0023622511465737736,-0.0049233936145566416
901,2021-10-04 21:08:00,-0.055861824,-0.010952782784835339,0.04049131269712147,-0.08540035391228613
902,2021-10-04 21:38:00,0.001824988,-0.011318567017948446,0.022244686751889623,-0.009101131733941177
903,2021-10-04 22:08:00,0.029781111,-0.011681672187504882,0.0491444691403266,-0.00768168595282172
904,2021-10-04 22:38:00,-0.009833955,-0.012043593668037176,0.0048961584207539936,-0.0026865197527168178
905,2021-10-04 23:08:00,0.059540014,-0.01240440423109144,0.052823910624926564,0.019120507606164877
906,2021-10-04 23:38:00,-0.033935374,-0.012763428983621079,0.0018646220608087008,-0.023036567077187618
907,2021-10-05 00:08:00,-0.012418424,-0.013117831021864533,0.008249018771706505,-0.007549611749841973
908,2021-10-05 00:38:00,-0.004857955,-0.013462795430888632,0.023394194633248433,-0.014789354202359802
909,2021-10-05 01:08:00,-0.112191088,-0.013791810765302032,-0.01827968014597414,-0.08011959708872382
910,2021-10-05 01:38:00,-0.012009355,-0.014097782543592657,-0.025347031030560976,0.027435458574153634
911,2021-10-05 02:08:00,-0.041407839,-0.014374052228440065,-0.057151334507614504,0.030117547736054566
912,2021-10-05 02:38:00,0.010119119,-0.014614606421265528,-0.017645714896225646,0.04237944031749118
913,2021-10-05 03:08:00,0.08972611,-0.014814526613073324,0.019016703583466996,0.08552393302960633
914,2021-10-05 03:38:00,-0.026608284,-0.014970457359027032,0.0337480032087734,-0.045385829849746366
915,2021-10-05 04:08:00,0.066962832,-0.015082507881066208,0.06556113628466306,0.016484203596403145
916,2021-10-05 04:38:00,-0.019310383,-0.015153849538746584,-0.002157698700801443,-0.001998834760451972
917,2021-10-05 05:08:00,-0.170017331,-0.015188930117975393,-0.07758819241105157,-0.07724020847097303
918,2021-10-05 05:38:00,-0.10003873,-0.01519200542786482,-0.07347138753244747,-0.011375337039687712
919,2021-10-05 06:08:00,-0.102706499,-0.015165095320417347,-0.015504042257204835,-0.07203736142237782
920,2021-10-05 06:38:00,-0.066439889,-0.015108691411237878,-0.020323621860614795,-0.03100757572814733
921,2021-10-05 07:08:00,-0.021505845,-0.015022959367166482,0.023562042100703128,-0.030044927733536647
922,2021-10-05 07:38:00,0.040013818,-0.014908096227983616,0.058392744416540264,-0.003470830188556649
923,2021-10-05 08:08:00,-7.34e-05,-0.014763311766247034,-0.012157014746147611,0.026846926512394648
924,2021-10-05 08:38:00,-0.008926943,-0.014587393286542344,0.03851449860170866,-0.03285404831516632
925,2021-10-05 09:08:00,0.017423566,-0.014380060104412172,0.04120176213355256,-0.009398136029140388
926,2021-10-05 09:38:00,-0.149777735,-0.014140523585289241,-0.03573137392559288,-0.09990583748911788
927,2021-10-05 10:08:00,0.109062405,-0.013867817879533357,0.0025968957573389135,0.12033332712219444
928,2021-10-05 10:38:00,-0.020731028,-0.013560380674670938,0.017183718256413585,-0.024354365581742646
929,2021-10-05 11:08:00,0.132899471,-0.013217289478279836,-0.017859419859857523,0.16397618033813735
930,2021-10-05 11:38:00,-0.047613686,-0.012838262524909277,-0.07360652530627135,0.038831101831180624
931,2021-10-05 12:08:00,-0.069202247,-0.012422605124610613,-0.03980593947638698,-0.016973702399002404
932,2021-10-05 12:38:00,0.028263425,-0.011970887679320613,0.03155469871718953,0.008679613962131082
933,2021-10-05 13:08:00,-0.222738936,-0.011486462611579604,0.02815977230722404,-0.23941224569564445
934,2021-10-05 13:38:00,-0.043257333,-0.010974775672470773,-0.02126443942859127,-0.01101811789893796
935,2021-10-05 14:08:00,0.062175864,-0.010440707897372463,-0.01688376077321585,0.08950033267058831
936,2021-10-05 14:38:00,0.00908103,-0.009888060846686416,-0.01311451163217723,0.032083602478863646
937,2021-10-05 15:08:00,-0.089415206,-0.009320756161444187,-0.04657546256057626,-0.033518987277979556
938,2021-10-05 15:38:00,-0.157285923,-0.00874124631450703,-0.03530522988312293,-0.11323944680237004
939,2021-10-05 16:08:00,-0.222862292,-0.008150988818335033,-0.010684614349648215,-0.20402668883201674
940,2021-10-05 16:38:00,-0.060329837,-0.007552010540248032,-0.030016002645820262,-0.022761823813931704
941,2021-10-05 17:08:00,0.058915873,-0.006947733414794336,0.027762063067636986,0.03810154334715735
942,2021-10-05 17:38:00,0.070635335,-0.00634062855593741,0.04435122952663528,0.03262473402930212
943,2021-10-05 18:08:00,-0.098930487,-0.0057327253339075936,0.0032441799937336724,-0.09644194165982609
944,2021-10-05 18:38:00,-0.028737357,-0.005126526871624927,-0.02714821504761663,0.0035373849192415546
945,2021-10-05 19:08:00,-0.082426094,-0.00452324134377603,-0.018543834049566617,-0.05935901860665736
946,2021-10-05 19:38:00,-0.068417075,-0.003924041098756093,0.015404423816597772,-0.07989745771784168
947,2021-10-05 20:08:00,-0.051679108,-0.0033277664943071107,0.02886794579897587,-0.07721928730466876
948,2021-10-05 20:38:00,-0.049143398,-0.0027310675932146946,0.04338902250146307,-0.08980135290824838
949,2021-10-05 21:08:00,0.109591233,-0.0021306600693792818,0.04401239163773189,0.06770950143164739
950,2021-10-05 21:38:00,0.186133621,-0.0015230888462975565,-0.009110192301418062,0.19676690214771564
951,2021-10-05 22:08:00,0.092290603,-0.0009054490497853406,0.057233633456836984,0.03596241859294835
952,2021-10-05 22:38:00,0.006970635,-0.00027492126838003393,-0.02815967643330153,0.03540523270168156
953,2021-10-05 23:08:00,0.078333512,0.000371300714486027,0.05125502709310113,0.026707184192412834
954,2021-10-05 23:38:00,0.025366125,0.0010343937569242082,0.007339122322356294,0.016992608920719496
955,2021-10-06 00:08:00,0.026177016,0.0017131206052548621,0.0363335770953709,-0.011869681700625759
956,2021-10-06 00:38:00,0.094349164,0.002403657909469931,0.07663968006763214,0.015305826022897932
957,2021-10-06 01:08:00,-0.015947841,0.0030998232712388576,-0.039355011616521135,0.02030734734528228
958,2021-10-06 01:38:00,0.03613813,0.003794603395803573,-0.06601798978003412,0.09836151638423053
959,2021-10-06 02:08:00,-0.130760236,0.004481756327800926,-0.09624552271174369,-0.03899646961605724
960,2021-10-06 02:38:00,-0.119200443,0.005156603518778042,-0.054580452061613896,-0.06977659445716415
961,2021-10-06 03:08:00,-0.177773991,0.005817665297262615,0.006561399732187916,-0.1901530560294505
962,2021-10-06 03:38:00,0.229824933,0.00646377163606539,0.03774008279113669,0.18562107857279792
963,2021-10-06 04:08:00,0.216309582,0.007095917115214587,0.11369989297295818,0.09551377191182724
964,2021-10-06 04:38:00,0.031913698,0.007717086061955691,0.015620719307361757,0.008575892630682546
965,2021-10-06 05:08:00,-0.076730917,0.00833047601926122,-0.06390167739695458,-0.021159715622306632
966,2021-10-06 05:38:00,0.156253249,0.00894010889876439,-0.021558573143425016,0.16887171324466063
967,2021-10-06 06:08:00,0.012570051,0.009548811294662497,-0.03290598513447898,0.03592722483981649
968,2021-10-06 06:38:00,0.015624744,0.010158884290747664,-0.020762073270486774,0.02622793297973911
969,2021-10-06 07:08:00,0.193838834,0.010772047626369935,0.03572584431536471,0.14734094205826534
970,2021-10-06 07:38:00,0.099569942,0.011389631028372607,0.07965718979276844,0.00852312117885895
971,2021-10-06 08:08:00,0.247029156,0.012013350389626974,-0.029937100935149234,0.2649529065455223
972,2021-10-06 08:38:00,0.094198334,0.012643607494784896,0.04202417250761481,0.03953055399760029
973,2021-10-06 09:08:00,-0.139482907,0.013280018263988986,0.046526376924819465,-0.19928930218880844
974,2021-10-06 09:38:00,-0.07881554,0.013921037158652796,-0.0017473993496968491,-0.09098917780895595
975,2021-10-06 10:08:00,0.013809944,0.014564146674101495,-0.006846527627889656,0.006092324953788161
976,2021-10-06 10:38:00,0.030649847,0.015206983050531536,0.010631637782911424,0.0048112261665570425
977,2021-10-06 11:08:00,-0.059598836,0.015847966828266388,-0.02398381259165564,-0.051462990236610745
978,2021-10-06 11:38:00,-0.140415249,0.016486706471996612,-0.10456511072669936,-0.05233684474529725
979,2021-10-06 12:08:00,-0.057653993,0.017121673287231968,-0.08703411414638842,0.012258447859156456
980,2021-10-06 12:38:00,0.080128377,0.017751706092405548,0.03392395793392625,0.0284527129736682
981,2021-10-06 13:08:00,0.015495901,0.018376249259768117,0.025352042064386977,-0.028232390324155095
982,2021-10-06 13:38:00,0.076800294,0.018994298126311426,-0.034315351969881024,0.0921213478435696
983,2021-10-06 14:08:00,-0.029249237,0.019606122959861416,-0.04627654730543271,-0.002578812654428709
984,2021-10-06 14:38:00,-0.057377171,0.020213543041823014,0.0034403248388259204,-0.08103103888064893
985,2021-10-06 15:08:00,-0.032701148,0.020818466315639328,-0.009742095410802688,-0.04377751890483664
986,2021-10-06 15:38:00,-0.025687511,0.0214219804743553,-0.07619925355591789,0.029089762081562595
987,2021-10-06 16:08:00,0.001085633,0.022024989272977268,-0.027127143654995772,0.006187787382018504
988,2021-10-06 16:38:00,-0.105736295,0.022627945225138578,-0.028446044275302364,-0.0999181959498362
989,2021-10-06 17:08:00,0.05781528,0.02323275932804669,0.022268038051930228,0.01231448262002308
990,2021-10-06 17:38:00,0.049846738,0.023843123193008277,0.06814270966657689,-0.04213909485958516
991,2021-10-06 18:08:00,0.040008815,0.02446189386390822,0.00864606018813486,0.006900860947956923
992,2021-10-06 18:38:00,0.004904725,0.025091843848784056,-0.04832520261205113,0.028138083763267072
993,2021-10-06 19:08:00,0.048703458,0.025733351261380485,0.014559964698567745,0.008410142040051766
994,2021-10-06 19:38:00,0.08233957,0.026384986701741792,0.03551252410462163,0.02044205919363658
995,2021-10-06 20:08:00,-0.098407567,0.027042646993773664,0.045004004048476376,-0.17045421804225003
996,2021-10-06 20:38:00,0.146407766,0.027700081964837406,0.09910400600099031,0.019603678034172276
997,2021-10-06 21:08:00,0.060036412,0.02835149029519646,0.016320544626652216,0.01536437707815132
998,2021-10-06 21:38:00,0.223580805,0.0289896981178009,-0.007828290008558537,0.20241939689075764
999,2021-10-06 22:08:00,0.057965169,0.029608216993008384,0.053244892326466065,-0.02488794031947445
1000,2021-10-06 22:38:00,-0.053987559,0.03020289867034585,-0.044899462178166455,-0.03929099549217939
1001,2021-10-06 23:08:00,-0.098134587,0.0307717141864462,0.03872071920956341,-0.1676270203960096
1002,2021-10-06 23:38:00,0.027122395,0.031312216392366164,0.02656026899099393,-0.030750090383360094
1003,2021-10-07 00:08:00,-0.118519131,0.03182185057897435,0.06334435189220651,-0.21368533347118085
1004,2021-10-07 00:38:00,0.06455774,0.03229725879423724,0.13304769901929978,-0.10078721781353701
1005,2021-10-07 01:08:00,0.052930497,0.03273553103548068,-0.0632762721256668,0.08347123809018611
1006,2021-10-07 01:38:00,-0.104169604,0.03313656161491811,-0.10197126241348922,-0.03533490320142889
1007,2021-10-07 02:08:00,-0.089559063,0.03349967195732937,-0.13784401802662102,0.014785283069291659
1008,2021-10-07 02:38:00,-0.040933883,0.03382282717458807,-0.09420132297049927,0.019444612795911198
1009,2021-10-07 03:08:00,0.040251627,0.034102431906270186,-0.0020379466291445257,0.008187141722874339
1010,2021-10-07 03:38:00,0.127872039,0.03433516209814657,0.03871837094983971,0.054818505952013714
1011,2021-10-07 04:08:00,0.168789155,0.034520578978803215,0.16299963092962405,-0.02873105490842727
1012,2021-10-07 04:38:00,0.088051199,0.03465953478963821,0.030127231218914648,0.02326443299144714
1013,2021-10-07 05:08:00,0.015163342,0.03475091374486194,-0.05071143934963353,0.031123867604771586
1014,2021-10-07 05:38:00,-0.255631757,0.034792209151141604,-0.003837849879077846,-0.28658611627206376
1015,2021-10-07 06:08:00,0.168755592,0.03478204344043646,-0.04778570312026561,0.18175925167982918
1016,2021-10-07 06:38:00,-0.001364461,0.03471846654298459,-0.018412680611850737,-0.017670246931133855
1017,2021-10-07 07:08:00,0.086661927,0.03459917725180196,0.04624170083120694,0.0058210489169910964
1018,2021-10-07 07:38:00,0.162699672,0.03442213132901823,0.09842235920103824,0.029855181469943516
1019,2021-10-07 08:08:00,-0.067326287,0.03418572272343598,-0.04645580888792839,-0.055056200835507586
1020,2021-10-07 08:38:00,0.130578319,0.0338899196238404,0.04232767727610165,0.05436072210005795
1021,2021-10-07 09:08:00,0.188168792,0.03353624905143154,0.06024385001787259,0.09438869293069588
1022,2021-10-07 09:38:00,0.134747126,0.03312624085062761,0.020138936686402112,0.08148194846297027
1023,2021-10-07 10:08:00,-0.015194306,0.03266272987234746,-0.014685091807290903,-0.03317194406505655
1024,2021-10-07 10:38:00,0.153733734,0.03214813666497427,0.004293792320561598,0.11729180501446415
1025,2021-10-07 11:08:00,0.05599349,0.0315837643731747,-0.03538556281496168,0.05979528844178697
1026,2021-10-07 11:38:00,-0.093639352,0.03097021522539142,-0.13992370777184723,0.015314140546455818
1027,2021-10-07 12:08:00,0.194486348,0.030308781478631894,-0.13285602064080496,0.29703358716217304
1028,2021-10-07 12:38:00,0.089465692,0.029601167498313687,0.033214844089951887,0.026649680411734426
1029,2021-10-07 13:08:00,0.115211479,0.028848514878165615,0.019535719211780354,0.06682724491005404
1030,2021-10-07 13:38:00,-0.020796499,0.028053576972326317,-0.044103606734618654,-0.004746469237707662
1031,2021-10-07 14:08:00,-0.040158563,0.02721880193598207,-0.07825477450938019,0.010877409573398118
1032,2021-10-07 14:38:00,0.068130447,0.026344995520790993,0.017089696513473945,0.024695754965735058
1033,2021-10-07 15:08:00,-0.203807451,0.025431511216384737,0.023837556574140297,-0.25307651879052506
1034,2021-10-07 15:38:00,-0.061303797,0.02447811158474191,-0.11834104513117992,0.03255913654643801
1035,2021-10-07 16:08:00,-0.028911399,0.023484913556337698,-0.04349917714289925,-0.00889713541343845
1036,2021-10-07 16:38:00,0.019470317,0.022452734162433933,-0.030072510008255532,0.0270900928458216
1037,2021-10-07 17:08:00,-0.010437972,0.021383351032962013,0.021101518475314055,-0.05292284150827607
1038,2021-10-07 17:38:00,-0.043368745,0.02027696777383042,0.08991779496857283,-0.15356350774240324
1039,2021-10-07 18:08:00,0.039314754,0.019133676407618035,0.018635444744754953,0.0015456328476270119
1040,2021-10-07 18:38:00,-0.042548233,0.017954162274179643,-0.07063881826028152,0.010136422986101883
1041,2021-10-07 19:08:00,-0.144207499,0.016739258791986403,0.04926512938492633,-0.21021188717691272
1042,2021-10-07 19:38:00,0.000918261,0.015489848430578608,0.06257546816517673,-0.07714705559575534
1043,2021-10-07 20:08:00,0.097867816,0.014207594688774377,0.05813803766815509,0.02552218364307053
1044,2021-10-07 20:38:00,0.015366526,0.012894381854828774,0.15641171198288484,-0.15393956783771362
1045,2021-10-07 21:08:00,0.0867637,0.011552660330196104,-0.019914849754837205,0.0951258894246411
1046,2021-10-07 21:38:00,-0.056844936,0.010186897643124353,-0.013954361719422251,-0.0530774719237021
1047,2021-10-07 22:08:00,0.094621201,0.008800436218857826,0.045780960994582474,0.040039803786559705
1048,2021-10-07 22:38:00,-0.097672328,0.007394923213309568,-0.057052769580929516,-0.048014481632380056
1049,2021-10-07 23:08:00,-0.036680792,0.005971878966403029,0.031219720877551534,-0.07387239184395455
1050,2021-10-07 23:38:00,0.152109374,0.004532736601939312,0.043522904010913445,0.10405373338714724
1051,2021-10-08 00:08:00,0.103188129,0.003079962522254652,0.09207603752451059,0.008032128953234765
1052,2021-10-08 00:38:00,0.211208744,0.0016170886668306255,0.19013747063797082,0.01945418469519856
1053,2021-10-08 01:08:00,-0.118469641,0.0002673760709652373,-0.08561820225896574,-0.0331188148119995
1054,2021-10-08 01:38:00,-0.136235036,-0.0010456157675820849,-0.14071640210319378,0.005526981870775858
1055,2021-10-08 02:08:00,0.100755328,-0.0023286891642175845,-0.17801723415374143,0.28110125131795904
1056,2021-10-08 02:38:00,0.108022552,-0.0035891492402979354,-0.13176468421870996,0.2433763854590079
1057,2021-10-08 03:08:00,-0.029587013,-0.004832820085876099,-0.013235130936652448,-0.011519061977471452
1058,2021-10-08 03:38:00,0.012777654,-0.006063810291957723,0.04222183445188253,-0.023380370159924807
1059,2021-10-08 04:08:00,-0.055547057,-0.007284819803741971,0.20749660484089139,-0.25575884203714944
1060,2021-10-08 04:38:00,0.01639078,-0.00849755012772688,0.04419902358550985,-0.01931069345778297
1061,2021-10-08 05:08:00,-0.046645701,-0.0097031024943541,-0.0335502183696835,-0.0033923801359623997
1062,2021-10-08 05:38:00,0.014930594,-0.010902176702231644,0.015921030208775562,0.009911740493456082
1063,2021-10-08 06:08:00,-0.080719402,-0.012095258186510173,-0.0620544241051872,-0.00656971970830262
1064,2021-10-08 06:38:00,-0.020273145,-0.013282731715543837,-0.015500432811736967,0.008510019527280805
1065,2021-10-08 07:08:00,0.046842125,-0.014464897598047038,0.05855891068563633,0.0027481119124107053
1066,2021-10-08 07:38:00,0.078232412,-0.015642019513585185,0.11692037065533842,-0.023045939141753232
1067,2021-10-08 08:08:00,-0.048644401,-0.0168143169458806,-0.06367050842232537,0.03184042436820597
1068,2021-10-08 08:38:00,-0.027482828,-0.017981947413026323,0.04231320465241332,-0.051814085239387006
1069,2021-10-08 09:08:00,0.031029271,-0.01914507154929602,0.07472546061207294,-0.024551118062776923
1070,2021-10-08 09:38:00,0.025014837,-0.020303753917036805,0.047448237515897315,-0.0021296465988605087
1071,2021-10-08 10:08:00,-0.026154714,-0.021457988927250586,-0.023875568984512145,0.019178843911762732
1072,2021-10-08 10:38:00,-0.029951365,-0.022607765351980537,-0.0003982155615038377,-0.006945384086515627
1073,2021-10-08 11:08:00,-0.079376854,-0.02375309871699469,-0.044291364243448345,-0.011332391039556963
1074,2021-10-08 11:38:00,0.182972058,-0.024893990184553478,-0.17541962750723464,0.3832856756917881
1075,2021-10-08 12:08:00,-0.205488957,-0.02603041532288039,-0.17834194151585642,-0.0011166001612631926
1076,2021-10-08 12:38:00,-0.028950216,-0.027162342893376833,0.030393158047106884,-0.032181031153730055
1077,2021-10-08 13:08:00,-0.029101657,-0.028289726715738744,0.01601646606228133,-0.016828396346542585
1078,2021-10-08 13:38:00,-0.092944305,-0.029412468062109856,-0.05532311073621705,-0.008208726201673101
1079,2021-10-08 14:08:00,-0.154791965,-0.030530433401509204,-0.11294848582310127,-0.011313045775389531
1080,2021-10-08 14:38:00,-0.002936236,-0.03164347398905028,0.031163356648974284,-0.0024561186599240045
1081,2021-10-08 15:08:00,0.055168232,-0.03275142891508113,0.06094141042190367,0.026978250493177452
1082,2021-10-08 15:38:00,-0.227349628,-0.0338541495173613,-0.1620981871302646,-0.03139729135237409
1083,2021-10-08 16:08:00,-0.09040653,-0.03495152389606192,-0.06106772890298312,0.005612722799045039
1084,2021-10-08 16:38:00,-0.063007258,-0.03604341371733591,-0.028599741010172767,0.001635896727508676
1085,2021-10-08 17:08:00,0.004344176,-0.03712968768581414,0.018266515756972277,0.023207347928841868
1086,2021-10-08 17:38:00,0.088758238,-0.038210236878935475,0.11236284030957307,0.01460563456936241
1087,2021-10-08 18:08:00,0.155281022,-0.03928500303803547,0.03166789463839395,0.16289813039964152
1088,2021-10-08 18:38:00,-0.153413436,-0.04035396780461335,-0.0948986569806456,-0.01816081121474103
1089,2021-10-08 19:08:00,0.048761191,-0.041417121308396955,0.08549484239332181,0.00468346991507515
1090,2021-10-08 19:38:00,0.085961008,-0.042474429442539555,0.09154593242113222,0.03688950502140734
1091,2021-10-08 20:08:00,0.022810968,-0.04352587714869856,0.07392268771610165,-0.007585842567403092
1092,2021-10-08 20:38:00,0.171122256,-0.044571509929240485,0.2151463207496715,0.0005474451795689922
1093,2021-10-08 21:08:00,-0.150069403,-0.04561137460413363,-0.06140857205671284,-0.043049456339153525
1094,2021-10-08 21:38:00,-0.027603555,-0.04664549792812814,-0.019347484587606902,0.03838942751573504
1095,2021-10-08 22:08:00,-0.02795861,-0.04767385420804126,0.037819450875871574,-0.01810420666783031
1096,2021-10-08 22:38:00,-0.060989697,-0.048696458860412656,-0.06854867317121764,0.056255435031630295
1097,2021-10-08 23:08:00,0.001823731,-0.049713328886313524,0.021138406614009262,0.03039865327230426
1098,2021-10-08 23:38:00,0.005358021,-0.0507245727669579,0.061696029100738764,-0.005613435333780864
