Event_No,Datetime,X Frequency_observed,X Frequency_trend,X Frequency_seasonal,X Frequency_resid
571,2021-09-28 00:08:00,0.213,0.2087286188745442,0.0009230750720883088,0.0033483060533675
572,2021-09-28 00:38:00,0.213,0.20835826804904944,0.005644127790859351,-0.0010023958399087984
573,2021-09-28 01:08:00,0.213,0.2079892756534992,0.0024942352001260226,0.002516489146374784
574,2021-09-28 01:38:00,0.213,0.207621692490692,0.0018149010816398724,0.0035634064276681143
575,2021-09-28 02:08:00,0.213,0.20725556545623733,0.00210791008043657,0.003636524463326102
576,2021-09-28 02:38:00,0.2,0.20689093407705134,-0.006180386569848175,-0.0007105475072031464
577,2021-09-28 03:08:00,0.225,0.20652783191678467,0.016187478448301,0.002284689634914322
578,2021-09-28 03:38:00,0.225,0.20616629280124318,0.01869026739734328,0.00014343980141354185
579,2021-09-28 04:08:00,0.225,0.20580634806639078,0.019101221687141845,9.243024646737874e-05
580,2021-09-28 04:38:00,0.225,0.20544802894498032,0.018135068426355556,0.0014169026286641184
581,2021-09-28 05:08:00,0.225,0.2050913669744708,0.02014113361741503,-0.0002325005918858425
582,2021-09-28 05:38:00,0.225,0.20473639234080548,0.020590214993305583,-0.0003266073341110509
583,2021-09-28 06:08:00,0.213,0.20438313614977266,0.007433131798070529,0.0011837320521567996
584,2021-09-28 06:38:00,0.225,0.20403163066511448,0.022192335737778776,-0.0012239664028932395
585,2021-09-28 07:08:00,0.213,0.2036819077900045,0.004647031942920414,0.004671060267075089
586,2021-09-28 07:38:00,0.213,0.2033340003802016,0.006421999047547068,0.0032440005722513265
587,2021-09-28 08:08:00,0.2,0.20298793542543,-0.002601096459881952,-0.0003868389655480309
588,2021-09-28 08:38:00,0.225,0.20264373446052836,-0.00493724792490405,0.027293513464375696
589,2021-09-28 09:08:00,0.213,0.20230141891667525,0.005615460009796625,0.005083121073528124
590,2021-09-28 09:38:00,0.2,0.2019610093894939,-0.0023980992335344733,0.00043708984404058904
591,2021-09-28 10:08:00,0.213,0.20162252059130736,0.010412438164266551,0.0009650412444260903
592,2021-09-28 10:38:00,0.225,0.20128596465135368,0.024412693377698066,-0.0006986580290517241
593,2021-09-28 11:08:00,0.188,0.20095135208420767,-0.011532534763262344,-0.0014188173209453148
594,2021-09-28 11:38:00,0.188,0.20061869430485163,-0.010104883117123454,-0.002513811187728171
595,2021-09-28 12:08:00,0.188,0.20028800585813664,-0.009562095720650728,-0.0027259101374859096
596,2021-09-28 12:38:00,0.188,0.19995930667345105,-0.010898164669645112,-0.0010611420038059427
597,2021-09-28 13:08:00,0.188,0.19963262274903582,-0.008969777967866887,-0.0026628447811689326
598,2021-09-28 13:38:00,0.188,0.19930798498138091,-0.008799688792439284,-0.0025082961889416333
599,2021-09-28 14:08:00,0.188,0.19898543155150364,-0.008629304188802677,-0.002356127362700966
600,2021-09-28 14:38:00,0.188,0.19866500930576347,-0.00845835789371697,-0.002206651412046512
601,2021-09-28 15:08:00,0.188,0.19834677467551362,-0.008286252227969932,-0.002060522447543678
602,2021-09-28 15:38:00,0.188,0.19803079478644994,-0.007674410620717727,-0.0023563841657322226
603,2021-09-28 16:08:00,0.188,0.19771714902720436,-0.006220317533131976,-0.003496831494072372
604,2021-09-28 16:38:00,0.188,0.19740593225917438,-0.007448120558898069,-0.001957811700276313
605,2021-09-28 17:08:00,0.188,0.197097259535703,-0.007566606302785647,-0.001530653232917345
606,2021-09-28 17:38:00,0.188,0.19679126816123085,-0.007357678754920074,-0.0014335894063107757
607,2021-09-28 18:08:00,0.188,0.19648812162223223,-0.006311580860201862,-0.00217654076203036
608,2021-09-28 18:38:00,0.188,0.19618801753033896,-0.006107056145572819,-0.002080961384766128
609,2021-09-28 19:08:00,0.188,0.19589120186121467,-0.0059056514080535255,-0.00198555045316115
610,2021-09-28 19:38:00,0.188,0.1955979889972573,-0.005706898477710172,-0.0018910905195471395
611,2021-09-28 20:08:00,0.188,0.1953087921678639,-0.005510675571243463,-0.001798116596620436
612,2021-09-28 20:38:00,0.188,0.1950241699487418,-0.005317040651120225,-0.001707129297621568
613,2021-09-28 21:08:00,0.188,0.19474489365731526,-0.00512738097229495,-0.0016175126850203059
614,2021-09-28 21:38:00,0.188,0.19447203376831884,-0.0049413792267604655,-0.0015306545415583739
615,2021-09-28 22:08:00,0.188,0.19420703918171972,-0.004778504056963469,-0.0014285351247562417
616,2021-09-28 22:38:00,0.2,0.1939517207196861,0.0038272450181873205,0.002221034262126581
617,2021-09-28 23:08:00,0.2,0.193707921614755,0.008807133403042318,-0.0025150550177973074
618,2021-09-28 23:38:00,0.188,0.19357652499712058,-0.004771795056842691,-0.0008047299402778874
619,2021-09-29 00:08:00,0.188,0.19345272588007026,-0.00012907571034365389,-0.005323650169726607
620,2021-09-29 00:38:00,0.2,0.19333502721653475,0.0035089734739527146,0.003155999309512547
621,2021-09-29 01:08:00,0.188,0.19322230115421832,0.00027672617860614797,-0.005499027332824452
622,2021-09-29 01:38:00,0.188,0.19311377047357134,0.0002566199399308062,-0.005370390413502152
623,2021-09-29 02:08:00,0.188,0.19300882476481201,0.0009429341594876044,-0.0059517589242996105
624,2021-09-29 02:38:00,0.188,0.1929068965816778,-0.004293814236933466,-0.0006130823447443312
625,2021-09-29 03:08:00,0.2,0.19280757176225935,0.008808982012060379,-0.0016165537743197123
626,2021-09-29 03:38:00,0.188,0.19271053729261256,0.014221685075502593,-0.018932222368115148
627,2021-09-29 04:08:00,0.188,0.19261553852316807,0.014434523872799084,-0.019050062395967154
628,2021-09-29 04:38:00,0.225,0.19252240925912648,0.010778231930355216,0.02169935881051832
629,2021-09-29 05:08:00,0.225,0.19243093179119466,0.01549587997410671,0.01707318823469864
630,2021-09-29 05:38:00,0.225,0.19234089198316917,0.015882517124533358,0.016776590892297466
631,2021-09-29 06:08:00,0.225,0.19225211893875283,0.005008308529449925,0.027739572531797263
632,2021-09-29 06:38:00,0.188,0.19216441425297215,0.018501523099147144,-0.022665937352119303
633,2021-09-29 07:08:00,0.188,0.19207771739739954,0.0019511085570248117,-0.0060288259544243605
634,2021-09-29 07:38:00,0.188,0.19199214471170048,0.002584636342513724,-0.0065767810542141925
635,2021-09-29 08:08:00,0.188,0.1919078404114875,-0.0031256443143687345,-0.0007821960971187703
636,2021-09-29 08:38:00,0.188,0.191824800574124,-0.0033522512652449715,-0.00047254930887902225
637,2021-09-29 09:08:00,0.188,0.19174300366394684,0.0032856039209512105,-0.007028607584898039
638,2021-09-29 09:38:00,0.188,0.19166247638831624,-0.0020952860230248746,-0.0015671903652913766
639,2021-09-29 10:08:00,0.225,0.19158340397582066,0.00584668898401516,0.027569907040164182
640,2021-09-29 10:38:00,0.225,0.19150604693023762,0.019265973560725614,0.014227979509036759
641,2021-09-29 11:08:00,0.225,0.19143065346706814,-0.007429769372028943,0.0409991159049608
642,2021-09-29 11:38:00,0.225,0.19135745107299323,-0.009300807302769826,0.0429433562297766
643,2021-09-29 12:08:00,0.188,0.1912866137685044,-0.005809443223495338,0.002522829454990938
644,2021-09-29 12:38:00,0.225,0.19121837178502793,-0.007045684168788824,0.04082731238376089
645,2021-09-29 13:08:00,0.188,0.19115300626248943,-0.005603508926632138,0.0024505026641427063
646,2021-09-29 13:38:00,0.188,0.19109085687790095,-0.005533987935800935,0.0024431310578999776
647,2021-09-29 14:08:00,0.188,0.19103220819501324,-0.005470364221674854,0.0024381560266616142
648,2021-09-29 14:38:00,0.188,0.19097727661523928,-0.00541022061512087,0.002432943999881587
649,2021-09-29 15:08:00,0.188,0.19092619551329926,-0.0053512385341718096,0.0024250430208725415
650,2021-09-29 15:38:00,0.188,0.19087898301450157,-0.004203821294948134,0.0013248382804465775
651,2021-09-29 16:08:00,0.188,0.19083549411884113,-0.0028301208756970377,-5.3732431440911554e-06
652,2021-09-29 16:38:00,0.188,0.19079548193976503,-0.0037245971895055272,0.0009291152497404864
653,2021-09-29 17:08:00,0.188,0.19075865113444612,-0.005078372660464906,0.002319721526018781
654,2021-09-29 17:38:00,0.188,0.19072468627636233,-0.005787941264832129,0.0030632549884697935
655,2021-09-29 18:08:00,0.188,0.19069332480183196,-0.00369590816853657,0.0010025833667046125
656,2021-09-29 18:38:00,0.188,0.19066425172935214,-0.003596196353122968,0.0009319446237708306
657,2021-09-29 19:08:00,0.188,0.19063713693743534,-0.0034966083453765633,0.0008594714079412369
658,2021-09-29 19:38:00,0.188,0.19061167959187925,-0.003397025868720729,0.0007853462768414865
659,2021-09-29 20:08:00,0.188,0.19058757654237718,-0.003297380778751314,0.000709804236374123
660,2021-09-29 20:38:00,0.188,0.19056452105531954,-0.003197733143411804,0.0006332120880922498
661,2021-09-29 21:08:00,0.188,0.19054221056716714,-0.0030981991422658526,0.0005559885750987259
662,2021-09-29 21:38:00,0.188,0.19052035209445226,-0.002999131032818515,0.00047877893836625884
663,2021-09-29 22:08:00,0.188,0.19049869704889433,-0.002900977810661738,0.000402280761767404
664,2021-09-29 22:38:00,0.188,0.19047712984500428,0.0028824150896109295,-0.005359544934615212
665,2021-09-29 23:08:00,0.2,0.19045557002607827,0.007212973626455071,0.002331456347466676
666,2021-09-29 23:38:00,0.188,0.19043397746845675,-0.0049400819064493754,0.0025061044379926234
667,2021-09-30 00:08:00,0.188,0.19041228382238928,-0.0010176034367841524,-0.0013946803856051404
668,2021-09-30 00:38:00,0.188,0.1903905135555204,0.001705254906722077,-0.004095768462242466
669,2021-09-30 01:08:00,0.188,0.19036867885364583,-0.001177213002450044,-0.0011914658511957832
670,2021-09-30 01:38:00,0.188,0.19034686537191128,-0.0010765491361237373,-0.0012703162357875497
671,2021-09-30 02:08:00,0.188,0.190325576532446,-3.470003008270979e-06,-0.002322106529437734
672,2021-09-30 02:38:00,0.188,0.19030571789430695,-0.0024948134316726727,0.00018909553736573548
673,2021-09-30 03:08:00,0.188,0.19028834302863562,0.0024202145840106636,-0.004708557612646297
674,2021-09-30 03:38:00,0.188,0.19027487089522224,0.009821883948723213,-0.012096754843945456
675,2021-09-30 04:08:00,0.188,0.19026673469996447,0.009916456604862475,-0.012183191304826951
676,2021-09-30 04:38:00,0.188,0.19026535002397527,0.003989516954990957,-0.0062548669789662115
677,2021-09-30 05:08:00,0.188,0.1902723827132816,0.010899185545723397,-0.013171568259004979
678,2021-09-30 05:38:00,0.188,0.19028957005557234,0.011220492460503922,-0.013510062516076254
679,2021-09-30 06:08:00,0.188,0.19031914551659002,0.0028155718837708024,-0.005134717400360811
680,2021-09-30 06:38:00,0.188,0.19036298473921007,0.014681006174985566,-0.017043990914195645
681,2021-09-30 07:08:00,0.188,0.19042235217277625,-0.00032465528403793534,-0.002097696888738315
682,2021-09-30 07:38:00,0.188,0.19049794550562818,-0.00012654185790116952,-0.002371403647727005
683,2021-09-30 08:08:00,0.188,0.1905903140209001,-0.0035502433374580743,0.0009599293165579725
684,2021-09-30 08:38:00,0.188,0.19070072095642943,-0.0018027618185231535,-0.0008979591379062735
685,2021-09-30 09:08:00,0.188,0.1908301798721042,0.0011442722607156034,-0.0039744521328198
686,2021-09-30 09:38:00,0.188,0.19097912136923814,-0.0017799040239957467,-0.0011992173452423927
687,2021-09-30 10:08:00,0.188,0.19114793929260104,0.001583797645818206,-0.004731736938419245
688,2021-09-30 10:38:00,0.188,0.19133785069120285,0.0141434982225598,-0.017481348913762657
689,2021-09-30 11:08:00,0.188,0.19155041845255355,-0.003523774734783064,-2.6643717770474806e-05
690,2021-09-30 11:38:00,0.188,0.19178648058388392,-0.008677094350518572,0.0048906137666346605
691,2021-09-30 12:08:00,0.188,0.19204700371775152,-0.0022315296284188793,-0.001815474089332636
692,2021-09-30 12:38:00,0.188,0.19233282186804354,-0.0033363059337723966,-0.000996515934271136
693,2021-09-30 13:08:00,0.188,0.19264378384013367,-0.00235987938255243,-0.002283904457581226
694,2021-09-30 13:38:00,0.188,0.19297844213194112,-0.0023626883585981047,-0.002615753773343027
695,2021-09-30 14:08:00,0.188,0.19333517297203245,-0.002377020486864288,-0.002958152485168175
696,2021-09-30 14:38:00,0.188,0.19371255647559396,-0.002398779606229631,-0.003313776869364321
697,2021-09-30 15:08:00,0.188,0.19410943535053185,-0.002424359492479936,-0.003685075858051917
698,2021-09-30 15:38:00,0.225,0.19452491134280733,-0.0008142760455076691,0.03128936470270033
699,2021-09-30 16:08:00,0.2,0.19495828781677393,0.00026011566871735574,0.0047815965145087125
700,2021-09-30 16:38:00,0.225,0.19540896049226242,-0.0002895464898643177,0.029880585997601905
701,2021-09-30 17:08:00,0.188,0.19587632070607527,-0.0024952330089158888,-0.005381087697159392
702,2021-09-30 17:38:00,0.188,0.19635970573505548,-0.0038912123729386346,-0.004468493362116854
703,2021-09-30 18:08:00,0.225,0.19685828448187792,-0.0011036318766622555,0.02924534739478435
704,2021-09-30 18:38:00,0.225,0.1973709994823069,-0.0010924559281702815,0.02872145644586338
705,2021-09-30 19:08:00,0.225,0.19789652152394788,-0.0010790765402080428,0.028182555016260158
706,2021-09-30 19:38:00,0.225,0.19843316390517418,-0.0010638208348385417,0.027630656929664377
707,2021-09-30 20:08:00,0.225,0.19897932583945968,-0.00104679336054786,0.027067467521088184
708,2021-09-30 20:38:00,0.225,0.1995334785831038,-0.0010281400209885,0.026494661437884703
709,2021-09-30 21:08:00,0.225,0.20009409552201887,-0.0010068219298420172,0.02591272640782316
710,2021-09-30 21:38:00,0.225,0.2006596467928044,-0.0009839665081168235,0.025324319715312432
711,2021-09-30 22:08:00,0.225,0.2012285752400804,-0.0009399570206648227,0.024711381780584435
712,2021-09-30 22:38:00,0.225,0.2017990992433272,0.002041191947365454,0.021159708809307343
713,2021-09-30 23:08:00,0.225,0.20236942124385893,0.005801300495664499,0.016829278260476588
714,2021-09-30 23:38:00,0.188,0.20293787826012766,-0.004526787359469312,-0.010411090900658337
715,2021-10-01 00:08:00,0.2,0.20350290582830194,-0.0012097959804881898,-0.0022931098478137513
716,2021-10-01 00:38:00,0.2,0.2040630183403057,-5.397064947087923e-05,-0.004009047690834822
717,2021-10-01 01:08:00,0.225,0.20461711622967196,-0.00106644122697001,0.02144932499729804
718,2021-10-01 01:38:00,0.2,0.20516430593182794,-0.00165925782936813,-0.0035050481024598013
719,2021-10-01 02:08:00,0.188,0.20570414853297458,-0.0005049829968576053,-0.017199165536116973
720,2021-10-01 02:38:00,0.188,0.20623709928876227,-0.0005547676830793345,-0.017682331605682944
721,2021-10-01 03:08:00,0.2,0.20676451308439206,-0.0019184035225208662,-0.004846109561871176
722,2021-10-01 03:38:00,0.188,0.2072880263892221,0.0002404181970117711,-0.019528444586233873
723,2021-10-01 04:08:00,0.213,0.20780940446775908,0.0044217175835394714,0.0007688779487014519
724,2021-10-01 04:38:00,0.188,0.20833072902113667,-0.004367323477894814,-0.015963405543241854
725,2021-10-01 05:08:00,0.188,0.2088542651991605,0.0006843526715199892,-0.021538617870680482
726,2021-10-01 05:38:00,0.188,0.2093819943274292,0.0009272582179459996,-0.02230925254537522
727,2021-10-01 06:08:00,0.188,0.2099156219713342,-0.00048018443137302474,-0.02143543753996119
728,2021-10-01 06:38:00,0.225,0.2104560295988446,0.013482104962497632,0.001061865438657772
729,2021-10-01 07:08:00,0.2,0.21100348355307208,-0.001994405573237562,-0.009009077979834496
730,2021-10-01 07:38:00,0.225,0.2115577378429615,-0.001142612656881173,0.01458487481391968
731,2021-10-01 08:08:00,0.2,0.21211829956417214,-0.0038956350103113158,-0.008222664553860809
732,2021-10-01 08:38:00,0.213,0.21268421373191032,-0.0003857163748132382,0.0007015026429029181
733,2021-10-01 09:08:00,0.213,0.21325364655246049,-0.0005676354985610129,0.00031398894610051853
734,2021-10-01 09:38:00,0.225,0.2138237820698841,-0.0016003379850654663,0.01277655591518137
735,2021-10-01 10:08:00,0.213,0.2143905709987779,-0.002785451761702713,0.0013948807629248217
736,2021-10-01 10:38:00,0.225,0.21494926801084932,0.009256363621808959,0.0007943683673417301
737,2021-10-01 11:08:00,0.225,0.21549536666418528,0.0004122790406635742,0.00909235429515115
738,2021-10-01 11:38:00,0.225,0.2160254319204662,-0.006981736398526485,0.01595630447806029
739,2021-10-01 12:08:00,0.225,0.21653707628617416,0.000375440301492115,0.00808748341233373
740,2021-10-01 12:38:00,0.225,0.21702899690211017,0.0002182902604988103,0.00775271283739104
741,2021-10-01 13:08:00,0.225,0.21750074212572532,0.00015419924407760946,0.007345058630197077
742,2021-10-01 13:38:00,0.225,0.21795242442328014,6.337701412281187e-05,0.006984198562597049
743,2021-10-01 14:08:00,0.225,0.21838441940107398,-4.3291551793791014e-05,0.006658872150719808
744,2021-10-01 14:38:00,0.225,0.21879705357861598,-0.0001605466125646628,0.006363493033948675
745,2021-10-01 15:08:00,0.225,0.2191904812921362,-0.0002838749256788876,0.006093393633542693
746,2021-10-01 15:38:00,0.225,0.2195652291571638,0.002124086205988652,0.003310684636847555
747,2021-10-01 16:08:00,0.225,0.21992218806209562,0.0026505522833076833,0.0024272596545966973
748,2021-10-01 16:38:00,0.225,0.2202625629321486,0.002347636336981812,0.0023898007308695846
749,2021-10-01 17:08:00,0.225,0.22058714224644088,-0.0007524537443202315,0.005165311497879355
750,2021-10-01 17:38:00,0.2,0.2208959980944984,-0.002869404546093409,-0.018026593548404968
751,2021-10-01 18:08:00,0.225,0.22118903299064274,0.0012332926082040646,0.002577674401153196
752,2021-10-01 18:38:00,0.225,0.22146621275931422,0.0011207692840487153,0.0024130179566370646
753,2021-10-01 19:08:00,0.225,0.22172745683147538,0.001013521453830446,0.0022590217146941927
754,2021-10-01 19:38:00,0.225,0.22197263588929075,0.0009116374623650997,0.0021157266483441406
755,2021-10-01 20:08:00,0.225,0.22220156848391037,0.0008153239514992146,0.001983107564590414
756,2021-10-01 20:38:00,0.225,0.2224140714940241,0.0007247343183948696,0.0018611941875810445
757,2021-10-01 21:08:00,0.225,0.22261004442406634,0.0006408335594097836,0.0017491220165238852
758,2021-10-01 21:38:00,0.225,0.2227895699276867,0.0005630926591627489,0.001647337413150568
759,2021-10-01 22:08:00,0.225,0.22295302502554126,0.0005061032262139,0.0015408717482448542
760,2021-10-01 22:38:00,0.225,0.22310119841850315,0.0005461801184875326,0.0013526214630093236
761,2021-10-01 23:08:00,0.213,0.22323535224139326,0.0039359902827221125,-0.014171342524115393
762,2021-10-01 23:38:00,0.213,0.22335696731977464,-0.005223305949816536,-0.0051336613699581035
763,2021-10-02 00:08:00,0.225,0.22346720710251025,-0.0005610925133007622,0.0020938854107905025
764,2021-10-02 00:38:00,0.225,0.2235668578805766,-0.0006900517483444551,0.0021231938677678808
765,2021-10-02 01:08:00,0.188,0.22365675157195944,-0.0005864928601535406,-0.035070258711805885
766,2021-10-02 01:38:00,0.225,0.22373744498385018,-0.0010306376216420632,0.002293192637791902
767,2021-10-02 02:08:00,0.225,0.22380957416836622,0.00011625015126176736,0.0010741756803720193
768,2021-10-02 02:38:00,0.225,0.22387390299590332,7.381606177620431e-05,0.0010522809423204882
769,2021-10-02 03:08:00,0.188,0.22393090873347193,-0.0024950029362339823,-0.03343590579723796
770,2021-10-02 03:38:00,0.225,0.22398102024387728,0.0006055589952588589,0.0004134207608638696
771,2021-10-02 04:08:00,0.213,0.22402436167332898,0.0026507949395288095,-0.013675156612857786
772,2021-10-02 04:38:00,0.213,0.22406107233511885,-0.00469616071545626,-0.0063649116196626
773,2021-10-02 05:08:00,0.225,0.2240915098553734,0.0006154567879688008,0.0002930333566578125
774,2021-10-02 05:38:00,0.225,0.22411630843132485,0.0006460328747984247,0.00023765869387673555
775,2021-10-02 06:08:00,0.225,0.22413633836184368,-4.0128296546823806e-05,0.0009037899347031364
776,2021-10-02 06:38:00,0.225,0.22415241214888995,0.005202907017546054,-0.004355319166436
777,2021-10-02 07:08:00,0.225,0.22416528700281577,-0.0015099483866445411,0.002344661383828772
778,2021-10-02 07:38:00,0.2,0.22417590350524308,-0.0007656533949836708,-0.023410250110259406
779,2021-10-02 08:08:00,0.225,0.22418513696862705,-0.004702387402407219,0.00551725043378018
780,2021-10-02 08:38:00,0.225,0.2241935951956666,6.258700839822641e-05,0.0007438177959351866
781,2021-10-02 09:08:00,0.225,0.2242016450750893,-9.727665750564266e-05,0.0008956315824163452
782,2021-10-02 09:38:00,0.225,0.22420964444693164,-0.002353593644936107,0.003143949198004481
783,2021-10-02 10:08:00,0.213,0.22421771039365385,-0.0023770837531334795,-0.008840626640520377
784,2021-10-02 10:38:00,0.225,0.2242257286906705,0.003960127196626876,-0.0031858558872973897
785,2021-10-02 11:08:00,0.225,0.22423357073352043,0.0009661865601000323,-0.00019975729362045613
786,2021-10-02 11:38:00,0.213,0.22424108396748346,-0.009948305942284536,-0.0012927780251989207
787,2021-10-02 12:08:00,0.225,0.2242481559264076,0.0005010725407691204,0.00025077153282329623
788,2021-10-02 12:38:00,0.225,0.22425469752750501,0.0009556844928714854,-0.00021038202037648723
789,2021-10-02 13:08:00,0.225,0.22426063560196147,0.0009439964599995652,-0.0002046320619610298
790,2021-10-02 13:38:00,0.225,0.22426591216047706,0.0008979991531250205,-0.00016391131360207756
791,2021-10-02 14:08:00,0.225,0.22427048986065196,0.0008463405161569992,-0.00011683037680895736
792,2021-10-02 14:38:00,0.225,0.2242743851824422,0.0007794114719795344,-5.379665442173387e-05
793,2021-10-02 15:08:00,0.225,0.22427767173407845,0.00071329589056007,9.032375361484046e-06
794,2021-10-02 15:38:00,0.225,0.22428041921473735,0.0003922195771684455,0.00032736120809420677
795,2021-10-02 16:08:00,0.225,0.22428265110302836,0.0008893016890260756,-0.00017195279205442504
796,2021-10-02 16:38:00,0.2,0.22428435173795352,0.002625516061396329,-0.02690986779934984
797,2021-10-02 17:08:00,0.225,0.22428553685704988,0.00047152545242439383,0.00024293769052571856
798,2021-10-02 17:38:00,0.225,0.22428625668249988,-0.0014672395212965538,0.002180982838796669
799,2021-10-02 18:08:00,0.225,0.22428660716188578,0.0015076789981359185,-0.0007942861600216955
800,2021-10-02 18:38:00,0.225,0.22428666075059278,0.0014286574223929978,-0.0007153181729857849
801,2021-10-02 19:08:00,0.225,0.22428649241203863,0.0013430518872569496,-0.0006295442992955702
802,2021-10-02 19:38:00,0.225,0.2242861916337638,0.001256559314127376,-0.000542750947891163
803,2021-10-02 20:08:00,0.225,0.22428585913280197,0.0011878606006727563,-0.00047371973347470897
804,2021-10-02 20:38:00,0.225,0.2242855952147264,0.0011027314531235682,-0.00038832666784996417
805,2021-10-02 21:08:00,0.225,0.22428549259294903,0.0010547489660983679,-0.00034024155904738285
806,2021-10-02 21:38:00,0.225,0.22428563506984991,0.00099913156910641,-0.00028476663895632415
807,2021-10-02 22:08:00,0.225,0.22428610445705474,0.0007567875291996319,-4.289198625437307e-05
808,2021-10-02 22:38:00,0.225,0.22428699341862357,0.0009190721521394679,-0.00020606557076302545
809,2021-10-02 23:08:00,0.225,0.22428835610578943,-3.4640240671285046e-06,0.0007151079182776965
810,2021-10-02 23:38:00,0.225,0.2242901400524975,-0.0031612448345921715,0.003871104782094681
811,2021-10-03 00:08:00,0.225,0.22429233702179377,0.00039601453355238417,0.00031164844465383923
812,2021-10-03 00:38:00,0.225,0.2242949266729477,0.0003849903028731999,0.00032008302417910195
813,2021-10-03 01:08:00,0.225,0.22429788736020304,-0.00012080251623160319,0.0008229151560285863
814,2021-10-03 01:38:00,0.225,0.22430129436741397,0.00029977706800496357,0.0003989285645810692
815,2021-10-03 02:08:00,0.225,0.22430522606833136,0.0007283301874325681,-3.3556255763927956e-05
816,2021-10-03 02:38:00,0.225,0.22430972507257105,0.0007932533834559719,-0.00010297845602702527
817,2021-10-03 03:08:00,0.225,0.22431480756773192,-0.0009334001200198895,0.0016185925522879674
818,2021-10-03 03:38:00,0.225,0.22432046306041584,0.0007961981005717334,-0.00011666116098757451
819,2021-10-03 04:08:00,0.225,0.22432664545960052,0.0016413616271113713,-0.0009680070867118806
820,2021-10-03 04:38:00,0.225,0.22433319187262668,-0.0033837274297214407,0.004050535557094753
821,2021-10-03 05:08:00,0.225,0.22433990536290832,0.001652833288148898,-0.0009927386510572012
822,2021-10-03 05:38:00,0.225,0.22434654775588722,0.000636056168721428,1.7396075391362675e-05
823,2021-10-03 06:08:00,0.225,0.22435286095385923,0.0008844795513833147,-0.0002373405052425448
824,2021-10-03 06:38:00,0.225,0.22435853331102962,0.0032505925284009914,-0.0026091258394305983
825,2021-10-03 07:08:00,0.225,0.22436329329014273,0.000472736784120657,0.0001639699257366123
826,2021-10-03 07:38:00,0.225,0.2243669087387411,0.000706246187433253,-7.315492617435138e-05
827,2021-10-03 08:08:00,0.213,0.22436920929735824,-0.0035815059581066123,-0.007787703339251634
828,2021-10-03 08:38:00,0.225,0.22437009275434108,-0.0014201939589161701,0.0020501012045751055
829,2021-10-03 09:08:00,0.225,0.22436952401643834,-0.0006807564136086909,0.0013112323971703477
830,2021-10-03 09:38:00,0.213,0.2243676215821188,-0.0032301985061951527,-0.008137423075923633
831,2021-10-03 10:08:00,0.225,0.2243645890396671,-0.0014521072694620883,0.002087518229794999
832,2021-10-03 10:38:00,0.225,0.22436070456082843,0.0010560979305947863,-0.0004168024914232016
833,2021-10-03 11:08:00,0.225,0.2243563105439323,0.0007108202057207785,-6.713074965306043e-05
834,2021-10-03 11:38:00,0.213,0.224351767665163,-0.010778912726837469,-0.0005728549383255122
835,2021-10-03 12:08:00,0.213,0.22434736880722947,0.00014251648388115306,-0.01148988529111064
836,2021-10-03 12:38:00,0.225,0.22434335294929378,0.00077572530091689,-0.00011907825021065244
837,2021-10-03 13:08:00,0.225,0.22433994568580556,0.000791349166307349,-0.00013129485211291203
838,2021-10-03 13:38:00,0.225,0.22433736215802402,0.000807431158142754,-0.0001447933161667636
839,2021-10-03 14:08:00,0.225,0.2243357476534569,0.000789255467281815,-0.00012500312073870923
840,2021-10-03 14:38:00,0.225,0.2243351820108041,0.0008306151931175565,-0.00016579720392165265
841,2021-10-03 15:08:00,0.225,0.22433571464476754,0.0008444459311075349,-0.00018016057587505463
842,2021-10-03 15:38:00,0.188,0.22433734933096477,-0.003118550065295003,-0.033218799265669785
843,2021-10-03 16:08:00,0.225,0.22434000372319654,-0.0033093012706959094,0.003969297547499362
844,2021-10-03 16:38:00,0.225,0.22434360456010508,0.0016634123447887275,-0.0010070169048937982
845,2021-10-03 17:08:00,0.225,0.224348107606329,5.6529627157263825e-05,0.0005953627665137295
846,2021-10-03 17:38:00,0.225,0.22435349698510226,3.0007553635081057e-05,0.0006164954612626616
847,2021-10-03 18:08:00,0.225,0.22435966161185208,6.400797092298197e-05,0.0005763304172249351
848,2021-10-03 18:38:00,0.225,0.22436646995902024,0.0006128816077538765,2.0648433225883833e-05
849,2021-10-03 19:08:00,0.225,0.2243738673778412,0.0009244770775922464,-0.0002983444554334469
850,2021-10-03 19:38:00,0.225,0.2243818752945302,0.0010863258633168316,-0.00046820115784701466
851,2021-10-03 20:08:00,0.225,0.2243905565527647,0.0011432477833591133,-0.0005338043361237943
852,2021-10-03 20:38:00,0.225,0.22439993295080962,0.00022095828472660064,0.00037910876446378694
853,2021-10-03 21:08:00,0.225,0.22440995242987183,0.0012316595812103144,-0.0006416120110821488
854,2021-10-03 21:38:00,0.225,0.22442052054251235,0.001286648280786485,-0.000707168823298826
855,2021-10-03 22:08:00,0.225,0.2244314818611967,-0.0035929842577958984,0.0041615023965991815
856,2021-10-03 22:38:00,0.225,0.2244426803018291,0.0014452605406511947,-0.0008879408424802837
857,2021-10-03 23:08:00,0.225,0.22445391711726062,0.0008121810800690594,-0.00026609819732967277
858,2021-10-03 23:38:00,0.225,0.2244649521261708,-0.004625991974332522,0.0051610398481617414
859,2021-10-04 00:08:00,0.225,0.22447556323614884,0.0005854520605108681,-6.101529665969441e-05
860,2021-10-04 00:38:00,0.225,0.22448547734885738,0.0017422707349669967,-0.0012277480838243648
861,2021-10-04 01:08:00,0.225,0.22449444670900945,0.0010258366667613165,-0.0005202833757707581
862,2021-10-04 01:38:00,0.225,0.22450229243943454,0.002015849218107205,-0.001518141657541744
863,2021-10-04 02:08:00,0.225,0.22450888717176334,0.0008184706589236104,-0.00032735783068693625
864,2021-10-04 02:38:00,0.225,0.22451413142815393,0.0025053186198055358,-0.0020194500479594757
865,2021-10-04 03:08:00,0.225,0.2245179593756467,0.0009642126614729038,-0.0004821720371195881
866,2021-10-04 03:38:00,0.225,0.2245202676388856,0.002515010934029826,-0.002035278572915439
867,2021-10-04 04:08:00,0.225,0.22452095971003616,0.0023438030318211965,-0.0018647627418573454
868,2021-10-04 04:38:00,0.225,0.2245199617891534,0.0010155289205054717,-0.000535490709658859
869,2021-10-04 05:08:00,0.188,0.22451725415101742,0.004217606035044447,-0.04073486018606187
870,2021-10-04 05:38:00,0.225,0.2245127896665916,0.0007233035036426705,-0.0002360931702342639
871,2021-10-04 06:08:00,0.225,0.2245064746326829,0.003213328403548544,-0.0027198030362314274
872,2021-10-04 06:38:00,0.188,0.2244981931076665,0.00449486240034739,-0.04099305550801388
873,2021-10-04 07:08:00,0.225,0.22448782856500812,0.00339289019367545,-0.0028807187586835648
874,2021-10-04 07:38:00,0.225,0.2244753444798997,-0.0006612602252762799,0.0011859157453765756
875,2021-10-04 08:08:00,0.225,0.2244606211056064,-0.0028841468763239515,0.003423525770717556
876,2021-10-04 08:38:00,0.225,0.2244435343881373,-0.005608531890360298,0.006164997502222991
877,2021-10-04 09:08:00,0.225,0.2244239175182123,-0.003945891732783327,0.0045219742145710395
878,2021-10-04 09:38:00,0.225,0.22440141135346345,-0.005461872835448458,0.0060604614819850244
879,2021-10-04 10:08:00,0.225,0.22437555030775586,0.0015308860405821374,-0.00090643634833798
880,2021-10-04 10:38:00,0.225,0.2243457733251263,0.0005915272422920454,6.269943258163657e-05
881,2021-10-04 11:08:00,0.225,0.2243115510126377,-0.0004891086602533264,0.0011775576476156513
882,2021-10-04 11:38:00,0.225,0.22427243886204035,-0.009959557078093349,0.010687118216053004
883,2021-10-04 12:08:00,0.225,0.22422821629740786,0.0013948561756508715,-0.0006230724730587334
884,2021-10-04 12:38:00,0.225,0.22417885887866978,0.001392296548594919,-0.0005711554272646857
885,2021-10-04 13:08:00,0.225,0.22412439792308675,0.00021733111345584349,0.0006582709634574135
886,2021-10-04 13:38:00,0.225,0.2240646805971807,0.0008877227375130995,4.759666530620987e-05
887,2021-10-04 14:08:00,0.225,0.22399958140530776,0.004436698730015134,-0.003436280135322878
888,2021-10-04 14:38:00,0.225,0.22392900691231543,-0.00043311410594982467,0.0015041071936343908
889,2021-10-04 15:08:00,0.225,0.22385284839400613,-0.0005492503847715853,0.001696401990765456
890,2021-10-04 15:38:00,0.2,0.22377099357444968,-0.005628112078170693,-0.01814288149627899
891,2021-10-04 16:08:00,0.213,0.2236833582246779,-0.004951782553744383,-0.00573157567093352
892,2021-10-04 16:38:00,0.225,0.22358981258991745,0.0017794383319839073,-0.00036925092190134845
893,2021-10-04 17:08:00,0.225,0.2234901424307279,-0.0021442947296986745,0.0036541522989707864
894,2021-10-04 17:38:00,0.225,0.2233838947096929,-0.0020927349570519995,0.003708840247359124
895,2021-10-04 18:08:00,0.225,0.22327056395476033,-0.002289198927977227,0.004018634973216889
896,2021-10-04 18:38:00,0.225,0.22314946934486896,0.0006939534097335405,0.0011565772453974998
897,2021-10-04 19:08:00,0.225,0.22301962589293592,0.00205691598223314,-7.654187516906164e-05
898,2021-10-04 19:38:00,0.225,0.22287978227642388,-0.0002502319876688814,0.002370449711245004
899,2021-10-04 20:08:00,0.225,0.22272853292433822,0.0023827155497083605,-0.000111248474046588
900,2021-10-04 20:38:00,0.225,0.22256454954661123,-0.0016158499743930959,0.004051300427781873
901,2021-10-04 21:08:00,0.225,0.22238675594261678,0.0005347362355182868,0.0020785078218649444
902,2021-10-04 21:38:00,0.225,0.22219440889210143,0.0051955395927540116,-0.0023899484848554364
903,2021-10-04 22:08:00,0.225,0.2219870801491965,-0.009609510705588945,0.01262243055639245
904,2021-10-04 22:38:00,0.225,0.22176438557810607,0.0030515707936467863,0.0001840436282471436
905,2021-10-04 23:08:00,0.225,0.22152628610282693,0.0009444035604749466,0.0025293103366981207
906,2021-10-04 23:38:00,0.225,0.2212731215935018,-0.009390772869081517,0.013117651275579734
907,2021-10-05 00:08:00,0.225,0.22100534566609153,-0.0007143851142222919,0.004709039448130753
908,2021-10-05 00:38:00,0.225,0.2207236181226226,0.0005683465439451118,0.003708035333432308
909,2021-10-05 01:08:00,0.225,0.22042854016576088,0.00029907954196139417,0.004272380292277722
910,2021-10-05 01:38:00,0.225,0.2201207098137106,0.0037065238290722264,0.001172766357217192
911,2021-10-05 02:08:00,0.225,0.21980081709859708,-0.0002423194531371714,0.005441502354540079
912,2021-10-05 02:38:00,0.225,0.21946978171879444,0.005121314231521855,0.0004089040496837171
913,2021-10-05 03:08:00,0.225,0.2191285141569908,-8.310758658965477e-05,0.0059545934295988645
914,2021-10-05 03:38:00,0.225,0.2187780269835918,0.004245183263626718,0.0019767897527814826
915,2021-10-05 04:08:00,0.225,0.2184194045038376,0.0050412137575462845,0.001539381738616119
916,2021-10-05 04:38:00,0.225,0.21805407319283526,0.0025863685705641505,0.004359558236600586
917,2021-10-05 05:08:00,0.225,0.21768363250209843,0.005939103469336555,0.0013772640285650284
918,2021-10-05 05:38:00,0.225,0.21730969388426213,-0.0007875165122073293,0.008477822627945192
919,2021-10-05 06:08:00,0.225,0.21693389427382848,0.006077293562978747,0.0019888121631927713
920,2021-10-05 06:38:00,0.225,0.2165575485293129,0.005264277011475995,0.0031781744592111194
921,2021-10-05 07:08:00,0.225,0.21618163324205375,0.006303018949265044,0.0025153478086812064
922,2021-10-05 07:38:00,0.213,0.21580705606528086,-0.0025786748930735712,-0.0002283811722073037
923,2021-10-05 08:08:00,0.213,0.21543479441498337,-0.002253739871761404,-0.00018105454322195347
924,2021-10-05 08:38:00,0.2,0.2150659830951303,-0.01033513447873287,-0.004730848616397415
925,2021-10-05 09:08:00,0.2,0.21470173764955913,-0.005592873785393773,-0.009108863864165345
926,2021-10-05 09:38:00,0.2,0.21434305842318957,-0.005833269689562104,-0.008509788733627455
927,2021-10-05 10:08:00,0.2,0.21399034167477526,0.004827247922111638,-0.018817589596886897
928,2021-10-05 10:38:00,0.2,0.21364365367023175,0.007254488698157059,-0.0208981423683888
929,2021-10-05 11:08:00,0.188,0.2133024622987001,-0.0030549595737019864,-0.02224750272499809
930,2021-10-05 11:38:00,0.2,0.2129661183303415,-0.008291949011192564,-0.0046741693191489075
931,2021-10-05 12:08:00,0.2,0.21263414004514786,0.0036609810705332175,-0.01629512111568107
932,2021-10-05 12:38:00,0.188,0.2123057266950752,0.004141941687806601,-0.02844766838288179
933,2021-10-05 13:08:00,0.188,0.21198000676325335,0.0017227127080074959,-0.02570271947126085
934,2021-10-05 13:38:00,0.188,0.2116567548588045,0.007399342174947868,-0.031056097033752367
935,2021-10-05 14:08:00,0.188,0.2113360922312705,0.009702436876083303,-0.0330385291073538
936,2021-10-05 14:38:00,0.188,0.21101793157457294,-0.002341882465456027,-0.020676049109116912
937,2021-10-05 15:08:00,0.188,0.21070187478752478,-0.002332419376454558,-0.020369455411070214
938,2021-10-05 15:38:00,0.2,0.21038755883551763,-0.010027694853727682,-0.00035986398178994294
939,2021-10-05 16:08:00,0.188,0.21007494283033673,-0.006261048988856409,-0.015813893841480325
940,2021-10-05 16:38:00,0.213,0.2097640551556806,0.0003901049503771993,0.002845839893942187
941,2021-10-05 17:08:00,0.2,0.20945521729837185,-0.003928989990707787,-0.0055262273076640556
942,2021-10-05 17:38:00,0.2,0.20914905328437944,-0.003979053601685161,-0.005169999682694271
943,2021-10-05 18:08:00,0.2,0.20884621534601636,-0.004142763432299704,-0.004703451913716655
944,2021-10-05 18:38:00,0.2,0.20854701534260023,0.0011964551105585162,-0.009743470453158737
945,2021-10-05 19:08:00,0.2,0.20825183306792946,0.003839313372758309,-0.012091146440687761
946,2021-10-05 19:38:00,0.188,0.20796112521933666,-0.0021992358571230903,-0.017761889362213568
947,2021-10-05 20:08:00,0.188,0.20767509124478986,1.4600929427533446e-05,-0.0196896921742174
948,2021-10-05 20:38:00,0.2,0.20739422981134426,-0.0034988600238779408,-0.0038953697874662963
949,2021-10-05 21:08:00,0.188,0.20711945614941382,0.0008693600165586286,-0.01998881616597245
950,2021-10-05 21:38:00,0.2,0.20685182846801164,0.01010813777689159,-0.01695996624490323
951,2021-10-05 22:08:00,0.188,0.2065923731605573,-0.01786428975297287,-0.0007280834075844289
952,2021-10-05 22:38:00,0.188,0.20634238372650626,0.005106110716974923,-0.023448494443481183
953,2021-10-05 23:08:00,0.2,0.20610352001749552,0.0013399968912238287,-0.007443516908719333
954,2021-10-05 23:38:00,0.188,0.20587754455339233,-0.017280834409045775,-0.0005967101443465628
955,2021-10-06 00:08:00,0.2,0.20566639639429607,-0.0030217538595988056,-0.0026446425346972613
956,2021-10-06 00:38:00,0.225,0.2054722997695455,-0.005074530762340464,0.02460223099279496
957,2021-10-06 01:08:00,0.2,0.20529760082037352,0.001913525545708462,-0.007211126366081955
958,2021-10-06 01:38:00,0.225,0.20514439420699224,0.004535654150183883,0.015319951642823876
959,2021-10-06 02:08:00,0.2,0.20501435522931405,-0.0027620794094513875,-0.002252275819862648
960,2021-10-06 02:38:00,0.213,0.2049085409808641,0.005472970487281337,0.002618488531854535
961,2021-10-06 03:08:00,0.2,0.20482713290588642,-0.0026954150304428614,-0.002131717875443556
962,2021-10-06 03:38:00,0.188,0.20476944557464566,0.004759981958715459,-0.021529427533361123
963,2021-10-06 04:08:00,0.213,0.2047340113236283,0.007961723470738908,0.0003042652056327866
964,2021-10-06 04:38:00,0.2,0.20471874309666205,0.0036281332528098746,-0.008346876349471899
965,2021-10-06 05:08:00,0.188,0.20472110945040717,0.008422690803888083,-0.025143800254295245
966,2021-10-06 05:38:00,0.2,0.2047381082825234,-0.0033320244747652955,-0.001406083807758085
967,2021-10-06 06:08:00,0.213,0.20476667562539247,0.00947951343109228,-0.0012461890564847422
968,2021-10-06 06:38:00,0.213,0.2048041026336386,0.001428888749292077,0.006767008617069303
969,2021-10-06 07:08:00,0.213,0.20484813577934058,0.009575885812748371,-0.0014240215920889587
970,2021-10-06 07:38:00,0.2,0.20489706142916242,-0.005059137931101736,0.00016207650193933443
971,2021-10-06 08:08:00,0.2,0.20494981338093538,0.00399776515211541,-0.008947578533050782
972,2021-10-06 08:38:00,0.188,0.20500564391053766,-0.015574434655518245,-0.001431209255019411
973,2021-10-06 09:08:00,0.188,0.2050639604103893,-0.0037190797757270682,-0.013344880634662215
974,2021-10-06 09:38:00,0.2,0.2051242849058631,0.0007103620366012539,-0.005834646942464328
975,2021-10-06 10:08:00,0.213,0.2051862175495556,0.00833804425547842,-0.0005242618050340375
976,2021-10-06 10:38:00,0.188,0.2052493789708171,0.010625839781492561,-0.027875218752309666
977,2021-10-06 11:08:00,0.188,0.2053133089287815,-0.0052870341390077215,-0.012026274789773778
978,2021-10-06 11:38:00,0.2,0.2053777916061524,-0.008534709377348572,0.0031569177711961716
979,2021-10-06 12:08:00,0.213,0.2054427479103666,0.006565155786345448,0.0009920963032879482
980,2021-10-06 12:38:00,0.213,0.2055081292550854,-0.003374588825476627,0.010866459570391201
981,2021-10-06 13:08:00,0.2,0.205573814837082,0.005413583536873004,-0.010987398373954987
982,2021-10-06 13:38:00,0.188,0.20563958345731564,0.010521117279811424,-0.028160700737127065
983,2021-10-06 14:08:00,0.225,0.20570499747682272,0.012628513439753505,0.006666489083423793
984,2021-10-06 14:38:00,0.2,0.2057695065361114,-0.0005832821703520856,-0.005186224365759301
985,2021-10-06 15:08:00,0.2,0.20583242709156652,-0.005000518957576926,-0.0008319081339895895
986,2021-10-06 15:38:00,0.2,0.20589340922395108,-0.008529748300745021,0.0026363390767939476
987,2021-10-06 16:08:00,0.2,0.20595231191122698,-0.005159506708785822,-0.0007928052024411547
988,2021-10-06 16:38:00,0.188,0.20600932052262377,-0.0034277105467911476,-0.014581609975832632
989,2021-10-06 17:08:00,0.2,0.20606473538928732,-0.006278411115740712,0.00021367572645339394
990,2021-10-06 17:38:00,0.2,0.2061188916847406,-0.008508868249050157,0.0023899765643095594
991,2021-10-06 18:08:00,0.213,0.20617196314172434,-0.00633715847574075,0.013165195334016416
992,2021-10-06 18:38:00,0.213,0.20622400151472323,0.0005852760613977818,0.006190722423878997
993,2021-10-06 19:08:00,0.213,0.20627509763353694,0.00489077696191039,0.0018341254045526612
994,2021-10-06 19:38:00,0.2,0.2063254914159964,-0.005229448388027842,-0.001096043027968563
995,2021-10-06 20:08:00,0.213,0.20637539260709517,-0.003948772993346313,0.010573380386251136
996,2021-10-06 20:38:00,0.2,0.20642481222531303,-0.006235766180438001,-0.00018904604487501864
997,2021-10-06 21:08:00,0.2,0.20647365209854832,0.0015101952436841013,-0.007983847342232397
998,2021-10-06 21:38:00,0.225,0.2065218425517559,0.012423369855899301,0.00605478759234479
999,2021-10-06 22:08:00,0.225,0.2065694018404127,-0.008539014011172278,0.026969612170759577
1000,2021-10-06 22:38:00,0.213,0.2066164267837997,0.007694092351513665,-0.0013105191353133816
1001,2021-10-06 23:08:00,0.213,0.20666309027718544,0.00048342504545474327,0.005853484677359827
1002,2021-10-06 23:38:00,0.225,0.2067096147377305,-0.008590959725061574,0.02688134498733108
1003,2021-10-07 00:08:00,0.225,0.20675608467617188,-0.005949923480157617,0.024193838803985734
1004,2021-10-07 00:38:00,0.2,0.2068024382363358,-0.010734472347094907,0.003932034110759125
1005,2021-10-07 01:08:00,0.225,0.20684832544017479,0.0023713359608966075,0.015780338598928606
1006,2021-10-07 01:38:00,0.213,0.20689332615278155,0.004949636372152111,0.0011570374750663193
1007,2021-10-07 02:08:00,0.225,0.20693699675819965,-0.005842592177114087,0.023905595418914433
1008,2021-10-07 02:38:00,0.188,0.20697891515248557,0.005528339169968457,-0.024507254322454014
1009,2021-10-07 03:08:00,0.225,0.20701873353745245,-0.00583865438604464,0.02381992084859219
1010,2021-10-07 03:38:00,0.213,0.20705621710096972,0.004963732022675852,0.0009800508763544158
1011,2021-10-07 04:08:00,0.213,0.20709122422064177,0.010741960778078282,-0.004833184998720069
1012,2021-10-07 04:38:00,0.213,0.20712357098091136,0.003898280053949305,0.0019781489651393425
1013,2021-10-07 05:08:00,0.213,0.20715319970902915,0.010724932541942282,-0.004878132250971445
1014,2021-10-07 05:38:00,0.2,0.20718006742056774,-0.006437944534577226,-0.0007421228859905149
1015,2021-10-07 06:08:00,0.188,0.20720424535962925,0.012448454367266092,-0.031652699726895356
1016,2021-10-07 06:38:00,0.2,0.2072260634227748,-0.0036644584032098017,-0.003561605019564984
1017,2021-10-07 07:08:00,0.2,0.20724598713636497,0.012440584121224509,-0.019686571257589464
1018,2021-10-07 07:38:00,0.188,0.2072645452284989,-0.007765173501990786,-0.011499371726508112
1019,2021-10-07 08:08:00,0.188,0.20728219206801593,0.008655894080758206,-0.027938086148774133
1020,2021-10-07 08:38:00,0.188,0.20729932208443042,-0.020863921289405677,0.0015645992049752588
1021,2021-10-07 09:08:00,0.2,0.2073163289643221,-0.0028741520376993216,-0.004442176926622743
1022,2021-10-07 09:38:00,0.188,0.2073334362258218,0.006368351947842085,-0.025701788173663864
1023,2021-10-07 10:08:00,0.2,0.20735079403463108,0.011543708301941506,-0.018894502336572583
1024,2021-10-07 10:38:00,0.225,0.20736851875415027,0.014010259049441951,0.003621222196407786
1025,2021-10-07 11:08:00,0.2,0.20738674188088507,-0.008004360384700315,0.0006176185038152537
1026,2021-10-07 11:38:00,0.225,0.20740569028196015,-0.008929751750724501,0.02652406146876435
1027,2021-10-07 12:08:00,0.213,0.20742565061991775,0.009658598679875088,-0.0040842492997928415
1028,2021-10-07 12:38:00,0.225,0.20744700048421597,-0.006335219800999462,0.023888219316783504
1029,2021-10-07 13:08:00,0.213,0.20747010678251082,0.008331284551449625,-0.002801391333960457
1030,2021-10-07 13:38:00,0.225,0.20749539668769906,0.013791304007717125,0.003713299304583806
1031,2021-10-07 14:08:00,0.225,0.20752350892086202,0.015641273885153743,0.0018352171939842454
1032,2021-10-07 14:38:00,0.225,0.2075548689370108,-0.00010229982292328892,0.017547430885912485
1033,2021-10-07 15:08:00,0.2,0.20758974889359327,-0.007832560434785776,0.0002428115411925169
1034,2021-10-07 15:38:00,0.225,0.20762838230816913,-0.009201762606496165,0.026573380298327037
1035,2021-10-07 16:08:00,0.2,0.2076708468682797,-0.0033173244327273886,-0.004353522435552287
1036,2021-10-07 16:38:00,0.2,0.2077170702666676,-0.006972046886735826,-0.000745023379931764
1037,2021-10-07 17:08:00,0.2,0.20776689215995217,-0.008573553889731238,0.0008066617297790846
1038,2021-10-07 17:38:00,0.2,0.20782013838526722,-0.013478781834670224,0.005658643449403006
1039,2021-10-07 18:08:00,0.2,0.20787655788778184,-0.008703485857029469,0.0008269279692476317
1040,2021-10-07 18:38:00,0.2,0.20793594122747827,0.0005758087450051145,-0.008511749972483384
1041,2021-10-07 19:08:00,0.213,0.20799810736877247,0.006108595654814597,-0.0011067030235870634
1042,2021-10-07 19:38:00,0.2,0.2080627989956448,-0.008310175917567582,0.0002473769219227817
1043,2021-10-07 20:08:00,0.2,0.2081297807225831,-0.007273815124752737,-0.0008559655978303549
1044,2021-10-07 20:38:00,0.2,0.20819879649193235,-0.00885349892031309,0.0006547024283807545
1045,2021-10-07 21:08:00,0.213,0.20826942051819944,0.0016361116510949544,0.003094467830705605
1046,2021-10-07 21:38:00,0.225,0.20834129659151474,0.014970443149046534,0.0016882602594387452
1047,2021-10-07 22:08:00,0.188,0.20841399702202262,-0.00451824293573134,-0.01589575408629129
1048,2021-10-07 22:38:00,0.2,0.20848703759151826,0.010211299791443133,-0.018698337382961394
1049,2021-10-07 23:08:00,0.2,0.2085600489038293,0.0002540115753940233,-0.008814060479223312
1050,2021-10-07 23:38:00,0.188,0.20863261841226804,-0.0045418842515793185,-0.016090734160688736
1051,2021-10-08 00:08:00,0.2,0.20870435726831085,-0.008842424953640408,0.0001380676853295626
1052,2021-10-08 00:38:00,0.188,0.20877505224393778,-0.016486843428955338,-0.0042882088149824305
1053,2021-10-08 01:08:00,0.213,0.20884091032267535,0.0029874380536703644,0.0011716516236542907
1054,2021-10-08 01:38:00,0.213,0.2089059169647397,0.0054417666015939385,-0.001347683566333635
1055,2021-10-08 02:08:00,0.2,0.20897053677288455,-0.008907433286469082,-6.31034864154445e-05
1056,2021-10-08 02:38:00,0.213,0.20903506906378955,0.005576274279684022,-0.0016113433434735702
1057,2021-10-08 03:08:00,0.2,0.20909969193416764,-0.00897715293820405,-0.000122538995963567
1058,2021-10-08 03:38:00,0.213,0.20916450963108518,0.005198264181437159,-0.0013627738125223388
1059,2021-10-08 04:08:00,0.225,0.2092295802923617,0.013590694968569239,0.0021797247390690777
1060,2021-10-08 04:38:00,0.213,0.2092949353747641,0.004325715964017063,-0.0006206513387811696
1061,2021-10-08 05:08:00,0.225,0.2093605836115765,0.013140516174801681,0.002498900213621813
1062,2021-10-08 05:38:00,0.2,0.20942652253854233,-0.009575658993500394,0.00014913645495806538
1063,2021-10-08 06:08:00,0.225,0.20949273826256795,0.015519239986914134,-1.1978249482069714e-05
1064,2021-10-08 06:38:00,0.2,0.20955921292766339,-0.009421004935887961,-0.0001382079917754131
1065,2021-10-08 07:08:00,0.225,0.20962592793985976,0.015384031848091425,-9.959787951180354e-06
1066,2021-10-08 07:38:00,0.2,0.20969286478327376,-0.010400275043266507,0.000707410259992769
1067,2021-10-08 08:08:00,0.225,0.20976000470074907,0.013596934247336392,0.0016430610519145294
1068,2021-10-08 08:38:00,0.213,0.20982732709984248,-0.02556220375986146,0.028734876660018976
1069,2021-10-08 09:08:00,0.213,0.2098948089563009,-0.0015351333409042848,0.004640324384603378
1070,2021-10-08 09:38:00,0.225,0.20996242638988838,0.012694109947733694,0.0023434636623779204
1071,2021-10-08 10:08:00,0.225,0.21003015010120688,0.014896686243865146,7.316365492798793e-05
1072,2021-10-08 10:38:00,0.225,0.21009794839795473,0.017518921459122993,-0.0026168698570777083
1073,2021-10-08 11:08:00,0.225,0.21016579292904525,-0.010518595430592926,0.025352802501547672
1074,2021-10-08 11:38:00,0.2,0.21023366215900183,-0.009300006470757684,-0.0009336556882441338
1075,2021-10-08 12:08:00,0.225,0.2103015379434256,0.01281471704802262,0.0018837450085517904
1076,2021-10-08 12:38:00,0.2,0.21036940454967298,-0.009319008694181773,-0.0010503958554911874
1077,2021-10-08 13:08:00,0.225,0.210437245656322,0.011551528603848308,0.0030112257398297038
1078,2021-10-08 13:38:00,0.225,0.21050504631966752,0.017150950447606842,-0.002655996767274349
1079,2021-10-08 14:08:00,0.225,0.21057279019733613,0.018284032388883646,-0.003856822586219777
1080,2021-10-08 14:38:00,0.213,0.21064046654779997,0.0006530567942741685,0.001706476657925865
1081,2021-10-08 15:08:00,0.2,0.21070807105853454,-0.010610729558953402,-9.734149958112726e-05
1082,2021-10-08 15:38:00,0.2,0.21077559872640145,-0.009960199326948048,-0.0008153993994533815
1083,2021-10-08 16:08:00,0.213,0.21084304502401183,-0.0010475012041287867,0.0032044561801169436
1084,2021-10-08 16:38:00,0.2,0.2109104061658299,-0.010688163227732824,-0.00022224293809705586
1085,2021-10-08 17:08:00,0.2,0.2109776747050104,-0.010676615200117775,-0.00030105950489259237
1086,2021-10-08 17:38:00,0.188,0.21104484326237838,-0.018453821854234668,-0.004591021408143714
1087,2021-10-08 18:08:00,0.2,0.21111190729567145,-0.010874929737564891,-0.00023697755810653254
1088,2021-10-08 18:38:00,0.213,0.21117886919192452,0.0004897093773133835,0.001331421430762092
1089,2021-10-08 19:08:00,0.2,0.2112457329475996,0.0072299625163180364,-0.018475695463917613
1090,2021-10-08 19:38:00,0.2,0.2113125005593584,-0.011362942597136917,5.044203777851419e-05
1091,2021-10-08 20:08:00,0.2,0.2113791736511174,-0.010831002503455,-0.0005481711476623963
1092,2021-10-08 20:38:00,0.2,0.21144575421239936,-0.011333295447378256,-0.00011245876502108398
1093,2021-10-08 21:08:00,0.213,0.21151224544163785,0.002008964474688903,-0.0005212099163267592
1094,2021-10-08 21:38:00,0.225,0.2115786513649916,0.01708428653963209,-0.0036629379046236865
1095,2021-10-08 22:08:00,0.213,0.2116449787134603,0.0001800753991887544,0.0011749458873509255
1096,2021-10-08 22:38:00,0.225,0.21171124016169662,0.01279025086965275,0.0004985089686506405
1097,2021-10-08 23:08:00,0.213,0.21177744719614144,-5.077596991932863e-05,0.001273328773777893
1098,2021-10-08 23:38:00,0.213,0.21184360886470102,0.00014148485296734632,0.0010149062823316402
