y_true,Random_Forest__Tuned__pred,Random_Forest__Tuned__abserr,Random_Forest__Tuned__acc_%,XGBoost__Tuned__pred,XGBoost__Tuned__abserr,XGBoost__Tuned__acc_%,SVR__Tuned__pred,SVR__Tuned__abserr,SVR__Tuned__acc_%,Ridge__Tuned__pred,Ridge__Tuned__abserr,Ridge__Tuned__acc_%,Random_Forest__baseline__pred,Random_Forest__baseline__abserr,Random_Forest__baseline__acc_%,XGBoost__baseline__pred,XGBoost__baseline__abserr,XGBoost__baseline__acc_%,SVR__baseline__pred,SVR__baseline__abserr,SVR__baseline__acc_%,Ridge__baseline__pred,Ridge__baseline__abserr,Ridge__baseline__acc_%
0.188,0.20844597268364734,0.02044597268364734,89.1244826150812,0.20500068,0.017000683665275573,90.95708315676832,0.2158879727709262,0.027887972770926195,85.16597193035841,0.20223912726913595,0.014239127269135954,92.42599613343833,0.2080650000000005,0.0200650000000005,89.3271276595742,0.20684506,0.018845059990882873,89.97603191974315,0.24367047054014723,0.05567047054014723,70.38804758502806,0.20294486944773213,0.014944869447732129,92.05060135758929
0.225,0.20638551495016633,0.01861448504983368,91.72689553340724,0.20515554,0.019844463467597967,91.18023845884535,0.21056767589085024,0.014432324109149769,93.58563372926677,0.20869603120208177,0.016303968797918234,92.75379164536967,0.2052050000000007,0.019794999999999313,91.20222222222253,0.2059424,0.019057592749595648,91.52995877795749,0.21142384402337444,0.013576155976625565,93.96615289927752,0.20833192815295126,0.016668071847048743,92.59196806797834
0.225,0.20764426356589202,0.017355736434107982,92.28633936261868,0.20145087,0.023549130558967596,89.53371975156996,0.22158910535265774,0.0034108946473422608,98.48404682340343,0.20770398703218215,0.017296012967817853,92.31288312541429,0.20747000000000057,0.017529999999999435,92.20888888888913,0.20005752,0.024942478537559515,88.91445398330688,0.25868655888220743,0.033686558882207424,85.02819605235226,0.20850525397477862,0.016494746025221385,92.66900176656827
0.2,0.21255621262458507,0.012556212624585061,93.72189368770746,0.2159425,0.01594250202178954,92.02874898910522,0.20737850316444625,0.007378503164446243,96.31074841777688,0.20653329463551248,0.006533294635512471,96.73335268224376,0.21055500000000016,0.010555000000000148,94.72249999999993,0.21474023,0.01474023163318633,92.62988418340683,0.23386293136985947,0.03386293136985946,83.06853431507027,0.20654903849220396,0.006549038492203951,96.72548075389801
0.225,0.21875128460686658,0.0062487153931334305,97.22279315860737,0.21261777,0.01238223016262055,94.49678659439087,0.21792543300985603,0.007074566990143971,96.85574800438046,0.2090652199451409,0.0159347800548591,92.91787553117373,0.22169749999999944,0.003302500000000569,98.53222222222196,0.21430454,0.010695463418960577,95.24646070268419,0.24249357452886589,0.01749357452886588,92.22507798717072,0.20954200689256433,0.015457993107435675,93.12978084113969
0.225,0.21699337763012216,0.008006622369877842,96.44150116894318,0.2177023,0.007297700643539434,96.75657749176025,0.20336567576900702,0.021634324230992985,90.38474478622534,0.21042227794766735,0.014577722052332653,93.52101242118549,0.21638999999999942,0.00861000000000059,96.17333333333306,0.21755809,0.007441914081573492,96.69248263041177,0.25069097516284816,0.025690975162848156,88.58178881651193,0.21023593070605964,0.014764069293940363,93.4381914249154
0.225,0.20107809523809556,0.02392190476190445,89.36804232804246,0.19741338,0.027586615085601812,87.73928218417697,0.19913192710468083,0.025868072895319172,88.50307871319147,0.20753190919142572,0.017468090808574283,92.23640408507809,0.2014725000000008,0.023527499999999202,89.54333333333369,0.19533196,0.02966803908348084,86.81420485178629,0.19899859690421456,0.02600140309578544,88.44382084631758,0.20667919735558243,0.018320802644417572,91.85742104692552
0.225,0.22274449612403174,0.002255503875968262,98.997553832903,0.21862298,0.006377017498016363,97.16577000088161,0.2323622332460677,0.00736223324606769,96.72789633508103,0.21518878805581798,0.009811211944182024,95.63946135814132,0.2241724999999991,0.000827500000000897,99.63222222222183,0.21831451,0.006685486435890203,97.02867269515991,0.18755829376753047,0.037441706232469535,83.35924167445799,0.21561245856533856,0.009387541434661445,95.82775936237269
0.225,0.22104062015503947,0.003959379844960531,98.24027562446199,0.2186008,0.006399205327034002,97.15590874354044,0.22899803749635794,0.003998037496357937,98.22309444606314,0.20894320064733582,0.016056799352664186,92.86364473214925,0.22230749999999933,0.0026925000000006805,98.80333333333303,0.22093627,0.004063731431961065,98.19389714135063,0.22693306530686058,0.0019330653068605763,99.14085986361752,0.20921468867301596,0.015785311326984047,92.98430607689599
0.188,0.2181447729789595,0.03014477297895951,83.96554628778749,0.21489105,0.026891046285629272,85.69625197572911,0.19742608991755653,0.00942608991755653,94.98612238427843,0.21712701080087637,0.029127010800876374,84.50690914847002,0.21651499999999968,0.02851499999999968,84.83244680851081,0.21587893,0.027878933668136596,85.17077996375713,0.2642608007603535,0.07626080076035352,59.435744276407696,0.21702867272895857,0.029028672728958566,84.55921663353267
0.225,0.22064124031007826,0.0043587596899217484,98.06277347114589,0.21636184,0.008638164401054388,96.16081582175362,0.2129975445816709,0.012002455418329117,94.66557536963151,0.2078695825401874,0.017130417459812614,92.38648112897218,0.22167499999999937,0.003325000000000633,98.52222222222194,0.218451,0.006549006700515753,97.08933035532633,0.2331122981713522,0.0081122981713522,96.3945341460657,0.20763254776454917,0.01736745223545083,92.28113233979963
0.188,0.22114501291989738,0.03314501291989738,82.369673978778,0.21904327,0.031043269753456115,83.48762247156589,0.2171913045841598,0.029191304584159805,84.47271032757457,0.21352453521947148,0.025524535219471484,86.4231195641109,0.2230724999999994,0.035072499999999396,81.34441489361734,0.2177811,0.029781096696853637,84.15899111869487,0.25248984923253176,0.06448984923253176,65.69688870610013,0.21370775927086352,0.025707759270863523,86.32565996230663
0.225,0.21822252491694405,0.006777475083055956,96.98778885197513,0.21307378,0.011926224827766424,94.6994556321038,0.2103162067511093,0.014683793248890714,93.47386966715968,0.20719073918201647,0.017809260817983535,92.0847729697851,0.21733999999999967,0.007660000000000333,96.5955555555554,0.21516013,0.009839868545532232,95.62672509087456,0.24853266237345495,0.023532662373454943,89.54103894513113,0.20737055386250383,0.017629446137496174,92.16469060555725
0.225,0.2213099963086018,0.0036900036913982137,98.35999835937858,0.2195561,0.005443906784057623,97.58048587375217,0.21413447870777624,0.010865521292223762,95.17087942567832,0.21472399847473173,0.01027600152526828,95.43288821099188,0.22276749999999937,0.0022325000000006368,99.00777777777749,0.2183175,0.006682506203651434,97.02999724282158,0.2639480209158891,0.03894802091588909,82.68976848182707,0.21492817696166144,0.010071823038338562,95.52363420518286
0.225,0.21997377260981985,0.00502622739018016,97.76612115991993,0.21684763,0.00815237164497376,96.37672371334499,0.2266769231029838,0.001676923102983785,99.25470084311831,0.21764019948227406,0.007359800517725945,96.72897754767735,0.22121999999999958,0.003780000000000422,98.31999999999981,0.21549378,0.00950621664524079,95.77501482433742,0.2536457936869947,0.028645793686994686,87.26853613911348,0.21812310105297664,0.006876898947023369,96.94360046798961
0.175,0.20790899224806234,0.032908992248062346,81.1948615725358,0.21144861,0.036448609828948986,79.1722229548863,0.22117300177470056,0.04617300177470057,73.61542755731396,0.21961461024666826,0.04461461024666827,74.50593700190385,0.20673250000000054,0.03173250000000055,81.86714285714254,0.21101771,0.03601771295070649,79.41844974245343,0.24203694552483554,0.06703694552483555,61.693173985808244,0.21961296025547417,0.04461296025547418,74.50687985401476
0.225,0.21994453672942113,0.005055463270578875,97.75312743529828,0.21498111,0.010018891096115118,95.54715951283772,0.222834937582967,0.0021650624170330146,99.03775003687421,0.2171709344531177,0.007829065546882313,96.52041531249675,0.22202999999999937,0.002970000000000639,98.67999999999971,0.21485402,0.010145983099937445,95.49067417780557,0.21193282195341606,0.013067178046583944,94.19236531262936,0.2181677131814428,0.006832286818557215,96.96342808064124
0.175,0.20655032115171665,0.03155032115171666,81.9712450561619,0.20469092,0.02969091832637788,83.0337609563555,0.19489107972143943,0.019891079721439442,88.63366873060603,0.20037861987648128,0.025378619876481295,85.49793149915355,0.2078750000000004,0.032875000000000404,81.21428571428548,0.20501557,0.03001556992530824,82.84824575696672,0.2978213500608504,0.12282135006085043,29.816371393799745,0.2000393479897278,0.025039347989727817,85.69180114872697
0.213,0.202453931339978,0.010546068660022001,95.04879405632771,0.1929718,0.020028204202651972,90.59708722880188,0.193730533787239,0.01926946621276099,90.95330224753006,0.20471892177873757,0.008281078221262422,96.11216984917257,0.20134750000000093,0.011652499999999066,94.52934272300513,0.19532765,0.017672345519065852,91.70312416945265,0.2795021961967484,0.06650219619674838,68.77831164471907,0.20391293784959436,0.00908706215040564,95.73377363830721
0.213,0.2011882170542636,0.011811782945736399,94.45456199730685,0.20024556,0.01275444078445434,94.01199963171157,0.20124027673952646,0.011759723260473531,94.47900316409694,0.2052879522443105,0.007712047755689483,96.3793203024932,0.19930000000000092,0.013699999999999074,93.56807511737134,0.20024973,0.012750268459320063,94.01395846980279,0.21688871336859086,0.003888713368590868,98.17431297249254,0.2052290534501123,0.007770946549887692,96.35166828643771
0.213,0.20300527131782964,0.009994728682170356,95.30763911635195,0.19932076,0.013679236650466914,93.57782316879486,0.19871607250795842,0.014283927492041576,93.29393075491006,0.19396239049905165,0.01903760950094835,91.06215516387401,0.20448500000000064,0.008514999999999356,96.00234741784068,0.20148794,0.011512056469917292,94.59527865262099,0.15730982267855312,0.055690177321446876,73.85437684439114,0.1926252053963412,0.02037479460365879,90.43436873067662
0.188,0.19695595422665202,0.008955954226652019,95.23619456029148,0.19440803,0.0064080293178558345,96.59147376709795,0.19328571529727334,0.005285715297273341,97.18844930996099,0.1893848104837401,0.0013848104837400899,99.26339867886166,0.19662750000000082,0.008627500000000815,95.41090425531871,0.19268614,0.0046861405372619624,97.50737205464789,0.19042345668380883,0.0024234566838088334,98.71092729584636,0.1888351995946874,0.0008351995946873914,99.55574489644287
0.188,0.202615850867479,0.014615850867478991,92.22561124070266,0.19757624,0.009576239705085754,94.90625547601822,0.19090513871536557,0.002905138715365574,98.45471344927364,0.19925268665111548,0.011252686651115479,94.01452837706623,0.19931500000000096,0.011315000000000963,93.98138297872289,0.19739462,0.009394624352455139,95.00285938699194,0.21702858677854286,0.029028586778542864,84.55926235183891,0.19910111239948225,0.01110111239948225,94.09515297899881
0.2,0.19809437430786284,0.001905625692137175,99.04718715393142,0.19521098,0.004789021611213695,97.60548919439316,0.19378481925542237,0.006215180744577636,96.89240962771119,0.1888422378356732,0.011157762164326818,94.4211189178366,0.197260000000001,0.002739999999999021,98.63000000000048,0.19736116,0.0026388436555862538,98.68057817220688,0.20279145221010772,0.002791452210107709,98.60427389494615,0.18822739046229284,0.011772609537707174,94.11369523114641
0.2,0.1993052380952382,0.0006947619047618092,99.6526190476191,0.19240047,0.007599529623985302,96.20023518800735,0.19532081589574396,0.004679184104256051,97.66040794787197,0.18814200517682983,0.011857994823170181,94.07100258841491,0.19801750000000118,0.0019824999999988324,99.00875000000057,0.19300225,0.006997746229171764,96.50112688541412,0.2707649875719307,0.07076498757193067,64.61750621403466,0.18686499204818968,0.013135007951810329,93.43249602409483
0.188,0.19374959025470667,0.005749590254706671,96.94170731132624,0.19894132,0.010941320180892944,94.18014883995056,0.18876346878334638,0.0007634687833463771,99.59389958332639,0.1951183507712838,0.00711835077128381,96.21364320676393,0.19353000000000103,0.005530000000001034,97.05851063829732,0.19935027,0.011350267648696899,93.96262359111867,0.22167834081108148,0.03367834081108148,82.08598893027582,0.19463160963643833,0.006631609636438329,96.4725480657243
0.188,0.19426382059800687,0.0062638205980068695,96.66818053297507,0.19018835,0.002188348293304443,98.83598495036998,0.19942687374844267,0.011426873748442673,93.92187566572198,0.18565112522382687,0.0023488747761731266,98.75059852331218,0.194347500000001,0.006347500000001005,96.62367021276542,0.18680671,0.0011932914257049565,99.36527051824204,0.2549195978638924,0.0669195978638924,64.40446922133383,0.18487203531082638,0.003127964689173618,98.33618899512042
0.175,0.19789413067552625,0.02289413067552626,86.917639613985,0.1995111,0.02451109588146211,85.99365949630736,0.18589219737598345,0.010892197375983459,93.77588721372373,0.19910036164704736,0.024100361647047375,86.22836477311579,0.20172000000000082,0.026720000000000826,84.7314285714281,0.20194969,0.02694968581199647,84.60017953600202,0.237502332170355,0.062502332170355,64.28438161694,0.19937201910568814,0.024372019105688147,86.07313193960677
0.188,0.19763527131782957,0.009635271317829569,94.87485568200555,0.1962765,0.008276500821113586,95.59760594621618,0.18662736482419237,0.0013726351758076294,99.2698749064853,0.19421303749275715,0.006213037492757145,96.69519282300152,0.20147750000000098,0.013477500000000975,92.83111702127607,0.18834041,0.0003404105901718135,99.81893053714265,0.1944680209400178,0.006468020940017805,96.55956332977776,0.193583997540166,0.0055839975401660025,97.02978854246489
0.188,0.1931756146179402,0.005175614617940194,97.24701350109564,0.19390585,0.005905845284461975,96.85859293379681,0.1781399271031052,0.009860072896894806,94.75528037399212,0.19966521760566458,0.01166521760566458,93.79509701826352,0.1988575000000008,0.010857500000000797,94.22473404255277,0.18842976,0.00042975795269012407,99.77140534431376,0.14406434902723136,0.043935650972768636,76.62997288682519,0.19900483683802475,0.01100483683802475,94.14636338402939
0.2,0.19825425249169473,0.0017457475083052787,99.12712624584736,0.19336887,0.00663113296031953,96.68443351984024,0.17635736028166485,0.023642639718335162,88.17868014083243,0.19840556220072902,0.0015944377992709868,99.20278110036452,0.19358250000000055,0.006417499999999465,96.79125000000026,0.1853807,0.0146193027496338,92.6903486251831,0.18420119558783246,0.01579880441216755,92.10059779391622,0.19789412167467108,0.002105878325328936,98.94706083733553
0.175,0.19437847176079756,0.019378471760797572,88.92658756525853,0.19516057,0.02016056776046754,88.47967556544711,0.1916989274448102,0.01669892744481022,90.45775574582274,0.2102074534287022,0.03520745342870221,79.88145518359873,0.19124250000000056,0.016242500000000576,90.7185714285711,0.19300607,0.018006068468093883,89.71081801823206,0.21683036685895696,0.04183036685895697,76.09693322345315,0.21025035502803252,0.03525035502803253,79.8569399839814
0.2,0.19479559246954614,0.0052044075304538695,97.39779623477307,0.18869647,0.011303526163101207,94.3482369184494,0.18875301938180514,0.011246980618194874,94.37650969090257,0.20124563685858463,0.0012456368585846145,99.37718157070769,0.1914800000000008,0.008519999999999223,95.74000000000039,0.18709481,0.012905192375183117,93.54740381240845,0.1939984324754085,0.006001567524591522,96.99921623770425,0.1995304532645686,0.0004695467354313976,99.7652266322843
0.188,0.20348864894795152,0.015488648947951517,91.76135694257898,0.20096968,0.01296968114376068,93.10123343416986,0.20420169785329614,0.016201697853296143,91.38207560994887,0.2097966984869608,0.021796698486960808,88.40601144310595,0.19502000000000064,0.007020000000000637,96.26595744680817,0.1991742,0.011174195528030395,94.05627897445193,0.2160258180497517,0.02802581804975171,85.09264997353633,0.20882690214413688,0.020826902144136877,88.92186056162932
0.213,0.19346002214839433,0.01953997785160566,90.8263014781194,0.1925381,0.02046190249919891,90.39347300507093,0.18963200957933524,0.023367990420664758,89.02911247856115,0.20635923689190858,0.006640763108091419,96.88227084127163,0.1902700000000005,0.0227299999999995,89.32863849765282,0.19208507,0.020914927601814265,90.18078516346748,0.18316694277382894,0.02983305722617105,85.99386984686805,0.20596244507568978,0.007037554924310213,96.69598360361023
0.188,0.20586761904761935,0.017867619047619354,90.49594731509609,0.20006165,0.012061649084091186,93.5842292105898,0.1953525423222944,0.007352542322294403,96.08907323282213,0.20730958530190408,0.019309585301904075,89.7289439883489,0.19952750000000044,0.01152750000000044,93.86835106382956,0.19489303,0.006893032312393188,96.33349345085469,0.22051198154026455,0.03251198154026455,82.70639279773162,0.20640737216333163,0.01840737216333163,90.20884459397254
0.188,0.19415656699889275,0.0061565669988927485,96.7252303197379,0.18862943,0.0006294335126876827,99.66519494005975,0.18726610636930763,0.0007338936306923727,99.60963104750405,0.21026307959175053,0.02226307959175053,88.15793638736675,0.18918500000000033,0.0011850000000003247,99.36968085106366,0.18604606,0.001953936100006104,98.9606722872308,0.16026225292771232,0.027737747072287683,85.24587921686826,0.21043214973147387,0.022432149731473866,88.068005461982
0.188,0.20056606866002244,0.01256606866002244,93.31592092551998,0.19882362,0.010823615908622741,94.24275749541343,0.19881199388134008,0.010811993881340076,94.24893942481911,0.21872211133624844,0.030722111336248442,83.65845141688912,0.19446500000000044,0.006465000000000443,96.56117021276572,0.20021498,0.012214982032775878,93.50266913150219,0.17935580122989642,0.008644198770103584,95.40202193079597,0.21884204904696267,0.030842049046962666,83.5946547622539
0.188,0.19929749723145096,0.01129749723145096,93.99069296199417,0.19787052,0.009870522737503051,94.74972194813668,0.17813800374594507,0.009861996254054928,94.7542573116729,0.2005458943764445,0.012545894376444489,93.32665192742314,0.19408000000000045,0.006080000000000446,96.76595744680827,0.19780941,0.009809413075447082,94.78222708752814,0.15607448841714316,0.031925511582856836,83.01834490273572,0.20056518965190898,0.012565189651908976,93.31638848302714
0.188,0.19364323366555944,0.005643233665559438,96.99827996512795,0.19000565,0.002005645155906677,98.9331674702624,0.18281993612509703,0.005180063874902968,97.24464687505161,0.2053425882773556,0.017342588277355603,90.7752190014066,0.1887600000000004,0.0007600000000003992,99.59574468085086,0.18564396,0.002356043934822083,98.74678514105209,0.16297654890036115,0.025023451099638855,86.68965367040487,0.2051594236468551,0.017159423646855104,90.87264699635367
0.2,0.2039922185308235,0.003992218530823488,98.00389073458827,0.20094869,0.0009486854076385387,99.52565729618073,0.18734537013122549,0.012654629868774525,93.67268506561274,0.20624888099730376,0.006248880997303752,96.87555950134812,0.19637250000000056,0.0036274999999994506,98.18625000000027,0.19877046,0.001229536533355724,99.38523173332214,0.15917652456734288,0.04082347543265713,79.58826228367144,0.2066144226293206,0.0066144226293205766,96.69278868533972
0.188,0.2005529346622373,0.012552934662237308,93.32290709455462,0.20335531,0.015355312347412109,91.83228066627017,0.19119518093044005,0.0031951809304400502,98.30043567529785,0.19243094912717892,0.004430949127178924,97.64311216639419,0.20224250000000038,0.01424250000000038,92.42420212765937,0.19455816,0.00655815851688385,96.51161781016818,0.20093189230850864,0.012931892308508636,93.12133387845284,0.1904079634836812,0.0024079634836811914,98.71916835974405
0.188,0.19553974529346635,0.007539745293466349,95.98949718432641,0.19841313,0.01041313362121582,94.46109913765116,0.2023654749207933,0.014365474920793292,92.35878993574825,0.22845534418074967,0.04045534418074967,78.48119990385656,0.19679250000000095,0.008792500000000952,95.32313829787184,0.20174259,0.013742589473724365,92.69011198206151,0.22144440505437682,0.03344440505437682,82.21042284341658,0.23644189796580695,0.048441897965806946,74.23303299691119
0.2,0.19968723145072004,0.00031276854927997366,99.84361572536001,0.20358174,0.0035817354917526134,98.20913225412369,0.2006047833457344,0.0006047833457343832,99.69760832713281,0.189135272193062,0.010864727806938007,94.56763609653099,0.19678750000000075,0.0032124999999992576,98.39375000000037,0.20592017,0.005920174717903126,97.03991264104843,0.2291893257808548,0.029189325780854786,85.40533710957261,0.18742281259005616,0.012577187409943846,93.71140629502807
0.2,0.19521488372093038,0.0047851162790696344,97.60744186046519,0.19705726,0.002942737936973583,98.52863103151321,0.19502863420543287,0.00497136579456714,97.51431710271643,0.1925348467542079,0.007465153245792111,96.26742337710394,0.19478750000000075,0.005212499999999259,97.39375000000037,0.1952623,0.004737702012062084,97.63114899396896,0.23046088983119595,0.030460889831195936,84.76955508440203,0.19309172844536182,0.00690827155463819,96.5458642226809
0.188,0.19548304540420838,0.007483045404208383,96.01965669988915,0.20001157,0.012011566281318664,93.61086899929857,0.19863020545200344,0.010630205452003438,94.34563539787051,0.19813148632265185,0.010131486322651845,94.61091153050434,0.1957925000000007,0.007792500000000702,95.85505319148899,0.20525287,0.01725287091732025,90.82294100142539,0.2524879658587178,0.0644879658587178,65.69789050068202,0.1983641967619227,0.010364196761922712,94.48712938195601
0.2,0.19604894795127353,0.003951052048726478,98.02447397563677,0.2022272,0.0022272050380706676,98.88639748096466,0.19444987395915794,0.005550126040842068,97.22493697957897,0.2030452828479968,0.003045282847996794,98.4773585760016,0.1974125000000008,0.0025874999999992154,98.7062500000004,0.20168756,0.0016875594854354747,99.15622025728226,0.21421925944650524,0.014219259446505234,92.89037027674738,0.2046008238588643,0.004600823858864289,97.69958807056786
0.188,0.1945111074197122,0.006511107419712198,96.53664498951478,0.19528367,0.007283666253089904,96.12570943984579,0.18998451353099638,0.001984513530996379,98.94440769627852,0.19660608300324764,0.008606083003247639,95.42229627486827,0.19561250000000116,0.00761250000000116,95.9507978723398,0.19529991,0.007299908518791198,96.1170699368132,0.21993582963168332,0.031935829631683316,83.01285657889186,0.1969010895302818,0.008901089530281792,95.26537790942457
0.2,0.194951823551126,0.005048176448874009,97.47591177556299,0.19822814,0.0017718642950058094,99.1140678524971,0.18725078438300308,0.012749215616996934,93.62539219150153,0.19809664244770403,0.0019033575522959811,99.04832122385201,0.1949125000000011,0.005087499999998912,97.45625000000054,0.19704498,0.0029550164937973133,98.52249175310135,0.1809875591001264,0.01901244089987361,90.4937795500632,0.1994728487852691,0.0005271512147309032,99.73642439263455
0.2,0.19865685492801788,0.0013431450719821325,99.32842746400894,0.20042805,0.00042805373668669544,99.78597313165665,0.1972808691580987,0.0027191308419013127,98.64043457904934,0.19528893127177824,0.004711068728221773,97.6444656358891,0.1988475000000011,0.0011524999999989183,99.42375000000054,0.19823219,0.0017678111791610829,99.11609441041946,0.18327608716146537,0.016723912838534638,91.63804358073268,0.19503592747343754,0.004964072526562474,97.51796373671876
0.188,0.19637759689922488,0.008377596899224876,95.54383143658252,0.19553344,0.007533439517021179,95.99285132073342,0.1948759341509252,0.006875934150925189,96.34258821759299,0.1935820023344299,0.005582002334429903,97.03084982211175,0.1959750000000011,0.007975000000001092,95.75797872340367,0.19050059,0.0025005872249603267,98.66990041225515,0.1982798571631948,0.010279857163194794,94.53199087064107,0.1941936104065313,0.006193610406531297,96.70552637950462
0.2,0.19585498338870447,0.004145016611295543,97.92749169435223,0.19790699,0.002093014121055614,98.9534929394722,0.19601963276305776,0.003980367236942256,98.00981638152886,0.19681822759980466,0.0031817724001953485,98.40911379990233,0.19731500000000118,0.002684999999998827,98.65750000000058,0.19527219,0.004727807641029369,97.63609617948532,0.20245706716058845,0.0024570671605884387,98.77146641970577,0.19734551617979018,0.0026544838202098298,98.67275808989508
0.188,0.19631232558139544,0.008312325581395441,95.57855022266199,0.20025639,0.012256392359733581,93.48064236184383,0.18892147516065916,0.0009214751606591576,99.50985363794726,0.2064584687459316,0.0184584687459316,90.18166556067469,0.19674750000000113,0.00874750000000113,95.3470744680845,0.20154203,0.01354203474521637,92.79679002914023,0.18616623704509394,0.0018337629549060597,99.0245941729223,0.20839644713186997,0.02039644713186997,89.15082599368618
0.188,0.19266373200442985,0.004663732004429849,97.5192914870054,0.19707349,0.009073489427566528,95.17367583640079,0.18476483765484883,0.0032351623451511713,98.27916896534512,0.19758295702525333,0.00958295702525333,94.90268243337589,0.1915475000000008,0.003547500000000786,98.1130319148932,0.19308756,0.0050875629186630245,97.29384951134945,0.19514454198666242,0.007144541986662423,96.19971170922211,0.19634293063540745,0.008342930635407447,95.56227093861305
0.175,0.19285366555924707,0.017853665559247084,89.79790539471595,0.20509058,0.030090582370758068,82.80538150242396,0.1887289200677763,0.013728920067776318,92.15490281841353,0.20755726496011478,0.032557264960114796,81.39584859422011,0.19049500000000086,0.01549500000000087,91.14571428571378,0.20694524,0.03194524049758912,81.7455768585205,0.16239824526244662,0.012601754737553372,92.79899729282664,0.20790176904761204,0.03290176904761205,81.19898911565025
0.188,0.19595878552971596,0.007958785529715962,95.76660344164044,0.19999675,0.01199675452709198,93.61874759197235,0.19304928279163497,0.005049282791634968,97.31421128104523,0.20585065733688343,0.01785065733688343,90.50496950165775,0.1926200000000008,0.00462000000000079,97.54255319148895,0.19394438,0.005944379687309265,96.83809591100571,0.2012977631920835,0.013297763192083506,92.92672170633855,0.2054264049382852,0.017426404938285206,90.73063567112489
0.225,0.19613716500553732,0.028862834994462683,87.17207333579437,0.20132197,0.023678025603294378,89.4764330652025,0.18832869833271568,0.03667130166728433,83.70164370342918,0.2084746856697978,0.016525314330202212,92.65541585324345,0.19452500000000023,0.03047499999999978,86.45555555555565,0.20018645,0.024813553690910345,88.97175391515096,0.19703413603057499,0.02796586396942502,87.57072712469999,0.2088602837726297,0.016139716227370315,92.82679278783542
0.188,0.19763173864894812,0.009631738648948118,94.87673476119781,0.19964628,0.011646279215812683,93.80517062988687,0.1806452683437542,0.007354731656245811,96.08790869348627,0.2129656249153879,0.024965624915387896,86.72041227904899,0.19704750000000051,0.009047500000000513,95.18749999999973,0.20014697,0.012146973133087158,93.53884407814513,0.22709699700783567,0.03909699700783567,79.20372499583209,0.21425870804713615,0.026258708047136148,86.03260210258715
0.2,0.1950448837209306,0.004955116279069416,97.52244186046529,0.20107655,0.0010765522718429454,99.46172386407852,0.1723746181391462,0.02762538186085381,86.18730906957309,0.20718851971884555,0.007188519718845543,96.40574014057724,0.19593250000000043,0.004067499999999585,97.96625000000022,0.19966711,0.000332888960838329,99.83355551958084,0.19514806134225077,0.004851938657749244,97.57403067112537,0.20743029778170727,0.007430297781707257,96.28485110914637
0.188,0.19421949427833163,0.006219494278331628,96.69175836258957,0.19695248,0.008952477097511291,95.23804409706847,0.19448656730696698,0.006486567306966978,96.54969824097502,0.20899875315254102,0.020998753152541016,88.83045045077606,0.19288750000000046,0.004887500000000461,97.40026595744656,0.1996587,0.011658706784248352,93.79856022114448,0.22994491701422495,0.04194491701422495,77.68887392860375,0.20936283194027935,0.021362831940279353,88.636791521128
0.188,0.20626007751938014,0.018260077519380136,90.28719280884036,0.210147,0.02214699339866638,88.2196843624115,0.20604801594129724,0.018048015941297235,90.39999152058658,0.20940647141029564,0.02140647141029564,88.61357903707679,0.21119249999999976,0.023192499999999755,87.66356382978736,0.21626216,0.02826216173171997,84.96693524908511,0.21787287922762882,0.029872879227628824,84.11017062360169,0.21040355689112464,0.022403556891124637,88.08321441961455
0.188,0.19645073089701023,0.008450730897010233,95.50493037393073,0.20035104,0.012351044535636901,93.4302954597676,0.20602984019266482,0.01802984019266482,90.4096594719868,0.2081921712126017,0.020192171212601695,89.25948339755229,0.1974975000000007,0.009497500000000686,94.94813829787198,0.20363072,0.0156307156085968,91.68578956989532,0.2411601496667479,0.0531601496667479,71.72332464534686,0.20796935349189197,0.019969353491891967,89.37800346175959
0.2,0.19489877445551898,0.005101225544481031,97.44938722775949,0.19870673,0.0012932687997818104,99.3533656001091,0.18134691908372114,0.018653080916278875,90.67345954186057,0.2125164054679626,0.012516405467962594,93.7417972660187,0.19710500000000064,0.0028949999999993703,98.55250000000031,0.20117974,0.0011797428131103405,99.41012859344482,0.19803347911670766,0.0019665208832923553,99.01673955835382,0.21317271765687004,0.013172717656870031,93.41364117156499
0.2,0.20197554078995966,0.001975540789959651,99.01222960502018,0.1986519,0.0013481050729751698,99.32594746351242,0.1899471135596485,0.010052886440351516,94.97355677982424,0.21147193070416198,0.01147193070416197,94.26403464791902,0.20112000000000077,0.0011200000000007593,99.43999999999961,0.19950087,0.0004991263151168934,99.75043684244156,0.26298763984422946,0.06298763984422945,68.50618007788528,0.21178398116461447,0.01178398116461446,94.10800941769277
0.2,0.20187389073458864,0.001873890734588629,99.06305463270569,0.20551135,0.005511346459388722,97.24432677030563,0.20282956632323942,0.002829566323239413,98.58521683838029,0.21650407165889907,0.016504071658899055,91.74796417055046,0.20217000000000046,0.0021700000000004493,98.91499999999978,0.20742437,0.007424372434616078,96.28781378269196,0.20776794087561118,0.007767940875611168,96.11602956219441,0.21742590638212694,0.017425906382126932,91.28704680893654
0.2,0.2117807751937989,0.011780775193798887,94.10961240310056,0.21172903,0.011729034781455983,94.135482609272,0.2138821759111022,0.01388217591110219,93.0589120444489,0.21609247124311803,0.016092471243118023,91.95376437844098,0.2190449999999995,0.01904499999999948,90.47750000000025,0.21926507,0.019265073537826527,90.36746323108673,0.2228805874954775,0.0228805874954775,88.55970625226125,0.21703730393693424,0.01703730393693423,91.48134803153289
0.188,0.21111364341085306,0.023113643410853063,87.70550882401433,0.21154,0.023539998650550842,87.47872412204742,0.21962724379473098,0.031627243794730975,83.17699798152609,0.21168232275207222,0.023682322752072216,87.40301981272755,0.21725499999999964,0.029254999999999642,84.43882978723423,0.21161157,0.023611568927764892,87.44065482565698,0.1846949238149553,0.003305076185044692,98.24198075263581,0.2127001470542419,0.024700147054241894,86.86162390731815
0.213,0.20828949058693277,0.004710509413067221,97.78849323330178,0.2147404,0.0017403955459594778,99.1829128892209,0.21735423118909403,0.004354231189094032,97.95576000512017,0.21189332859194215,0.001106671408057841,99.48043595865829,0.21298499999999987,1.5000000000126024e-05,99.99295774647882,0.21694382,0.003943815350532537,98.14844349740255,0.17776695496391223,0.03523304503608776,83.45866430230622,0.21266178316256706,0.00033821683743293085,99.84121275237891
0.225,0.1976662015503876,0.027333798449612395,87.85164513350561,0.2031346,0.021865403652191168,90.28204282124837,0.1964345006959321,0.028565499304067904,87.30422253152538,0.19966282247963182,0.02533717752036818,88.7390322131697,0.20041250000000044,0.024587499999999568,89.07222222222242,0.20580958,0.019190421700477606,91.47092368867662,0.1912686490168441,0.03373135098315591,85.0082884519307,0.19885857748948083,0.02614142251051918,88.3815899953248
0.2,0.2092000775193801,0.009200077519380095,95.39996124030995,0.20315951,0.00315951108932494,98.42024445533752,0.21456545487128112,0.014565454871281108,92.71727256435945,0.20657511574446702,0.006575115744467008,96.7124421277665,0.2101724999999999,0.01017249999999989,94.91375000000005,0.19763495,0.002365049719810497,98.81747514009476,0.199994249877978,5.750122022002424e-06,99.997124938989,0.20624564176642507,0.0062456417664250585,96.87717911678747
0.213,0.2057423588039869,0.007257641196013104,96.5926567154868,0.21021795,0.0027820472717285105,98.69387452031525,0.20254106913029993,0.010458930869700067,95.08970381704222,0.26899695895604947,0.055996958956049475,73.71034790795798,0.2076925000000003,0.0053074999999996875,97.50821596244145,0.20964512,0.003354877710342402,98.42494004209277,0.22113724473901786,0.008137244739017863,96.17969730562541,0.28600327656372926,0.07300327656372926,65.7261612376858
0.188,0.20258363602805507,0.01458363602805507,92.24274679358773,0.2028934,0.01489340615272522,92.07797545067807,0.21010871891417476,0.022108718914174763,88.24004313075811,0.19989314428348537,0.011893144283485368,93.673859423678,0.20265000000000083,0.014650000000000829,92.2074468085102,0.21062513,0.02262512695789337,87.96535800112055,0.1941055636997842,0.006105563699784211,96.75235973415734,0.19949160323303003,0.011491603233030029,93.88744508881382
0.188,0.19986877814691792,0.011868778146917919,93.68682013461813,0.20115966,0.013159656047821044,93.00018295328668,0.2025412435324909,0.014541243532490894,92.2652959933559,0.2478109238787783,0.05981092387877829,68.18567878788389,0.20215000000000083,0.014150000000000829,92.47340425531871,0.19973478,0.011734777212142944,93.75809722758353,0.22113841200649423,0.03313841200649423,82.3731851029286,0.26201120103810993,0.07401120103810993,60.63233987334578
0.2,0.20465150609080873,0.004651506090808721,97.67424695459563,0.20836093,0.008360925316810597,95.8195373415947,0.20634931530588324,0.00634931530588323,96.82534234705838,0.20699689606850893,0.006996896068508923,96.50155196574553,0.20723499999999997,0.007234999999999964,96.38250000000002,0.19925417,0.0007458299398422352,99.62708503007889,0.20070903007188315,0.0007090300718831377,99.64548496405843,0.20693858399764903,0.006938583997649017,96.5307080011755
0.2,0.21193209302325614,0.011932093023256124,94.03395348837194,0.21126382,0.011263820528984059,94.36808973550797,0.20487333063587232,0.004873330635872308,97.56333468206384,0.21994101957477483,0.019941019574774815,90.0294902126126,0.21386249999999982,0.013862499999999806,93.0687500000001,0.21428803,0.014288026094436634,92.85598695278168,0.21720287322298978,0.017202873222989773,91.39856338850511,0.2243404064189435,0.0243404064189435,87.82979679052825
0.188,0.19464965669988935,0.006649656699889345,96.46294856388865,0.20441474,0.016414740204811096,91.26875521020686,0.19624483065682383,0.008244830656823826,95.6144517782852,0.20600941721471328,0.018009417214713275,90.42052275813124,0.19258000000000097,0.004580000000000972,97.56382978723353,0.203685,0.01568500053882599,91.65691460700745,0.1807345823853203,0.007265417614679692,96.13541616240443,0.20619391115775978,0.018193911157759785,90.32238768204267
0.2,0.20161512735326714,0.0016151273532671317,99.19243632336642,0.20390753,0.0039075344800948986,98.04623275995255,0.1925976765745467,0.0074023234254533,96.29883828727334,0.21396605941419744,0.01396605941419743,93.01697029290128,0.20386000000000035,0.0038600000000003354,98.06999999999984,0.20969005,0.009690049290657032,95.15497535467148,0.2053574680165078,0.005357468016507799,97.3212659917461,0.21852496684902237,0.018524966849022356,90.73751657548883
0.188,0.20330674418604697,0.015306744186046967,91.85811479465586,0.20789175,0.01989174735546112,89.41928332156324,0.1900063826857965,0.002006382685796504,98.93277516712952,0.20303671235173903,0.015036712351739034,92.00174874907499,0.20969499999999996,0.021694999999999964,88.46010638297874,0.215137,0.02713700485229492,85.56542295090695,0.2018146751086355,0.013814675108635488,92.65176855923644,0.2027276208823212,0.014727620882321213,92.1661591051483
0.2,0.19777982281284628,0.002220177187153727,98.88991140642314,0.19621335,0.003786650300025951,98.10667484998703,0.19656836634830852,0.003431633651691496,98.28418317415425,0.21817066362279433,0.01817066362279432,90.91466818860285,0.1992500000000004,0.0007499999999996121,99.6250000000002,0.19099785,0.009002146124839794,95.49892693758011,0.20508514369141426,0.005085143691414246,97.45742815429288,0.22236315894326875,0.022363158943268735,88.81842052836564
0.188,0.194698593576966,0.0066985935769660054,96.43691831012447,0.19468157,0.006681569933891296,96.44597343941952,0.1761177670165028,0.011882232983497193,93.67966330665043,0.20258714454590046,0.01458714454590046,92.24088056069124,0.19694250000000044,0.008942500000000436,95.24335106382955,0.18775342,0.00024657595157623335,99.86884257894882,0.1942768604475384,0.0062768604475383905,96.66124444279873,0.20256845077245825,0.014568450772458247,92.25082405720306
0.188,0.1943176522702106,0.006317652270210611,96.63954666478159,0.19737834,0.009378337383270263,95.01152266847328,0.19653491858270417,0.008534918582704165,95.46014969005098,0.22141593357777217,0.03341593357777217,82.22556724586588,0.1901225000000007,0.0021225000000006933,98.8710106382975,0.19419773,0.0061977292299270625,96.70333551599624,0.20356908168378995,0.015569081683789954,91.71857357245216,0.22542936388769383,0.03742936388769383,80.09076388952457
0.225,0.19699219269103013,0.028007807308969873,87.55208564045783,0.19307582,0.03192417919635773,85.81147591272989,0.18999875106352318,0.035001248936476825,84.44388936156587,0.21174006978079193,0.013259930219208071,94.10669768035197,0.19648249999999962,0.02851750000000039,87.32555555555538,0.18753277,0.037467232346534735,83.34789673487344,0.22060958779302778,0.004390412206972227,98.04870568579011,0.21224337365939172,0.012756626340608285,94.33038829306298
0.225,0.19597791805094147,0.02902208194905853,87.10129691152954,0.19805971,0.026940292119979864,88.0265368355645,0.19946908756488949,0.02553091243511052,88.65292780661754,0.21584619710686467,0.009153802893135332,95.93164315860652,0.19472250000000038,0.030277499999999624,86.5433333333335,0.19796273,0.027037268877029424,87.98343605465358,0.20068907914962603,0.02431092085037398,89.19514628872267,0.21836364104706632,0.006636358952933685,97.05050713202948
0.188,0.19602977851605785,0.00802977851605785,95.72884121486285,0.19476129,0.006761291146278381,96.40356853921362,0.1960238168250225,0.008023816825022512,95.73201232711568,0.2055918664319377,0.01759186643193769,90.64262423833101,0.19471250000000043,0.0067125000000004265,96.42952127659552,0.18739106,0.0006089423894882207,99.67609447367649,0.1995698521174724,0.011569852117472412,93.84582334177,0.20475733342602437,0.016757333426024368,91.0865247733913
0.2,0.1958872757475085,0.004112724252491512,97.94363787375424,0.19707511,0.0029248863458633534,98.53755682706833,0.1921609560605884,0.007839043939411622,96.08047803029419,0.20088992460091112,0.0008899246009111128,99.55503769954444,0.19313500000000058,0.006864999999999427,96.56750000000028,0.19261163,0.0073883652687072865,96.30581736564636,0.17948214090884387,0.020517859091156138,89.74107045442193,0.19991521828502076,8.478171497924847e-05,99.95760914251038
0.225,0.19447812846068677,0.03052187153931324,86.43472376030523,0.19791993,0.027080065011978155,87.96441555023193,0.20551306108684778,0.01948693891315223,91.33913826082123,0.20319107194842603,0.021808928051573973,90.30714308818935,0.19278750000000053,0.03221249999999948,85.68333333333356,0.19869155,0.026308453083038336,88.3073541853163,0.18969546579613517,0.03530453420386484,84.3090959093934,0.20201196169130692,0.022988038308693087,89.7830940850253
0.2,0.2044670431893691,0.00446704318936908,97.76647840531545,0.20309663,0.003096628189086903,98.45168590545654,0.20637844213150144,0.006378442131501433,96.81077893424929,0.21248056027772766,0.012480560277727648,93.75971986113618,0.20196999999999982,0.0019699999999998052,99.0150000000001,0.19971141,0.0002885878086090199,99.8557060956955,0.17441465671616618,0.025585343283833828,87.20732835808309,0.21256932206433254,0.012569322064332533,93.71533896783373
0.2,0.19717160575858275,0.002828394241417259,98.58580287929138,0.19295512,0.007044878602027904,96.47756069898605,0.2054863198885816,0.005486319888581587,97.2568400557092,0.20520712690185625,0.005207126901856235,97.39643654907188,0.19193500000000036,0.008064999999999656,95.96750000000017,0.18570574,0.014294263720512401,92.8528681397438,0.2020363736234038,0.002036373623403781,98.9818131882981,0.20467070688830008,0.004670706888300069,97.66464655584997
0.225,0.20319141749723188,0.021808582502768126,90.30729666543638,0.20474318,0.020256823301315313,90.99696742163765,0.19061184955690944,0.03438815044309057,84.71637758084863,0.2062863113253179,0.018713688674682094,91.68280503347462,0.2107299999999996,0.014270000000000393,93.65777777777761,0.20381497,0.021185031533241278,90.58443042967055,0.1921067511952569,0.03289324880474312,85.38077830900306,0.20694828652798972,0.01805171347201029,91.97701623466209
0.225,0.20343801771871564,0.021561982281284364,90.41689676387361,0.21123731,0.01376268863677979,93.88324949476454,0.2090669314562972,0.0159330685437028,92.91863620279875,0.20494531404143274,0.02005468595856727,91.08680624063676,0.20824499999999957,0.016755000000000436,92.55333333333314,0.21430632,0.010693675279617315,95.2472554312812,0.21701631586572742,0.007983684134272584,96.4516959403233,0.20451237082747112,0.020487629172528887,90.8943870344316
0.2,0.20820376522702128,0.008203765227021265,95.89811738648936,0.21080816,0.010808157920837391,94.5959210395813,0.21762298724816978,0.01762298724816977,91.18850637591511,0.20942889112999308,0.009428891129993067,95.28555443500346,0.21645249999999977,0.01645249999999976,91.77375000000012,0.2140337,0.014033693075180043,92.98315346240997,0.21238939033275694,0.012389390332756933,93.80530483362153,0.20929746040190025,0.009297460401900243,95.35126979904987
0.188,0.20166454042081974,0.013664540420819743,92.73162743573418,0.20530301,0.01730301332473755,90.79626950811831,0.19685005330029923,0.008850053300299227,95.29252484026637,0.203526894075349,0.01552689407534899,91.74101378970798,0.20281250000000095,0.01481250000000095,92.12101063829736,0.2018487,0.013848700642585754,92.63366987096502,0.19930221727091016,0.011302217270910159,93.98818230270736,0.20375287046076873,0.01575287046076873,91.62081358469749
0.188,0.19525031007751947,0.007250310077519473,96.14345208642581,0.19923802,0.011238017201423645,94.02233127583848,0.21624813325939812,0.028248133259398123,84.9743972024478,0.20014529197473444,0.012145291974734435,93.53973831131147,0.196697500000001,0.008697500000000996,95.37367021276543,0.20087332,0.012873315334320068,93.15249184344677,0.21507909718624824,0.027079097186248235,85.59622490093179,0.20004017806075544,0.012040178060755441,93.59564996768329
0.188,0.20169178294573661,0.013691782945736614,92.71713673099117,0.20391414,0.015914135694503784,91.53503420505118,0.20618119078920805,0.018181190789208046,90.32915383552763,0.20483039408001458,0.016830394080014577,91.0476627233965,0.19963500000000106,0.011635000000001061,93.81117021276539,0.20503564,0.01703564178943634,90.93848840987428,0.1987535168892455,0.010753516889245501,94.28004420784814,0.2046751823755504,0.016675182375550407,91.13022214066467
0.225,0.2045669619785901,0.020433038021409916,90.91864976826226,0.20665684,0.018343156576156622,91.8474859661526,0.20342136614335543,0.021578633856644575,90.40949606371352,0.20408672744658507,0.020913272553414936,90.70521219848226,0.20550250000000062,0.01949749999999939,91.33444444444471,0.20457496,0.02042504251003266,90.92220332887437,0.18590341297708335,0.03909658702291666,82.62373910092593,0.20502331692012127,0.019976683079878738,91.12147418672056
0.213,0.2004160797342194,0.01258392026578059,94.09205621324855,0.20313935,0.00986065018177032,95.37058676912191,0.20400617342635274,0.008993826573647251,95.77754620955528,0.20193624675142471,0.011063753248575281,94.8057496485562,0.19950750000000103,0.013492499999998964,93.66549295774696,0.20348695,0.009513050794601435,95.53377896967069,0.19786636678383407,0.015133633216165926,92.89500787973431,0.20153292903614,0.011467070963859988,94.61639860851643
0.225,0.20475480620155073,0.020245193798449274,91.0021360895781,0.2061379,0.01886210441589356,91.61684248182509,0.2221274466450854,0.0028725533549145976,98.72330962003795,0.20688727594791545,0.018112724052084556,91.94990042129575,0.20348250000000095,0.02151749999999905,90.4366666666671,0.20794475,0.01705524921417237,92.41988923814561,0.24952205125780325,0.02452205125780324,89.10131055208745,0.20819808530700343,0.016801914692996578,92.53248235866819
0.225,0.2025054226651902,0.022494577334809807,90.00241007341786,0.204567,0.020432999730110174,90.91866678661769,0.19718491122248577,0.027815088777514235,87.63773832110479,0.2032682038746342,0.0217317961253658,90.34142394428186,0.20333250000000078,0.02166749999999923,90.37000000000035,0.20101798,0.023982024192810064,89.3413225809733,0.21170013312867017,0.013299866871329835,94.08894805718674,0.20371907854728707,0.02128092145271293,90.54181268768315
0.2,0.20539449612403143,0.005394496124031423,97.30275193798428,0.20645946,0.006459462642669667,96.77026867866516,0.22878986480695504,0.02878986480695503,85.60506759652249,0.21122762224132943,0.011227622241329421,94.3861888793353,0.2033525000000008,0.0033525000000007854,98.3237499999996,0.20615563,0.006155627965927113,96.92218601703644,0.22296490723811752,0.022964907238117505,88.51754638094124,0.21231750534610908,0.012317505346109064,93.84124732694546
0.188,0.20439256921373228,0.016392569213732278,91.28054829056794,0.20827387,0.02027387273311615,89.2160251419595,0.2001849629421349,0.012184962942134892,93.51863673290697,0.2074161532015624,0.019416153201562397,89.67225893533916,0.2028675000000009,0.014867500000000894,92.09175531914846,0.20736344,0.019363441586494445,89.70029702846041,0.2593306973372983,0.0713306973372983,62.05813971420303,0.20791043177249177,0.01991043177249177,89.40934480186607
0.188,0.2073189258028796,0.01931892580287961,89.72397563676616,0.20780352,0.019803517580032348,89.46621405317428,0.22150350809703978,0.03350350809703978,82.17898505476607,0.20784761400464496,0.019847614004644965,89.44275850816757,0.2048550000000007,0.016855000000000703,91.03457446808473,0.20629555,0.018295549869537353,90.26832453748013,0.15064658120504681,0.037353418794953186,80.13116021545044,0.20870834551941553,0.020708345519415527,88.98492259605557
0.188,0.21137626245847213,0.02337626245847213,87.56581784123823,0.21156026,0.023560264229774475,87.46794455863059,0.2251645885326816,0.03716458853268159,80.2316018443183,0.2102696370050258,0.022269637005025794,88.15444840158202,0.21064500000000025,0.022645000000000248,87.95478723404241,0.21473633,0.026736327528953552,85.77854918672683,0.2054061242984502,0.017406124298450204,90.74142324550522,0.21053607507496439,0.022536075074964385,88.01272602395511
0.225,0.22003539313399845,0.0049646068660015585,97.79350805955487,0.22019133,0.004808670282363897,97.86281320783827,0.2290688895644393,0.004068889564439293,98.19160463802699,0.21214438676639588,0.012855613233604124,94.28639411839816,0.22201499999999935,0.002985000000000654,98.67333333333305,0.22087546,0.004124543070793157,98.16686974631416,0.212839658016542,0.012160341983458,94.59540356290755,0.2127415451433868,0.012258454856613199,94.55179784150525
0.225,0.21699310077519454,0.008006899224805464,96.44137812230869,0.21270712,0.01229288280010224,94.53649653328789,0.20995981236144481,0.015040187638555191,93.31547216064213,0.21545040540994834,0.009549594590051669,95.7557357377548,0.21702999999999986,0.007970000000000144,96.45777777777771,0.21339263,0.011607369780540472,94.84116898642647,0.22934803762321293,0.004348037623212925,98.06753883412759,0.21600299820207375,0.008997001797926257,96.001332534255
0.225,0.20750777408637908,0.01749222591362093,92.22567737172403,0.2072578,0.017742192745208746,92.11458100212944,0.2084022187202788,0.016597781279721197,92.62320832012392,0.2080900865504722,0.016909913449527803,92.48448291132098,0.20853500000000036,0.016464999999999647,92.68222222222238,0.21023923,0.014760768413543707,93.43965848286946,0.2188844646328522,0.006115535367147817,97.28198428126764,0.20805985019449486,0.01694014980550515,92.4710445308866
0.225,0.21620607973421982,0.008793920265780186,96.09159099298658,0.21176885,0.013231149315834051,94.11948919296265,0.22661073270321508,0.0016107327032150731,99.28411879857107,0.20853271549233748,0.016467284507662522,92.68120688548332,0.21729499999999988,0.007705000000000128,96.5755555555555,0.21076182,0.01423818469047547,93.67191791534424,0.20806520033849019,0.01693479966150982,92.47342237266231,0.20839556354730052,0.01660443645269949,92.6202504654669
