SV_Train_Index,X_Acc_Filtered_Median,Y_Acc_Filtered_Median,X_Acc_Filtered_Mean,X_Displacement_Median,Y_Acc_Raw_Mean,Wave_Raw_Mean,Y_Acc_Filtered_Mean,Hs_m,X_Displacement_Mean,Z_Acc_Raw_Max,SV_Weight
421,-0.6809316540000001,0.07069388500000001,-0.075693096,0.38462977,-12.52068095,22.396849419999995,0.004904725000000001,1.069340386,0.11138696400000002,3896.8479,0.10010786737563784
0,-0.024821559999999965,0.33334867,0.040726001,-0.071890998,-20.93401675,21.92183172,-0.009085339,0.342502173,-0.065391168,3857.7539,0.10010786737563784
1,0.07312356599999992,0.19663014600000006,0.004313953,-0.00043391900000000483,-20.88297662,1.9007604039999997,-0.038752777,0.342502173,0.023218074,3854.1826,0.10010786737563784
2,0.03577898600000001,0.18039958,0.044285514,-0.05611617099999999,-21.02694393,21.88014471,-0.030093183,0.333376596,-0.036066375,3855.9683,0.10010786737563784
404,0.22225232700000003,1.1470111850000002,0.0007847190000000003,-0.234643221,-7.529551821,1.9246777319999993,0.013809944000000001,1.494794649,0.011939029,3929.177,0.10010786737563784
397,-1.686411292,1.411705054,-0.0046419140000000005,0.727117734,-19.60639319,21.97984427,0.015624744,1.386146746,0.037867531,3909.5356,-0.10010786737563784
393,-1.896239732,1.2575027250000002,0.05346216100000001,0.7089763119999999,-16.5223452,22.10748692,0.031913698,1.381419187,-0.049916401,3910.4285,0.10010786737563784
35,0.303322828,-0.11796532700000006,0.04162216,-0.04527590200000001,-6.759084938,22.92936524,0.06352153700000002,0.388699711,-0.04440178699999999,3869.1277,0.10010786737563784
34,0.252916306,-0.450780933,0.009787082,-0.130605825,-3.0177606830000006,1.9596537190000003,-0.007735832,0.374421422,-0.033146666,3875.5208,-0.10010786737563784
33,-0.06985607499999996,-0.15515133800000003,0.040105073,-0.105272367,0.5412852949999998,23.026542319999997,-0.040664786,0.405457324,-0.062228171,3884.0815,0.10010786737563784
32,0.484453203,-0.179372688,0.012064739,-0.272764448,4.953397661,1.9720906770000006,0.0016069450000000002,0.357567673,-0.00397517,3888.708,-0.10010786737563784
31,0.324732817,-0.11359409100000001,-0.020444303,-0.353477273,10.010742909999998,23.05084926,-0.035252095,0.394333885,0.007380346000000003,3903.5415,-0.10010786737563784
30,0.381811958,-0.227654431,0.046996578,-0.013342884999999999,17.33688768,1.9680836330000009,-0.002339996,0.33893481,-0.062542484,3918.7078,0.10010786737563784
29,0.09503235999999998,-0.02126421400000006,0.003461809,0.20546429400000002,25.332238070000002,23.026686149999996,0.020701564,0.365513025,0.025250574000000005,3931.2351,0.10010786737563784
28,0.303819229,-0.14900142699999996,-0.004706987000000001,-0.100158236,28.306773579999998,1.9670115240000001,-0.010400051,0.325288542,-0.002650659,3935.0256,-0.10010786737563784
27,0.10765166199999998,-0.08657755699999997,-0.009278504,0.044210041000000005,33.11083447,22.93003944,0.017417857,0.355310862,-0.007449309,3943.7209,-0.10010786737563784
26,0.046551290999999995,-0.04412244100000001,0.039318488,-0.23338716,32.81093767,1.958644124000001,0.01703096,0.309366481,-0.038388081,3940.2424,-0.10010786737563784
25,-0.09790188299999997,0.039754238,0.046236625,0.115685332,30.027561300000002,22.81518208,-0.014891070999999999,0.351492014,-0.078977333,3932.939,-0.10010786737563784
24,-0.008385488999999968,-0.042026754,-0.020328214,0.06988056000000001,26.546568370000003,1.9433689219999994,0.00030132699999999967,0.29885121499999995,0.041995284,3929.6133,-0.10010786737563784
23,0.274705808,0.05699901099999999,0.002705521,-0.1379886,20.571538709999995,22.66043727,0.008596507,0.32118857900000003,-0.017161626,3923.3252,-0.10010786737563784
22,0.12704189100000002,0.034776307000000006,0.011853312,0.025821557999999967,16.87439256,1.9396792630000004,0.009409544000000002,0.293266874,-0.008654852,3920.1643,-0.10010786737563784
21,0.328297369,-0.022890556999999978,0.007820735,-0.0066371420000000125,13.16001276,22.49765861,-0.025881063,0.301169569,-0.014082676,3915.6843,-0.10010786737563784
51,-0.09845581600000003,0.13558782400000002,-0.042079242,-0.010587179000000002,-21.26788382,21.83509568,0.027936219000000005,0.372012146,0.024913952000000003,3847.0403,-0.10010786737563784
50,-0.411897616,-0.023081850999999987,0.040669657,0.12730575599999996,-22.02085801,1.8982955389999994,0.015699638,0.412100011,-0.045181811,3845.2593,0.10010786737563784
47,-0.049675508000000035,0.016582401000000024,-0.016783692,-0.261056507,-24.21780846,21.96829539,0.018613878,0.454617074,0.017214461,3839.9194,0.10010786737563784
46,-0.3269384189999999,0.01942571999999998,-0.04376479,-0.095986283,-24.90863194,1.907444816,-0.067934578,0.382883248,0.050234433,3839.0469,0.10010786737563784
45,0.10285054100000002,0.072836491,0.039319979,0.09510918799999998,-25.33948984,22.09130379,0.013506148999999999,0.362288472,-0.025647067999999995,3835.5061,-0.10010786737563784
44,-0.04513527300000003,-0.15490032200000003,-0.024101188,-0.137253872,-26.05665088,1.9164928410000002,-0.06238962499999999,0.388165495,-0.003297208,3833.2056,-0.10010786737563784
43,-0.11344094099999996,0.10543057,0.007718536999999999,-0.050230014,-26.80169797,22.26326502,-0.03820355,0.391222171,0.034792247,3833.3933,-0.10010786737563784
41,0.09931576800000003,0.13359324399999994,0.0392023,-0.18993314,-25.93385423,22.45300409,-0.013049909999999998,0.38517237,-0.068680732,3835.186,-0.10010786737563784
40,0.195768226,0.07805584799999998,0.037070904,-0.04243227199999999,-23.21915904,1.9440174270000004,0.005030598999999999,0.392844829,-0.012242735,3838.7593,-0.10010786737563784
39,0.20999068000000004,0.05709535800000004,-0.021520641999999996,-0.0007464779999999949,-21.7980728,22.64244483,-0.042106342,0.377492071,0.025923209000000003,3845.9456,-0.10010786737563784
38,0.201405467,-0.16944610599999999,-0.057224186,-0.148025452,-16.69566465,1.955085200000001,-0.010005188,0.39044902,0.078530888,3857.5291,-0.10010786737563784
37,0.471844513,-0.217115615,-0.063269634,-0.095934582,-12.17913105,22.79218221,-0.030577999,0.398241155,0.09189100300000001,3864.7456,-0.10010786737563784
36,0.260522298,-0.284206866,-0.017646225,-0.23778302,-9.656143264,1.9481017289999993,0.001148264999999999,0.381862961,0.008569303,3865.9146,0.10010786737563784
386,1.413230761,0.524048902,-0.020122375999999997,-0.647350574,-12.41702095,1.9480560150000006,-0.015947841,1.416880277,0.083557609,3919.3564,-0.10010786737563784
363,-0.306790694,-0.040434054,-0.10199575,-0.036971981,-0.9275876369999994,22.40021768,-0.043257333,1.368613959,0.170531604,3940.8008,-0.10010786737563784
67,0.20700374,-0.03603175400000003,0.037629834,-0.04307796999999999,14.26070841,22.23456177,0.042629047,0.443856462,0.001360534,3922.6968,0.10010786737563784
66,-0.22146450099999998,-0.025449247000000008,0.009744166,-0.151874213,8.694012444999998,1.901584819,0.055467026,0.391687823,-0.033695705,3917.0962,0.10010786737563784
65,-0.24583910700000006,-0.08989173000000006,-0.023745639,-0.165701926,1.4721726939999993,22.11622556,0.048837037,0.407143338,0.023013196,3902.3933,0.10010786737563784
64,0.006743690000000024,-0.218366994,0.011738288,-0.093074481,-6.769068484,1.8967616960000004,0.0036454849999999995,0.385927486,-0.025744587,3887.2158,-0.10010786737563784
63,0.204308977,-0.229534912,0.000784664,-0.094317738,-14.73407399,22.02150911,-0.03294845200000001,0.408872414,0.013750705,3870.2527,0.10010786737563784
62,-0.004153053000000018,-0.17102531200000004,0.0007721830000000001,0.04790550499999999,-19.45085744,1.8891525159999993,0.016767693,0.376811828,0.002984708,3855.9683,0.10010786737563784
61,0.250112027,0.12872064100000002,0.027363848,0.09693922000000002,-19.81515546,21.95224189,-0.02151286,0.373310292,-0.041585424,3847.0403,0.10010786737563784
60,-0.07532657900000012,0.06246839300000001,-0.012993946,-0.371194974,-19.51019323,1.882867837000001,0.009624783000000001,0.376552199,0.023379290000000004,3855.0754,-0.10010786737563784
59,0.195801968,0.0839917,-0.007187629000000001,-0.1778959,-19.46491351,21.87869783,-0.004109266,0.39822803,0.022379651,3848.8257,0.10010786737563784
58,0.16167412600000003,-0.166320552,0.004131273,-0.111601807,-19.6672172,1.897653945,0.01168883,0.390346587,-0.02565892,3847.0403,-0.10010786737563784
57,-0.06479134299999995,-0.08832124799999996,-0.0018307070000000004,-0.005929130000000005,-20.03278625,21.83200496,-0.03076052,0.370885041,0.020031567,3845.2546,0.10010786737563784
56,0.00102371200000001,-0.221081966,0.024127085,0.033752427,-20.10174535,1.8885873249999996,-0.053362945,0.407092994,-0.034843512,3845.2546,-0.10010786737563784
55,0.09800545399999999,-0.06969790600000003,-0.019802723,-0.321185091,-20.30603682,21.81483567,-0.002404066,0.378341654,0.036673664,3846.1475,-0.10010786737563784
54,0.07566600600000001,0.004450241999999993,0.049143129,-0.169990972,-20.35224661,1.8894500389999997,-0.026286341,0.403882357,-0.051053476,3845.2546,-0.10010786737563784
53,0.079901954,0.024925839999999977,0.010088531,-0.08127338,-20.54589726,21.80912933,0.018173898,0.363294124,0.03608832,3843.469,-0.10010786737563784
52,-0.30988644800000004,-0.161286655,-0.051548231,0.08986956100000001,-20.73637898,1.892138116,0.013701873,0.409467967,0.063498575,3845.2546,-0.10010786737563784
83,0.125132837,0.014583010000000007,0.038172197,-0.20670448,-3.943455418,23.00406067,-0.013632035,0.398124309,-0.021403459,3872.6965,0.10010786737563784
82,0.014073453000000014,0.135564856,-0.014631804000000002,0.251677665,-1.0020819450000005,1.9646788219999998,0.001489344,0.398599471,0.018717852,3874.5801,-0.10010786737563784
81,-0.02756224700000004,-0.02266415100000002,-0.003826061,-0.091481581,1.4328174029999996,23.06994309,0.007942123000000002,0.399683723,-0.016225065,3883.1746,-0.10010786737563784
80,0.252459919,0.05612325899999998,0.04692581299999999,-0.020976820000000007,4.924522952,1.9753912509999996,0.010371575000000001,0.408393898,-0.054535557,3891.2124,-0.10010786737563784
79,0.471121063,-0.13287515500000002,0.002506188,0.0005987759999999953,12.541007149999999,23.06569739,-0.008132969,0.393753507,0.025767516000000004,3907.2881,0.10010786737563784
76,-0.03976139799999995,0.01718249300000002,0.012043428,-0.188575227,16.18163822,1.9674804520000002,0.046488423,0.43228701,0.012794814,3905.438,-0.10010786737563784
75,0.20384055299999998,-0.051551703000000004,0.010229187,0.0021854759999999918,14.522609150000001,22.8837931,0.042914773,0.391734645,-0.017246338,3903.1877,-0.10010786737563784
74,0.458484182,-0.03142658799999998,0.011654585000000002,-0.07451538299999999,6.790251184999999,1.9694593020000006,0.039366279,0.435368749,-0.039357239,3893.2502,-0.10010786737563784
73,0.14673970799999997,-0.206177483,-0.029707252,-0.182203539,-3.9857355200000004,22.73389461,0.027927369,0.406693748,0.065219664,3875.8101,-0.10010786737563784
71,-0.024447669000000005,-0.162391701,0.0633988,0.06849823099999999,25.812815470000004,22.553471630000004,-0.027400365,0.448655854,-0.056490133,3949.9612,0.10010786737563784
70,0.18449316799999999,-0.06783151399999998,0.038319847,-0.09991727,30.978154180000004,1.926788922,0.019397432,0.42073537,-0.040752006,3946.425,0.10010786737563784
69,-0.038963459000000034,-0.406432651,-0.033066049,-0.074146317,26.33053708,22.38864513,-0.025922013,0.470494342,0.054035363,3945.2239,0.10010786737563784
354,1.948921523,-1.069649298,0.034352077,-0.47508385200000003,-12.2763713,1.9094461519999992,0.017423566,0.819019496,0.026571927999999995,3929.177,-0.10010786737563784
353,1.2474067560000002,1.1442547699999999,-0.058562322,-0.599015742,-13.69206902,21.96880914,-0.008926943,1.078981655,-0.013205716,3916.6782,0.10010786737563784
351,0.96745403,-0.587777144,-0.082156227,0.035998751999999995,-15.67310184,21.85513952,0.040013818,0.964589959,0.023389263,3896.1438,-0.10010786737563784
347,0.413956723,-0.619283226,-0.003606422,-0.010951087999999998,-18.14915717,21.83763392,-0.10003873,0.64997478,0.005961466,3857.8015,-0.10010786737563784
346,0.21802614800000003,-1.251447779,0.073019507,0.04767845399999998,-18.90181261,1.8978886389999996,-0.170017331,0.583628014,-0.130747174,3860.55,0.10010786737563784
345,0.4023181,-0.627767073,0.11168985,-0.009245191000000014,-19.24146018,21.9171581,-0.019310383,0.600773222,-0.058031695,3855.0869,0.10010786737563784
344,0.461129786,-0.093081637,0.013141986,-0.126511673,-19.34899567,1.8997291700000005,0.066962832,0.587604061,-0.021817878,3854.3572,0.10010786737563784
343,0.349462265,-0.578073947,0.022546125,-0.010201475999999987,-19.25209122,22.07701903,-0.026608284,0.588386975,0.008520754000000002,3859.6094,0.10010786737563784
342,0.23919551700000002,-0.161296035,-0.056342146,-0.161053945,-18.97863071,1.9109552789999995,0.08972611,0.581576818,0.067425644,3857.9687,0.10010786737563784
99,-0.20309150800000003,-0.13033569,0.046321335,0.053763848,-17.32508499,21.82964467,0.014895503000000001,0.350844836,-0.011414911,3850.6116,-0.10010786737563784
98,-0.08594528699999998,-0.059084954999999995,0.006442652,0.14274122599999997,-17.34142908,1.8935496579999995,0.015784732,0.353765973,-0.026854462999999995,3850.6116,0.10010786737563784
97,-0.12436226199999995,-0.11477799,0.031362217,0.003994704999999987,-17.32075325,21.93813617,0.025752269,0.354350209,-0.035292759,3854.2163,-0.10010786737563784
96,-0.13719228300000003,-0.343601069,-0.011679648,0.0038230539999999924,-17.3309603,1.9136758900000004,0.0011574009999999997,0.361108123,0.021490504,3848.8271,-0.10010786737563784
95,-0.05978976099999994,0.220710529,-0.01281224,-0.025565597999999995,-17.39679595,22.08011575,-0.036060429,0.374735828,0.007503714,3849.7546,-0.10010786737563784
94,-0.3282175339999999,-0.19744446,-0.005937027000000001,0.19432952100000003,-17.35538527,1.9163124089999997,0.018732724,0.384093852,0.01935771,3850.6238,0.10010786737563784
93,0.15006183499999998,0.008991130999999986,-0.024827595,-0.139787643,-17.39208624,22.24567956,0.043060916,0.330761404,0.030281544,3849.0193,-0.10010786737563784
92,-0.021848047000000037,-0.04235925499999993,0.010643076,0.120748349,-17.28480896,1.9299044179999996,0.006344577999999999,0.397566433,-0.034273213,3847.3096,-0.10010786737563784
91,0.137030871,0.03763815100000001,-0.041767076,-0.272922505,-17.27491408,22.43259929,0.061631606000000005,0.357090837,0.070301418,3848.2861,-0.10010786737563784
88,0.018334932000000026,-0.06417008800000007,-0.056934689,-0.01221623899999999,-15.7698595,1.9535226750000003,-0.005776631,0.414457394,0.058198811,3851.2644,0.10010786737563784
87,0.120699905,0.006311220000000006,-0.005905896000000001,-0.101922556,-14.48566317,22.78251982,-0.049054362,0.391060957,0.001169702,3853.1609,-0.10010786737563784
86,0.297589817,0.023102483000000007,0.026159682,-0.117474984,-12.12492361,1.9692473610000008,0.021296124000000003,0.416471549,-0.017623694,3860.3445,0.10010786737563784
85,0.23727234599999997,0.03385337599999999,-0.01763753,-0.242611345,-8.850942849,22.90809262,0.062129247,0.489664474,0.012080965,3864.0613,-0.10010786737563784
84,0.14297135899999996,-0.029429068000000003,0.001104076,-0.140627374,-6.300132258,1.9698580050000007,-0.036948812,0.396885584,-0.022636427,3868.3938,0.10010786737563784
115,0.051879430999999976,-0.410718141,0.051143654999999996,-0.022040212000000003,2.54557492,22.18432294,0.021374356,0.380633184,-0.04980963100000001,3889.8943,-0.10010786737563784
114,-0.19517433599999995,-0.05247201200000001,-0.03685071,-0.079620686,-1.9257906140000003,1.8973963079999994,0.012966371,0.370669034,0.044158671,3882.752,-0.10010786737563784
113,0.04495185899999998,-0.248464736,-0.026896346,0.129529773,-6.756430968,22.03282192,-0.008245006,0.389234702,0.022457712000000005,3873.8242,-0.10010786737563784
112,0.056829668,-0.336735007,0.031553608,-0.019063423999999995,-11.69875341,1.8961015040000007,0.018605551,0.366853771,-0.030031457999999997,3868.4673,-0.10010786737563784
111,-0.215471837,0.07572901700000001,-0.034350577,0.16272864700000003,-15.33989703,21.92102592,-0.012121474,0.373592622,0.053837195,3856.8611,-0.10010786737563784
110,0.03427289,-0.14158299600000002,0.013247194,0.054047552,-17.44602061,1.882117942999999,-0.006691019000000001,0.363315267,-0.017011582,3850.6116,-0.10010786737563784
109,-0.154826309,0.026525326999999987,-0.004794868000000001,0.132458993,-18.05257473,21.8452711,0.0021517430000000002,0.376604228,-0.010052295,3849.7185,-0.10010786737563784
108,0.010646665,-0.427888064,-0.010312229,-0.044127797999999996,-18.18534675,1.8876407959999995,-0.023817113,0.358163388,0.020626317999999998,3847.0403,-0.10010786737563784
107,0.216410602,-0.032909611000000005,0.015882419,-0.180725508,-18.13622702,21.76990056,-0.0016840969999999999,0.365414686,-0.030043328,3847.0403,-0.10010786737563784
106,0.118634617,-0.212022343,-0.009540115,-0.169611315,-18.06089041,1.885337517,-0.013516411999999998,0.355950493,0.016462916,3847.9329,-0.10010786737563784
105,0.19611024100000002,-0.255566269,0.030160369,-0.01979547000000001,-18.0387259,21.73544893,-0.00376207,0.348498929,-0.031526737,3847.0403,-0.10010786737563784
104,-0.22975317899999997,-0.285345267,-0.031644383,0.006939861999999991,-17.92896546,1.8845611570000003,-0.026993098,0.361197873,0.019841628,3849.7185,-0.10010786737563784
103,0.09847540999999999,-0.161248616,0.01639329,-0.100017499,-17.90315618,21.73848558,-0.023485541,0.370158387,-0.025152635,3847.9329,-0.10010786737563784
101,-0.120642215,-0.08901716999999998,-0.02744359,0.078878058,-17.53492315,21.77009573,-0.024008562,0.355900103,0.04149892000000001,3849.72,-0.10010786737563784
131,-0.06155717600000005,-0.276442782,-0.053328363,0.18775770500000002,-12.02734607,23.07624275,0.012296219,0.455113485,0.02526659,3857.5181,0.10010786737563784
130,0.09356567199999999,-0.16654676899999998,-0.028456416,0.163872687,-8.900326461,1.9866703389999998,0.052049354,0.428853943,0.031622158,3858.5525,-0.10010786737563784
129,0.15246761400000003,-0.12189106900000002,-0.010600338,-0.017814490999999988,-5.414604018,23.08183129,0.028767576000000003,0.401540307,0.0042824790000000005,3864.0208,0.10010786737563784
128,-0.09614831600000001,-0.181939681,-0.01188918,0.058525618,-3.0945836460000002,1.974287984,-0.004452284,0.422822161,0.010720607,3867.4382,-0.10010786737563784
127,0.271112758,-0.292728668,-0.0019040329999999999,-0.07276344500000001,1.0153975430000006,23.03530038,0.0007123530000000006,0.457010805,-0.009347841,3878.2625,-0.10010786737563784
126,0.228520334,-0.639079227,-0.004724061,-0.094704732,4.673246567,1.961352659000001,-0.014092489,0.412143802,0.014895001,3883.4207,0.10010786737563784
125,-0.165461421,-0.75427107,-0.0035223950000000006,0.22534876699999998,7.578503586,22.92696447,-0.019038094,0.471031165,-0.006732116,3885.3979,-0.10010786737563784
124,0.06325056699999998,-0.744068418,0.015761323,0.047930871999999985,10.071635909999998,1.9530220529999998,0.032244508,0.394064206,0.00023849199999999987,3892.5857,-0.10010786737563784
123,0.234030966,-0.275548397,-0.036096403,0.022453572000000005,15.9145444,22.79561805,0.014931457000000002,0.420547822,0.026825501,3897.8425,-0.10010786737563784
122,-0.36289614,-0.14792665500000002,-0.003993892000000001,0.12549559199999996,18.28831495,1.9459262749999997,0.017033072,0.387801582,-0.026673073,3900.3762,0.10010786737563784
121,-0.04763895499999998,-0.062334539999999994,0.020817932,0.17066434099999997,16.68145349,22.65606268,0.046134886,0.394139617,-0.024475506000000008,3898.6182,-0.10010786737563784
120,-0.04662976000000002,-0.334224969,-0.032283798,0.03544923599999997,14.95942762,1.9321495629999994,-0.011197841,0.383692183,0.034265566,3897.7871,-0.10010786737563784
119,-0.15706083399999998,-0.178215671,-0.008627828,0.056501579999999996,13.139603559999998,22.48648034,-0.013704926,0.371381397,0.004613917999999999,3898.7236,-0.10010786737563784
118,-0.02530676000000004,-0.336097764,-0.016574404,0.06412030199999999,10.662293519999999,1.9183654580000002,-0.011832117,0.38473675,0.028418969000000002,3896.8403,-0.10010786737563784
117,-0.019118410999999946,-0.0016211729999999203,-0.004912983000000001,0.15448943500000004,9.297473588999999,22.32733476,0.030684711000000003,0.403619011,-0.02322307,3895.873,-0.10010786737563784
116,-0.11102168100000004,-0.333642428,0.004547705,-0.083011998,6.265936573000003,1.9218376710000005,-0.013348759999999998,0.377095885,-0.021485402,3893.9824,-0.10010786737563784
145,0.302372094,-1.630590562,0.111698487,-0.008307223000000002,-19.28922785,22.17237016,-0.086778329,1.154726632,-0.032262011,3871.1455,-0.10010786737563784
144,0.59455226,-1.253337077,0.095192175,0.152045521,-19.10880511,1.9201445279999998,-0.14777056,1.010788402,-0.154304073,3880.9663,-0.10010786737563784
142,1.139951511,-1.295672789,-0.085748337,-0.090350429,-19.71143855,1.9286348039999996,0.036034243,0.886200289,0.112920529,3877.3953,-0.10010786737563784
132,0.17421013000000002,-0.272087617,-0.046389062,0.02449033500000003,-14.57424193,1.9838779189999993,0.042837087,0.441048717,0.063567198,3861.9124,0.10010786737563784
341,0.332604625,0.31881721099999993,-0.028909637,-0.089991126,-18.99424297,22.28528635,0.010119119,0.566602768,0.002403003,3857.9031,0.10010786737563784
340,0.287947082,-0.11900211,0.002505954,-0.145088464,-19.60960196,1.9338315809999997,-0.041407839,0.578725394,-0.005882315,3854.3206,0.10010786737563784
339,0.861019019,0.7752057919999998,0.031789825,-0.04196635900000001,-20.16125072,22.48620124,-0.012009355,0.591409667,-0.053515807,3858.0955,-0.10010786737563784
337,0.956485048,0.600090004,-0.003265803,-0.148057514,-20.78659897,22.62730944,-0.004857955,0.570967438,-0.012141125,3852.7219,-0.10010786737563784
336,0.560168842,0.47461522899999997,0.037790981999999994,0.05633739099999999,-21.03546792,1.9504123559999993,-0.012418424,0.579645129,-0.045477824,3853.0061,0.10010786737563784
334,1.344121755,0.27546794500000005,-0.061396641,-0.331602694,-21.65001608,1.9622086200000002,0.059540014,0.562236772,0.019578654,3860.1079,-0.10010786737563784
332,0.942637212,0.743611833,0.014001222,-0.184382297,-23.83229924,1.9724890029999997,0.029781111,0.541181872,0.029285600000000002,3847.7292,-0.10010786737563784
329,1.355838678,1.022802332,0.092743704,-0.129335725,-26.91151209,22.904621300000002,-0.017868826,0.605884899,-0.079664323,3838.7632,0.10010786737563784
327,0.425540031,-0.573899022,-0.048859047,-0.044249172,-27.82682309,22.83993921,0.004814845000000001,0.56109088,0.054185468,3840.5576,0.10010786737563784
326,-0.02076091799999996,-0.219442749,0.00390523,-0.115672417,-28.00166852,1.9549643099999994,-0.008710021,0.405630182,-0.026451064999999996,3828.176,0.10010786737563784
325,-0.04064397699999994,-0.737097303,0.013052284,-0.222399235,-27.04918607,22.756348420000002,-0.037396302,0.533611673,-0.020967859999999998,3830.0723,0.10010786737563784
324,-0.10975305900000004,-0.24465398000000002,0.030021976999999995,0.020333324999999985,-23.47735109,1.9510917509999999,0.0032774479999999996,0.367641604,-0.015520198,3842.7207,0.10010786737563784
323,0.13081475199999998,-0.225764505,-0.00752384,0.042936400999999985,-13.15958076,22.63610764,0.013411438000000001,0.452976263,0.021392956000000005,3858.7273,0.10010786737563784
322,-0.12108426099999997,-0.04155387100000002,0.000594191,-0.122774721,-7.408878104,1.9302953239999994,-0.035350108,0.343920087,-0.017340054,3864.6709,0.10010786737563784
321,0.181723751,-0.260883783,-0.015875962,-0.097386583,-3.306512371,22.51094993,0.0034029399999999993,0.352303414,0.019434543,3872.8247,0.10010786737563784
320,0.00951244200000001,-0.18130131,-0.036186435,0.133735527,1.2726702719999992,1.9202144069999996,0.021863967,0.349427167,0.05601871,3882.2815,0.10010786737563784
319,-0.03787841900000005,0.01890913999999999,-0.029491967000000004,-0.02438136399999999,6.575728475000002,22.44168474,-0.010328722,0.341132891,0.031399453,3892.9985,0.10010786737563784
318,0.031281116,-0.14331089799999996,-0.026774753,-0.012887175,13.221498060000002,1.9196326050000003,0.0008113190000000004,0.350756101,0.027738951000000005,3903.6987,0.10010786737563784
317,-0.01350443200000001,-0.15218756099999997,-0.006683832000000001,0.13097441899999998,18.35733771,22.35801803,-0.025527014,0.34812667,0.004602498,3907.8853,0.10010786737563784
316,0.027642471999999974,0.03323992499999995,-0.009125633,-0.03573736999999999,17.04968859,1.916312403000001,-0.010341887,0.358544526,0.004466507,3905.8367,0.10010786737563784
315,0.053290583,-0.147425702,0.023143292000000003,-0.04045421200000002,12.6139747,22.30908271,-0.03706727,0.34366878,-0.023669533,3899.4985,0.10010786737563784
314,0.249759015,0.222419119,0.000818395,-0.063033909,9.820561009999999,1.9095504779999999,0.014672917,0.370846327,0.005342253999999999,3896.8826,0.10010786737563784
313,0.05286287099999998,-0.141797051,0.001011868,-0.246686921,9.083746560999998,22.24133197,-0.035255418,0.33436868,-0.014549310000000001,3892.604,0.10010786737563784
312,0.009549637,0.22036961199999994,0.011888915,-0.114075125,8.225080405,1.9042590070000003,0.0030825900000000005,0.383783398,0.005319035,3893.3318,0.10010786737563784
311,0.132450597,0.13134634199999995,-0.016383112,0.057524989,5.674226649000001,22.16117059,-0.018767827,0.379838814,0.025144153999999995,3887.7715,0.10010786737563784
310,-0.04015710499999997,0.12138125300000002,-0.021833201,0.029852404,2.324677770000001,1.9173790519999994,0.009867913000000002,0.384736725,0.016650792000000005,3880.5027,0.10010786737563784
157,-0.171061085,-1.7642447680000002,-0.001590771,0.27120158299999997,-17.72033015,21.83374235,-0.0005765340000000001,1.039039187,-0.126884826,3875.6096,0.10010786737563784
156,0.16944503900000002,-2.283910415,0.018225384,0.240378165,-17.85180994,1.8910351750000007,-0.100447069,1.02265181,-0.004594027,3875.6096,-0.10010786737563784
155,0.17253439600000003,-1.643948313,0.126026903,-0.23428179,-17.70826695,21.80099892,0.050011454,0.933915185,-0.17436796099999996,3870.2527,-0.10010786737563784
153,-0.163224039,-1.9324464189999997,-0.091745649,-0.044808766,-18.20319847,21.79172145,-0.008233843,0.921818243,0.09257812,3879.1809,-0.10010786737563784
151,0.439587747,-0.70724082,-0.033207236,-0.21518352,-18.5779099,21.8336561,0.110078267,1.016127943,0.05979119,3868.4673,-0.10010786737563784
150,0.132782862,-1.8355434339999999,-0.045414474,0.19218689500000005,-18.91132752,1.89413697,0.104505651,1.159052271,0.05534362999999999,3889.0015,-0.10010786737563784
179,0.9966743999999998,-1.471315143,-0.015457748,-0.518148458,-9.500335536,23.09534132,-0.029322301,0.884409655,0.013393856,3903.4661,0.10010786737563784
176,0.37409383,-2.088599503,-0.093331414,0.01873317500000002,-5.57829831,1.9634718240000009,-0.020691273,0.982614336,-0.044407774,3895.9102,0.10010786737563784
165,0.711874935,-1.9291861889999997,-0.070751272,-0.127791384,1.76195448,22.29365179,-0.148157844,1.06733351,0.043687386,3904.179,-0.10010786737563784
164,1.980511497,-1.408564305,-0.045349198,-0.220142807,-1.878380806,1.9057880009999995,-0.039302039,1.071863967,0.047974867,3899.7151,-0.10010786737563784
309,0.06761560299999997,-0.16428026100000004,0.018552343,-0.0011239329999999936,-1.4881044459999995,22.05674175,0.012362562,0.34777756,-0.025397525999999997,3877.5674,0.10010786737563784
308,0.208533435,0.3699184489999999,0.011192643,-0.234362223,-4.534780398,1.8896169450000002,0.021782145,0.387049108,4.849999999999993e-05,3867.6223,0.10010786737563784
307,0.140034522,0.10874836300000001,-0.030538095000000005,-0.101859784,-7.040055967,21.9695842,0.0010535320000000011,0.387068796,0.020071196,3861.325,0.10010786737563784
306,0.11276521099999998,-0.05486970200000002,0.014743943,-0.217972138,-9.389041934,1.902820469,-0.003027105,0.387454717,-0.016150130999999998,3861.325,0.10010786737563784
305,0.17944210300000002,-0.23020281099999998,-0.007966545,0.13518550600000004,-12.14332529,21.85426569,0.010030674,0.405177785,0.030328190000000005,3855.9683,0.10010786737563784
304,-0.12956705500000004,-0.173808976,-0.047663715,0.211776685,-14.22766046,1.8770578590000007,-0.022759329,0.380167663,0.06004609,3852.3972,0.10010786737563784
303,-0.059501755000000045,-0.007355728000000061,-0.020437497,-0.06517329400000002,-15.65862576,21.76421257,0.018581675,0.399054034,0.015619002999999998,3847.1235,0.10010786737563784
302,-0.038922358000000046,-0.359935336,-0.022379654,0.085024076,-16.47876391,1.8874149510000002,0.039667745,0.374649143,0.022317848,3846.157,-0.10010786737563784
301,-0.15974138600000004,-0.13269771799999996,-0.018247008,-0.208445198,-16.68488609,21.71078846,-0.016712931,0.384605453,0.010577619,3848.9272,0.10010786737563784
300,0.07500697900000003,0.09044642199999997,-0.038258361,-0.226977845,-16.59274796,1.88531665,0.015095202000000002,0.376399929,0.056275292,3845.3196,-0.10010786737563784
299,-0.04515348999999996,-0.189832622,0.006657935,0.0019837520000000053,-16.50567529,21.71895339,-0.010594565,0.359339472,-0.004524482,3845.6448,0.10010786737563784
298,-0.04526365999999998,-0.09040579700000001,-0.0009630650000000004,0.02065506999999997,-16.53205855,1.8865545200000007,-0.049907347,0.38307283,0.0017811010000000002,3847.4307,-0.10010786737563784
297,0.277287566,-0.131750335,0.036097074,-0.104555919,-16.65855751,21.79169482,-0.027199466,0.38909684,-0.061194494,3843.718,0.10010786737563784
296,-0.11322274999999998,-0.12172850099999993,0.028887695,-0.18695375,-16.69688622,1.89555468,-0.031964733,0.392088015,-0.022535062,3843.6755,0.10010786737563784
295,-0.012799326000000055,0.10939108899999994,-0.003506939,0.027933964000000006,-16.71622168,21.95464024,0.052670086,0.368742519,0.009652519999999998,3845.53,0.10010786737563784
294,0.266454818,-0.017527457999999996,-0.0013004650000000002,-0.05187159099999998,-16.70565931,1.9084482430000005,-0.034637286,0.399591251,-0.006562493,3844.8516,0.10010786737563784
184,1.754033244,-1.157147374,-0.090371027,-0.421687732,-16.51301933,1.97557924,0.052675945,0.884765854,0.034222824,3893.4656,0.10010786737563784
182,1.055996366,-0.891697261,0.133009971,-0.121047252,-15.65458133,1.9786711449999999,-0.069801836,0.902793295,-0.192869391,3897.105,0.10010786737563784
293,0.17601124699999998,0.262686106,-0.029973222000000004,-0.174968505,-16.6466319,22.15504569,0.0040338710000000005,0.371461432,0.054520229,3845.6802,0.10010786737563784
292,0.21265786999999997,0.040324003,-0.032620919,-0.336358898,-16.6710835,1.9234358270000005,-0.023172932,0.415256594,0.033161396,3842.8127,0.10010786737563784
291,0.152115542,0.16624442900000003,0.010215306,0.14905492099999998,-16.71009587,22.37237284,-0.030074367,0.393359385,-0.00164452,3843.1741,0.10010786737563784
290,0.357368602,0.20956464099999994,0.017217267,-0.02444184599999999,-16.53849112,1.936500637,0.0036697839999999997,0.424730395,-0.066376393,3845.8787,0.10010786737563784
288,0.677307304,0.07788812700000003,0.043111908,-0.083577846,-16.19020608,1.9528868700000004,-0.006432405,0.439893298,-0.035688808,3845.0183,0.10010786737563784
286,0.693356188,0.40994837900000003,0.015499493,-0.112609807,-15.52409238,1.9640866,-0.007513845,0.44840785,0.009790048,3849.6218,-0.10010786737563784
285,0.627045025,0.360772459,0.001534438,-0.265963756,-15.06143664,22.875930089999997,0.003860922,0.406258697,-0.007784787,3851.4326,0.10010786737563784
284,0.724381173,0.34052177299999997,-0.038746058,-0.139045005,-14.45819413,1.9731726920000003,0.04094479,0.460392032,0.04865493800000001,3851.5464,0.10010786737563784
283,0.525607242,0.016060617,-0.055110303,0.018076676000000014,-13.87515947,22.97652442,0.072257745,0.449788149,0.05227761699999999,3851.6885,0.10010786737563784
280,0.682380936,0.20760953699999996,-0.002746804,-0.254496974,-9.734237995,1.973381345,0.016714804,0.488228144,-0.02741458,3861.9866,-0.10010786737563784
279,0.866369729,0.07442935100000003,0.013091949,-0.295518667,-7.547164653,22.98169927,0.036386815,0.468518493,-0.038773172,3867.5093,-0.10010786737563784
210,1.51721046,-2.79038163,-0.072381938,-0.9536858550000001,-5.194145868,1.8926789940000006,0.015103534000000002,1.879248456,-0.005134048,3944.3545,-0.10010786737563784
276,0.443401659,0.24945707699999997,0.014899156,0.08229068799999997,2.040394206,1.9551680519999994,0.013113129999999997,0.521339532,0.010190422,3887.7261,0.10010786737563784
275,0.578688029,-0.14929645599999997,-0.0004406990000000001,-0.235357053,6.024127530000001,22.84297714,0.03968507,0.466179607,-0.030011724999999996,3897.2361,0.10010786737563784
274,0.776428479,-0.193344215,0.003458119,-0.02416237900000001,9.977817455,1.9536558,0.060425378,0.543396148,-0.019431143999999997,3899.9866,0.10010786737563784
273,0.430000058,-0.07897225499999999,-0.001479364,0.111238786,14.218546099999998,22.75878708,0.006311857,0.507718486,-0.010458614,3908.9087,0.10010786737563784
272,0.505785235,-0.238151119,0.026134231,-0.033704751000000005,18.81780124,1.9464422209999999,-0.051258888,0.574628677,-0.002732116,3920.991,0.10010786737563784
271,0.437667979,-0.23978025199999997,-0.014816472,0.053535847,24.4656186,22.66283235,0.011049997000000002,0.52197861,0.016195534000000004,3930.9553,0.10010786737563784
261,1.059443493,0.05542055600000001,0.08271401599999999,-0.336377042,19.93657978,22.12904772,0.087419151,0.697383231,-0.116469987,3939.9773,0.10010786737563784
254,0.636033217,-0.346304014,-0.06930340299999999,-0.227893347,-17.8516905,1.8876057169999996,0.01313986,0.723817031,0.065230338,3860.4321,0.10010786737563784
252,0.920189141,-0.11199314300000002,0.043871447,-0.0023118870000000125,-18.08577173,1.8866596910000002,-0.00834758,0.725989835,-0.068490127,3856.8611,-0.10010786737563784
248,0.340877895,-0.484650728,-0.014200210000000001,-0.0002890479999999862,-18.51746833,1.8958220229999991,-0.059838808,0.781769513,0.009936428,3857.7539,0.10010786737563784
247,0.280310249,-0.70609952,-0.042970271,-0.034036253,-18.57841521,21.9228919,-0.035256694,0.726862532,0.072384702,3855.9683,0.10010786737563784
245,0.07593025000000003,-0.62312908,0.072890069,-0.064990595,-18.52446577,22.07899933,0.078361674,0.770421157,-0.040084865,3853.2898,0.10010786737563784
223,1.350623092,-1.88445016,0.010201675,-0.455730486,-0.7142006199999997,22.86772249,-0.044893637,1.26894541,-0.016459803,3914.6621,-0.10010786737563784
216,1.677980895,-1.4882890249999998,-0.071425171,-0.584058841,-0.4243919260000002,1.9210288329999994,0.037570041,1.638867209,0.157481217,3913.9995,0.10010786737563784
243,0.394587921,-0.285248698,0.007189547999999999,-0.180050928,-18.50265976,22.27641942,-0.014062862000000002,0.723009761,0.055086307,3857.7539,0.10010786737563784
241,1.083044709,0.17868306200000006,0.010596152,-0.363414227,-18.35316841,22.49673306,-0.047587861,0.817282826,0.047056354,3864.0032,-0.10010786737563784
239,1.609905235,-0.32930127,-0.017398810000000004,-0.48833533500000004,-17.95098198,22.69247864,0.023299326,0.87127129,-0.029368695000000007,3860.4321,-0.10010786737563784
237,1.420961205,-0.375468822,-0.065872096,-0.422915248,-17.86183247,22.84331254,0.086563046,0.922193422,0.011834967,3872.0386,0.10010786737563784
236,1.765904788,-0.51043615,0.033186405,-0.604908358,-17.79799191,1.970118770000001,-0.006882484000000001,1.024615339,-0.025193559999999997,3872.9314,-0.10010786737563784
231,0.96388124,-0.35880836,0.072403734,-0.23490397,-16.171527,23.12127476,0.077128444,1.055257439,-0.120169863,3875.6096,0.10010786737563784
229,1.590255997,-0.8890746549999999,0.054405080999999994,-0.557921244,-13.86190588,23.08141383,0.005318558,1.02533912,-0.043243138,3897.292,0.10010786737563784
3,0.314290814,0.07365383599999997,0.018645035,-0.029102125000000006,-21.2343463,0.0,0.016515907,0.337939385,-0.040691806,3855.0754,0.10010786737563784
418,-0.03648610099999999,0.5704650919999998,0.017582748,0.168721353,-5.045562559,1.9143094139999999,0.05781528,1.310541412,-0.042880464,3914.9104,-0.10010786737563784
409,0.846112033,0.4024694850000001,0.0788677,0.0019550869999999942,20.71949531,22.463922509999996,0.080128377,1.320805345,-0.125269147,3967.3435,-0.10010786737563784
19,0.22757758099999997,-0.07593581300000002,0.024469136,-0.016014610000000012,2.6132197910000006,22.32869034,-0.013269885999999998,0.29728169,0.003729009,3898.0134,-0.10010786737563784
17,-0.12059703599999999,-0.172730316,0.018283914,0.031232590000000005,-7.580922135,22.18244631,-0.03521605,0.275700552,-0.038341688,3883.6448,-0.10010786737563784
16,0.190506142,-0.06632869800000007,0.029816617,-0.05823361400000002,-12.92032167,0.0012325149999998786,-0.016003046,0.305773763,-0.022023675,3872.0386,-0.10010786737563784
15,0.06138381100000001,0.01053556799999994,-0.014161400000000001,-0.095329116,-16.51132334,0.0,-0.039933817,0.309452712,0.031246605000000004,3861.325,-0.10010786737563784
13,0.076350162,0.09041628199999996,-0.022918663,-0.174165652,-21.342404,0.0012265379999991666,-0.031708137,0.312965054,0.042402944000000005,3847.0403,-0.10010786737563784
12,0.373496971,0.001722971000000073,0.008522938,-0.009786772,-21.57546111,0.0,-0.082199137,0.31806794,-0.005275105,3846.1475,0.10010786737563784
11,0.19932567,0.15019922600000002,-0.009282872,-0.111590145,-21.86680404,21.96384409,-0.04175087,0.292070112,0.0011893040000000004,3846.1475,0.10010786737563784
10,0.065959076,0.027669897,-0.022705821,0.08224409600000002,-22.03953195,0.0012229799999996516,-0.002671002,0.330675955,0.015708804,3847.9329,0.10010786737563784
9,0.3593886,0.15216908699999998,0.028022231,-0.02448799900000001,-22.12643338,0.0,-0.024543609,0.330675955,-0.044643427,3847.9329,-0.10010786737563784
7,0.245852573,0.18499545000000017,0.024647562,-0.110911491,-21.87307717,0.0012131019999994663,0.064657946,0.332122776,-0.030604072999999996,3855.9683,0.10010786737563784
5,0.267202775,0.31509538299999995,0.030919507,-0.077374404,-21.52695834,21.89121214,-0.019067636,0.32048956000000006,-0.003671649,3848.8257,-0.10010786737563784
4,-0.11797806100000002,-0.017340440000000013,0.008183103,-0.061458913000000004,-21.40764948,0.0012157730000001976,-0.021682558,0.337939385,-0.004903681,3852.3972,0.10010786737563784
365,-1.097063809,1.1226336539999995,-0.012676918,0.303686802,-0.9889668169999997,22.41683408,0.00908103,1.342541883,0.157116719,3940.145,-0.09879895143935755
412,0.05653184,-0.54254741,-0.043433225,-0.058941462,21.270203910000003,1.929123937,-0.029249237,1.413400809,0.09054659899999999,3975.1436,-0.09784615464520995
259,0.68643302,-0.536156648,0.011621989,-0.451817075,8.572708642000002,21.98814809,-0.023694536,0.681230218,-0.00900482,3924.7131,-0.0975660932913574
373,-1.550247683,0.775026436,-0.077192001,0.01699273200000001,-13.54898504,22.57024866,-0.028737357,1.522773362,0.183459152,3935.6248,0.0970685319728431
348,1.442371297,-1.4513671449999999,0.078148619,-0.101668446,-17.81092786,1.8897059509999998,-0.102706499,0.599429482,-0.059701813,3864.896,0.0965512773486684
181,1.548442969,-1.21157477,0.06295518,-0.436231865,-14.16353791,23.07854412,-0.037659257,0.827860173,-0.023572993,3898.8943,-0.09601671143445688
242,0.331754688,0.34292689399999987,-0.061921045999999993,-0.085450084,-18.32257081,1.9255183319999993,0.026202055,0.906614351,0.019345471000000003,3855.9683,-0.09582924848155891
282,0.789589385,0.07597822600000004,0.003262591,-0.163114484,-12.86167442,1.970725173,0.037272116,0.4719781,-0.028514091,3853.3247,-0.09574729319462405
258,1.242650316,-0.611261827,0.026100205,-0.36913316,-0.553275481,1.8846376219999996,-0.077631166,0.713793011,-0.019715835,3908.6428,0.09403621498564363
226,1.644775063,-0.895654833,0.09814789700000001,-0.835833434,-8.250492526,1.9589213119999993,-0.009693381,1.270102328,-0.147376327,3890.4219,0.09377446243611455
159,0.326536574,-3.252590957,-0.042431173999999995,-0.360835526,-16.63759802,21.91319889,0.063853512,1.116512932,0.028014651,3880.0735,-0.09302182238124251
171,0.470997184,-2.247794804,-0.10389881300000002,-0.176664831,1.528139542,22.72155106,-0.001498573,0.96541593,0.113864934,3907.5183,0.09284886853969525
406,2.532646607,-0.368385115,0.08918364,-0.931809363,4.294189678,1.934379561,-0.059598836,1.501769986,-0.167982765,3945.2473,-0.09090649268961758
140,3.262691,-0.440852729,0.043984899,-0.671598392,-20.02525396,1.9288478869999999,-0.019736911,0.74417865,0.033504572,3899.7151,0.09071833507401024
255,0.623287431,0.39274255300000005,-0.019244834,-0.190056681,-16.6794098,21.78689225,0.006381970999999999,0.719080735,0.073690614,3861.325,-0.09069922908683031
49,-0.345899911,-0.012659690999999973,-0.016275088,-0.136358596,-22.96417356,21.87543034,-0.005547517,0.467199971,-3.400000000000191e-06,3841.7983,-0.09056959151451469
90,-0.125210023,0.09529208300000003,-0.0018862609999999998,0.189242571,-17.07709198,1.9390592130000002,0.050995769,0.40608501,-0.014826929999999999,3850.9182,-0.08907584292210015
278,0.723310101,0.03325859600000003,0.07605745300000001,-0.073290786,-4.896031785,1.9615341520000005,-0.119918051,0.500441893,-0.092830037,3876.7078,-0.08756459420296447
268,0.943804026,-0.480027664,-0.020706323,-0.102939128,34.13201118,1.9298556599999994,-0.029235268,0.640038198,-0.024304661999999998,3951.1196,0.08724289859815015
333,1.157378479,0.5585416210000002,0.117498369,-0.03834047,-23.28027827,22.85845384,-0.009833955,0.55825076,-0.119140972,3853.2263,-0.0872102731749899
225,1.181589931,-1.799631207,-0.023144378,-0.091974264,-6.05026571,22.95786769,-0.104170402,1.196974431,0.043785394,3898.5903,0.08480276063605614
230,1.5288184060000003,-0.11039906399999999,-0.040779396,-0.42394934800000006,-15.21885309,1.9799415400000004,-0.012257355,1.160255242,0.016991629,3881.9253,0.0847056029410028
289,0.660335026,0.480678395,0.028822793,-0.49715098300000005,-16.40513082,22.57699074,-0.03171788500000001,0.392703976,-0.030089821999999995,3845.8718,0.08421558098287747
163,1.000926733,-1.647986597,-0.029172905000000002,-0.087934407,-5.724838056,22.13590735,0.115781921,1.142757697,0.073796491,3905.9646,0.08145565927431922
420,-1.093330107,-0.01143535200000001,-0.021509846,0.4813293719999999,-8.646584826,1.916764894,0.040008815,1.271999079,0.070953345,3901.3611,0.0795306691789233
287,0.453667186,0.275740451,0.007067694999999999,-0.090378728,-15.88629078,22.72774917,-0.006338414,0.434172763,-0.042130696,3846.8103,0.07940268530850779
381,1.908977751,1.2909533610000001,-0.083956815,-0.683898198,-13.48889819,22.8690195,0.006970635,1.458191329,0.040671219,3929.1782,0.07741477016983274
220,2.156730506,-2.172512396,-0.012122769,-1.000447737,7.754641671999998,1.9401855569999995,-0.068269959,1.448108282,-0.045355758,3928.9021,0.07430288141066979
188,2.442788059,-1.4835719429999998,0.069276393,-0.670730223,-16.78600707,1.9570592009999999,-0.142218043,0.884668778,-0.079255738,3893.4656,-0.07425403208716397
228,1.054184467,-0.358998272,0.047043808,-0.235235076,-11.91310759,1.9762905380000007,0.041017417,1.2148747,0.021891654000000003,3897.1204,0.07187469729655956
383,2.32337698,1.73356581,-0.052805559,-0.872147271,-13.31903178,22.81327925,0.025366125,1.331654119,-0.06218603699999999,3913.1067,-0.07158938600748668
77,0.06952498600000001,0.00972063099999998,-0.01705862,-0.233633316,17.83977291,23.00049618,0.012895351,0.401131734,0.005234911,3909.0688,-0.0712802442318998
89,0.018783209999999995,0.207202777,-0.010646764,-0.06567598499999999,-16.60658131,22.61976429,0.07568940500000002,0.351891589,-0.001349639,3849.4785,-0.07077849657737752
191,1.399798357,-2.558920203,-0.0328215,-0.48715510100000003,-20.02183026,22.522541529999998,-0.025533541,1.460654268,-0.004005116,3923.8203,0.0704575151232145
221,1.219512959,-1.774183237,0.057842477,-0.4191769940000001,8.901461751,22.75142928,-0.049604318,1.189861328,-0.120559322,3928.052,0.07018953150970714
352,0.981886614,-0.423747497,-0.07400317,-0.543173578,-14.5245416,1.8928371229999996,-7.340000000000037e-05,0.720900561,0.181693774,3903.2947,0.0695711679206528
266,1.074480773,-0.221058556,-0.050291167,-0.127108576,37.06720419,1.9223135090000003,0.085827784,0.669408025,0.038803479,3962.1943,0.06940685649118022
328,1.679580053,0.7308931019999999,-0.030034454,-0.481062138,-27.4238623,1.9696204900000005,0.043976358,0.448223024,0.030775487000000004,3840.5493,0.0687541401828692
185,1.935889481,-1.7648316249999998,0.049864573,-0.04574130500000001,-16.81603702,22.93301458,0.13860792800000002,0.89023482,-0.04556236,3880.0735,-0.06852992622121748
376,0.683030732,0.22190747,-0.076100346,-0.512149929,-13.81474998,1.9566283080000009,-0.051679108,1.488036848,0.051705319000000007,3927.3916,-0.06743466818565447
8,0.01920172800000003,0.08002681499999997,0.013195915,-0.023759833000000008,-22.1022391,21.8910141,-0.015287017,0.326335491,-0.003425234,3849.7185,-0.06653135386810712
260,1.305812685,0.11642610399999997,0.076452227,-0.285460694,14.506939029999998,1.8922320139999993,-0.052765463,0.705564488,-0.074034465,3928.2842,-0.06649964171152443
335,0.975097745,0.47317111499999986,-0.034886705,-0.118735108,-21.3534492,22.75221567,-0.033935374,0.620653459,0.096853151,3849.3052,0.06580155120123832
14,0.04835932700000001,0.12861296300000002,-0.056802336,-0.04951074999999999,-20.58472857,22.06253229,-0.018485765,0.298915685,0.050459457000000006,3852.3972,0.06496247099533316
416,0.08390664799999997,-1.243463635,-0.028112386,0.38146169099999994,-4.442738523,1.9350623589999998,0.0010856330000000008,1.371906206,0.066809046,3935.2439,0.06429452950494183
357,1.733702452,1.040741277,-0.041701528,-0.48462312900000004,-9.613080519,22.19700704,-0.020731028,1.230030288,0.043611518,3936.3196,-0.06299755550465518
158,0.447224083,-3.236953922,-0.051917811,-0.112988305,-17.47782871,1.898343517999999,-0.009301797,1.006110006,0.101595582,3900.6079,0.06237174282888868
152,0.62054781,-2.421099577,0.184385755,-0.232544315,-18.24812067,1.8822750300000006,-0.00789204,1.129233524,-0.208483926,3871.1455,-0.060997719528717444
250,0.729815931,-0.496367468,0.103477497,-0.253177269,-18.293955,1.8890592809999998,-0.073861391,0.751989821,-0.12460444699999998,3856.8611,-0.060923239723348885
68,0.14577927900000004,-0.396162193,-0.007861764000000002,-0.238798238,20.93891584,1.9123848030000001,-0.065150121,0.406282107,-0.021873437999999995,3934.7168,-0.06058776598842968
330,1.460565393,0.7925783729999999,0.084341277,-0.303344036,-26.23096824,1.9697100909999996,-0.055861824,0.501173426,-0.074189576,3837.1077,-0.059580085704242614
167,0.999394312,-1.372025073,-0.108887279,-0.310023905,5.548312572,22.424148770000002,0.074308745,1.01631549,0.138605685,3915.3101,-0.059038267613287405
244,0.752712983,-0.554309815,0.074593371,-0.140607676,-18.62942695,1.9181727090000003,0.016008692,0.846403446,-0.122411118,3857.7539,0.05846130385544147
253,0.312448986,-0.54469622,-0.005888820000000001,0.14279524899999999,-18.16820624,21.73953178,-0.012076897,0.712145743,-0.008406401,3859.5393,-0.058289354302467865
146,-0.580356568,-1.7455868900000002,0.021749717,0.23290078999999994,-19.05859658,1.9097820320000007,0.026575125,1.114979544,-0.17896040899999996,3873.8242,-0.05747500521193238
419,-0.006760486999999982,0.30555423299999995,0.015420772,-0.008392977999999995,-5.850980456,22.348648090000005,0.049846738,1.128093681,-0.061575308,3913.9954,-0.057436385080029385
264,1.166754149,-0.20803141200000003,-0.021062348,-0.150208253,38.54577454,1.9133527089999998,0.05259838800000001,0.697931633,0.010484686999999998,3961.5464,-0.05662019114414923
166,1.177216271,-1.8191719869999998,-0.133656057,-0.261637186,4.6322969789999995,1.917661151999999,-0.065527568,1.098547632,0.17861375099999996,3908.6428,0.05568746141006184
227,0.625988274,-0.738770456,-0.066280234,-0.045583154,-9.992645954,23.0280082,-0.118220896,1.120155923,0.09280038199999999,3878.8066,0.05481193617125923
240,0.884840737,-0.856970923,-0.056064483,-0.395661756,-18.15140902,1.9558577859999993,-0.012440829,0.954209273,0.059566242,3863.1106,-0.05391065879242286
234,1.219990778,-0.367661636,-0.008533762,-0.270753274,-17.54859672,1.9765550520000001,0.031754322,1.084358239,-0.079229244,3870.2527,-0.05345015870863954
218,1.569197684,-2.036325669,-0.030177150000000003,-0.56331787,1.2805906389999997,1.9304489359999994,0.111968501,1.548290948,-0.043155791,3918.4854,0.052680669367834304
281,0.599228694,0.09222552699999997,-0.045409587,-0.223207913,-11.55637636,23.01643317,-0.01888254,0.44072839,0.070852701,3858.6895,-0.05179487723164659
215,1.076277945,-2.951449186,0.064007828,-0.348810262,-0.5857474050000002,22.37006576,-0.128590369,1.417607049,-0.142765418,3927.3916,-0.050318622081034825
148,-0.3929679649999999,-1.926551142,0.046196976,0.2621519889999999,-19.00358617,1.902039371999999,-0.037196883,1.169374936,-0.0003838890000000001,3881.8591,0.04880783749337437
257,0.93224938,-0.24293889,0.059053842,-0.267462938,-9.014538068,21.87913402,0.019872520999999997,0.728082852,-0.048974444000000006,3895.2512,-0.048269171014092116
414,-0.656425402,0.12182885600000004,-0.1048749,0.165611198,8.721348064,1.929499731,-0.032701148,1.405298711,0.143488905,3955.0186,0.04785532128955043
224,1.011402627,-1.094532257,0.030014152,-0.342936331,-3.5825157710000006,1.966908644,-0.025186415,1.314228852,-0.063496073,3903.9617,-0.04698569984348264
172,0.506633694,-1.688922749,0.036719888,-0.360310513,1.044251868,1.9463951490000007,-0.084393501,1.046991001,0.009944077,3904.8396,0.045546838557432974
407,1.701787192,-0.487931884,0.147340013,-0.786982997,10.87668571,22.41051411,-0.140415249,1.460594261,-0.075769279,3963.9961,0.04492710512587579
48,-0.182310456,-0.06356918700000003,0.011593221,0.026635315999999992,-23.63850042,1.889146856,-0.066955468,0.394158431,0.006001895,3839.9316,-0.04475516805436805
251,0.830438532,-0.346604339,0.048624103,-0.618568923,-18.26509912,21.75343058,-0.017856535000000003,0.687282892,-0.066991574,3857.7539,-0.04423420436885247
212,1.318923921,-1.9659530789999997,-0.08543537500000001,-1.15650729,-5.148066552,1.9268646510000007,-0.032822823,1.85268925,-0.011025043,3923.8203,0.043920085114224516
137,3.030550424,0.9464683930000001,-0.036317805,-0.253294001,-19.80282169,22.82004078,-0.019560421,0.849771245,0.053103364,3890.0105,0.043827107971405765
265,0.688641114,-0.17152541600000004,-0.006327661,-0.102184686,38.35708963,22.34380753,0.03179380700000001,0.57646269,0.032957303,3968.6926,0.043364532543536165
161,0.647403522,-3.233961886,-0.004863649000000001,0.01754830099999999,-13.36703263,21.99803379,-0.190942904,1.127094833,-0.028581350999999998,3880.9663,0.04217072855531277
178,0.744070422,-1.628018129,0.141807055,-0.332460918,-7.724229213,1.9815961140000002,-0.068124386,0.962048992,-0.18315354,3891.7971,0.04161093393937979
358,3.068591306,0.5755540649999998,-0.022215475,-0.414608368,-9.187528647,1.9051675859999992,0.132899471,1.052922591,-0.035158146,3925.606,-0.0414802804900221
133,0.971414833,-0.664846067,-0.080601299,-0.05931868700000001,-16.95771105,23.0150698,0.064117887,0.6109748,0.052004372,3857.3479,0.04109058759970989
256,0.987964955,-0.19592401499999998,0.01185464,-0.48096943400000003,-14.08972136,1.8897547390000007,0.07738017,0.713548947,-0.020788028,3879.1809,0.04092681940730742
194,0.169972691,-2.680999354,-0.047366481,-0.218787438,-21.66365858,1.9222874950000008,-0.027790186,1.194147783,0.039783744,3920.2493,-0.04015783930410215
222,1.487445607,-1.439668292,-0.086717782,-0.691886699,5.117919782000001,1.9623137370000006,0.04830969,1.338216951,0.108317087,3917.3391,-0.039795368366670844
388,1.708420368,-0.34040899,-0.12453074499999998,-0.584495077,-12.05225044,1.940281710999999,-0.130760236,1.372831157,0.144859673,3897.9294,0.03931941606658205
385,1.452511532,1.8318320850000003,-0.090784431,-0.162277814,-12.68676941,22.69855349,0.094349164,1.315600007,0.04715342,3897.0366,-0.03828139756302842
143,-0.15481953600000004,-0.833550845,0.122482248,-0.044998236,-19.21437902,22.34466875,-0.075015571,1.233915367,-0.037364722,3875.6096,-0.0382538054463618
338,0.807898375,1.3635209060000002,0.092346743,-0.24928497700000002,-20.6325525,1.9410599249999994,-0.112191088,0.581620441,-0.068719261,3849.0332,0.037818252117764926
213,0.533280203,-2.275264841,-0.226043555,-0.650310926,-4.223340196,22.2490859,0.094997814,1.388885906,0.278674712,3927.3916,0.0377416712666624
238,1.460357355,-0.190667872,-0.024881944,-0.4640423410000001,-17.94447918,1.9608735789999994,0.0034188079999999997,0.985022839,0.094805088,3877.3953,0.037729987691933205
173,0.847255559,-1.784482923,-0.058435734,-0.111542885,-0.7467567480000001,22.87432978,0.060401327000000005,0.960554816,-0.030327188999999997,3920.0195,0.03733288928113095
190,1.977342922,-1.082856825,-0.104200236,-0.42164842300000005,-18.91119043,1.9278993050000004,-0.050873625,0.929649825,0.17509638899999996,3892.5725,-0.03621016126662135
355,2.242609697,0.30507195799999987,-0.09789509,0.284805929,-10.73915332,22.09688707,-0.149777735,1.190233186,0.132026151,3913.1067,-0.03453430742295493
72,0.0034282829999999764,-0.173480364,0.01928582,0.03239779900000003,-3.008916737,1.9560912659999996,0.029341882,0.435804482,-0.06164781899999999,3911.5261,-0.034531672168013686
233,2.106044501,-1.305454541,0.12505864,-0.295929836,-17.41897599,23.08073875,-0.085802932,1.024064284,-0.060150613,3888.1086,0.0328678649624604
195,2.07581614,-4.211498756,0.06588839,-1.354255166,-21.01289715,22.13759253,-0.091831485,1.947192242,0.070432191,3920.2493,-0.03235729626636167
174,0.863831792,-1.4786962619999997,-0.089691817,-0.249095972,-2.135181736,1.9613661619999991,-0.006008736,1.010550425,0.154824614,3897.696,-0.03182022983445842
100,-0.25505909100000007,-0.004376941999999939,0.07618309800000002,0.07649874400000001,-17.44371531,1.883193799999999,-0.051025119,0.353556623,-0.11394156999999999,3850.6448,-0.03167246417936331
177,1.785029008,-1.122192854,-0.026838619,-0.452849352,-6.236838294,23.05325528,0.159700188,0.913488767,0.146166957,3896.6636,0.03158015305624161
6,0.15495990600000004,-0.09394013899999998,-0.041783169,-0.075601652,-21.61604638,0.0,-0.009247775,0.332122776,0.026766203999999995,3850.6116,0.031372924324665145
267,0.316106325,-0.519509355,-0.027490368,0.06825199100000001,35.87971864,22.470739779999995,-0.029301989,0.581233717,0.095871214,3958.7,-0.030548433229860603
378,1.514673341,0.751915054,-0.099762024,-0.394727239,-13.65365989,1.9645240669999993,0.109591233,1.50643291,0.154653163,3924.7131,-0.030029731278505223
401,-0.434449264,2.244460121,0.004197155,0.160555737,-17.70356427,22.11262993,0.094198334,1.569056933,0.065514278,3947.033,0.02913540195978039
78,0.06352154599999998,-0.16982744500000002,0.011934393000000001,-0.009909619000000008,18.73799679,1.958697538000001,0.032564211,0.423742065,-0.006207594,3909.0745,0.028481863425849047
331,1.541963655,0.6482471069999999,-0.038550926,-0.251100785,-24.91567088,22.89661724,0.0018249880000000005,0.552345646,-0.043475609,3840.6523,-0.02829712247028801
168,1.855619594,-2.391670653,0.013306172,-0.036618389,5.769831906,1.9269593480000005,-0.005296541,1.094002893,0.055535309,3910.1919,-0.027973382836616743
139,2.700516285,0.863494986,-0.007840028,-0.002415128999999988,-20.46819361,22.69126489,-0.132659993,1.171262796,-0.059102892,3886.3271,0.027973342977560427
379,2.784586178,0.4430130939999999,0.011280694,-0.913308733,-13.42924318,22.8550697,0.186133621,1.506035237,-0.012668478,3916.6782,-0.027932769958821973
405,1.216781496,0.331496699,0.087801921,-0.9122698630000001,-3.198136558,22.33076528,0.030649847,1.42758165,-0.100880164,3934.5337,-0.027844282293327045
170,1.33157852,-2.19970012,0.05594935299999999,-0.398626883,1.4660119569999992,1.9381842309999993,0.099217584,1.079326782,-0.006274498,3904.8396,-0.02727056607310188
408,1.621592105,1.2332435200000003,0.054168858,-0.67925894,15.967405149999998,1.9222921490000004,-0.057653993,1.516659489,-0.121812222,3958.1729,0.026745690050655132
372,-2.638832851,-0.574230257,-0.097193997,0.5589385059999998,-12.36914849,1.944646496999999,-0.098930487,1.44249635,0.077950621,3948.0344,-0.02667381924304854
392,-1.889550826,0.530915873,0.070884118,0.563170066,-16.54212742,1.9166451799999997,0.216309582,1.342604101,-0.019507903,3920.2493,-0.026665049439398306
138,3.603345535,0.7272264540000001,-0.014310985000000002,-0.044804066000000004,-20.21711603,1.9472919629999996,0.07335403,0.590234152,0.013011531999999998,3889.9001,0.0266162524809519
396,-1.9712101000000002,1.300286994,-0.070640518,-0.303518897,-20.57594423,1.9059820320000007,0.012570051000000002,1.367978106,0.067345133,3917.5708,-0.02650246177585175
211,2.537164919,-3.764992387,0.052877471,-0.758718442,-3.8083051050000005,22.12235343,-0.044517582,1.7393179829999998,0.083362404,3952.3896,0.02622004280101973
203,1.018429188,-3.157339377,0.044865294,-0.80322496,-22.22964834,21.78814836,0.06849599,1.892389066,0.027172837,3919.3564,0.025924282265975037
20,-0.010422153999999961,-0.017204582999999996,-0.007841785,0.007966414000000005,8.11935674,1.9200935609999998,-0.053532117,0.2909920100000001,-0.001420717,3911.7544,0.025354453147112755
380,1.188255513,0.7894177429999999,0.108886361,-0.901782329,-13.40364261,1.9631326980000008,0.092290603,1.504855884,-0.138756897,3916.7205,-0.025312540721840623
246,0.307183429,-0.335490036,-0.00639668,-0.258329218,-18.52829447,1.9052521690000006,-0.003931024,0.820835691,-0.076616732,3859.5393,0.025005643057835113
169,0.953210081,-2.237261651,-0.056564369,-0.273188538,2.378949949999999,22.56206079,-0.037597525,1.043132379,-0.072574213,3921.8054,-0.02494411475105578
102,-0.09725690999999997,-0.00479639300000001,-0.0171983,0.060592379,-17.80768898,1.8863035109999995,-0.054526854,0.353318476,0.027332318,3850.6116,-0.02431585964578731
214,1.595097728,-2.678127665,0.129833483,0.006972312000000008,-1.5481298360000002,1.9111462289999999,0.075450381,1.751988618,-0.067821033,3942.5691,0.02391672483040565
197,0.262686865,-3.884569312,0.214071703,-0.987057468,-20.11525906,21.97646643,-0.209673045,2.25983962,-0.24804765800000003,3939.8906,0.023657863277508753
180,0.85298991,-1.3809032219999997,-0.022584688,-0.02361064900000001,-11.93629603,1.9849414900000006,-0.098487872,0.930304447,-0.025256713,3885.5779,0.023506023365737504
360,1.970139708,0.47786535100000005,-0.143723867,-0.105457134,-5.27717193,1.927142945,-0.069202247,1.150181584,0.242832488,3922.0349,-0.023242369967817398
18,0.264311693,-0.041268587999999995,0.011224202,-0.0056864899999999885,-0.6374097969999992,1.9074970909999998,-0.0010700429999999997,0.29825546,0.00015601399999999946,3895.2512,-0.022917929086336754
368,-2.530832797,-0.21277637400000002,-0.148939552,1.012631511,-3.4488805320000004,1.9353101390000003,-0.222862292,1.35599478,0.129051013,3966.2922,-0.022594823874249312
193,2.735750272,-2.208363206,-0.107576559,-0.663335553,-22.2094532,22.34444953,0.036625583,1.560113307,0.165775883,3923.8203,-0.0223197697134388
160,0.711036762,-2.398834749,0.082206007,-0.327487278,-15.20191701,1.899814804,0.054449539,1.005482698,0.03925446,3880.0735,0.022121749475684703
204,0.435160247,-5.176668815,0.07560851,-0.102710573,-22.0103531,1.8905735490000009,-0.147415341,1.99481923,-0.012175913,3987.2085,0.02192482988456662
235,1.261154873,-0.22042793999999996,0.098247588,-0.204356074,-17.71172866,22.96900777,0.070438581,0.898259932,-0.102809267,3879.1809,0.021663184723404685
207,2.697904173,-4.117023828,0.041903863,-2.230900527,-18.85622197,21.90508648,0.170160136,1.849175369,-0.06627601,3914.8926,0.02119702385885953
370,-2.691444173,-0.303481826,0.063165081,0.368785267,-7.211251239,1.9347434569999997,0.05891587300000001,1.401364287,-0.150636765,3966.0056,0.021035644693150904
394,-2.195416436,1.3443334790000003,0.125280973,0.6782469089999998,-15.37585055,1.9069994369999996,-0.076730917,1.352557115,-0.107589212,3933.6409,-0.02043966839184226
390,-0.23720141,1.105276635,-0.109027891,-0.247919792,-15.36357057,1.9205505449999993,-0.177773991,1.340865199,0.079699945,3927.3916,-0.020149642385292748
192,1.771746689,-2.767035705,-0.035957782,-0.112275646,-22.44333573,1.9318370710000003,-0.151879288,1.056208644,0.091527832,3902.3933,-0.019527725405675093
349,1.832158672,-1.513450873,0.189182562,-0.337896482,-17.29794459,21.79594044,-0.066439889,0.800777867,-0.150216567,3880.0735,0.019481532007886677
270,0.654600661,-0.265255113,0.030311225,-0.015865785999999993,30.291663990000004,1.9322520010000002,-0.039852756,0.609709602,-0.039820835,3942.6208,0.019331015462275822
136,3.561923465,0.7978026690000001,0.072134429,-0.44227212700000007,-19.20706193,1.9685061509999997,-0.093513305,0.511682064,-0.144837269,3878.3184,0.018876088376636572
364,-0.49812847599999993,0.667958548,-0.066999582,-0.048835275,-0.3682005289999992,1.938031778000001,0.062175864,1.295351022,-0.102022153,3947.9609,-0.018547754478001704
149,-0.07189362299999996,-1.354114739,-0.079086399,0.23455415599999993,-19.00912966,21.89729638,-0.025734738,1.119649471,-0.011850694,3870.2527,-0.01781235740155625
183,1.016346097,-1.248160683,0.07088939,0.05843667099999997,-16.4593721,23.01822517,-0.181136228,0.870417609,-0.048065690999999994,3897.0408,0.017733281664697086
262,1.151317979,-0.04236314699999999,0.036823773,-0.143835754,26.862320060000002,1.903105408,-0.003389918,0.707584556,-0.093235586,3943.8289,0.017301271199051955
398,-2.93443767,1.7739692630000001,-0.146493448,0.009182997999999998,-20.16599441,1.9004892000000009,0.193838834,1.394672437,0.073411017,3910.4285,0.01685249336184259
134,2.518543614,-0.575313037,-0.0353294,0.02234261600000001,-18.28371859,1.9723265370000007,-0.02636812,0.479134112,0.07598224,3867.7295,-0.016762754356587806
154,0.253206591,-1.92612219,0.110571974,0.021187742000000037,-17.94458447,1.8921201550000006,0.001374877,1.066814099,-0.132080855,3874.7168,0.016018626422195977
369,-3.60185099,1.8844090330000003,0.001458499,0.4591221059999999,-5.391489574,22.42392482,-0.060329837,1.513920366,0.11498950200000001,3951.1689,-0.01585203439849557
141,1.678612101,-1.209636611,-0.254067745,-0.615223692,-19.86067581,22.51384232,0.209229708,1.165221678,0.254760425,3888.1086,-0.015303430882763633
415,-0.001794314000000019,-0.7891695759999999,-0.007088233999999999,-0.403783624,-1.6089291689999996,22.44427989,-0.025687511,1.260619122,0.040004643,3941.2361,0.015209614254413514
389,0.409991953,0.13544749,0.272243479,-0.523935581,-13.59683931,22.40768328,-0.119200443,1.346205446,-0.18449152699999996,3957.7466,0.01428316948103835
387,1.91605898,0.21775974200000003,0.048000398,-0.581426632,-12.72865132,22.56399518,0.03613812999999999,1.252675093,-0.104591797,3906.8572,-0.014100006041952374
198,-0.931204744,-3.802802234,0.011708854000000001,0.153056037,-19.6598907,1.8817049509999997,0.065565694,1.667422865,-0.13350256,3937.2124,0.013582706260185522
162,1.333550623,-1.6545570499999998,-0.131709789,-0.743923858,-10.0245755,1.9118363620000007,0.024314006,1.027676076,0.141242758,3905.9646,-0.013549657341951515
208,3.258001326,-4.394114555,0.177593191,-1.386603021,-16.23906696,1.8910754440000002,0.089197407,1.91989075,-0.208765586,3938.1052,0.013397583498203443
249,0.822127648,-0.451419708,0.021812658,-0.5047642179999999,-18.4858332,21.81586991,-0.074808314,0.722372831,0.036548185,3857.7539,-0.013221224145938048
186,2.6654437249999994,-1.4368726029999999,0.043327881,-0.511114128,-16.70024278,1.9594255930000006,0.008742275,0.877282205,-0.097521674,3897.9294,0.013048903723134187
219,0.360621391,-2.2641502060000005,0.040922638,-0.145666584,4.267472162000001,22.61847118,0.027466541000000004,1.298436408,0.070225179,3925.7612,-0.013007804059753299
206,1.134432272,-3.69488936,-0.136702285,-0.643226618,-20.30292523,1.878003498,0.083285573,2.0020236,0.168383283,3938.1052,-0.01275756267511255
359,2.322948154,-0.236837343,-0.134423879,-0.306616239,-7.650699552,22.27600353,-0.047613686,1.28707283,0.157063796,3936.3196,-0.012241638319871845
199,0.009216798999999998,-3.229324058,-0.023839881,-0.057027676,-19.66945771,21.8255525,0.161012292,2.002561205,0.028462611,3922.0349,0.012155327005788672
391,-0.963326887,2.125718921,0.097524665,-0.772977216,-16.32476212,22.23697694,0.229824933,1.466885839,-0.08933984600000001,3927.3916,-0.011688880221091732
371,-3.155557886,1.6637112040000002,0.128792853,0.92420569,-10.14217377,22.49665066,0.070635335,1.606465156,-0.142087304,3945.3584,-0.01166358997874281
187,2.580888857,-1.191291901,0.173308752,-0.552754273,-16.91697872,22.81088124,-0.074872451,0.950421632,-0.087226107,3895.2512,-0.011403060402908545
361,1.369281923,-0.437531139,-0.096608549,-0.130816123,-3.93031521,22.33971642,0.028263425000000002,1.400804844,0.143839592,3954.1753,-0.011295287529922359
374,-0.574724912,2.010110444,-0.009488991,0.070843455,-14.17024308,1.9412578259999993,-0.082426094,1.47332823,-0.019788016,3943.4661,0.011134296319366584
263,0.889890839,-0.17750752099999997,0.056978633,-0.265052491,33.11258427,22.22912181,-0.085296975,0.663881131,-0.050400086,3952.5674,-0.010502752609417177
367,-1.5436007510000003,-0.179096588,-0.124584502,0.8585824389999999,-1.622803266,22.40111778,-0.157285923,1.380940385,0.159064585,3954.4829,0.010215855079025145
196,-1.6541925790000003,-5.230212595,0.219705237,-0.358246346,-20.21053825,1.9087665999999999,-0.186644158,1.405539267,-0.352145318,3937.2124,0.009704734769388667
362,0.784184556,0.004333625000000008,-0.168639547,-0.282337719,-2.538863297,1.9309922759999996,-0.222738936,1.237424561,0.12931916,3954.1753,0.009579288066992687
201,0.821901402,-5.616531342,0.131111403,0.011424644999999983,-21.10902397,21.79275564,-0.004199851,1.872114017,-0.105840718,3907.75,0.009011564134511381
402,-0.614136826,1.095057685,-0.165776035,-0.101090393,-15.81317632,1.91370081,-0.139482907,1.476952887,0.18337459,3929.177,-0.008741851147571669
209,2.429607629,-3.393490791,0.210442893,-1.165962887,-11.57823612,21.99597322,-0.035331055,1.799349737,-0.231174027,3937.2124,0.008543122028889146
400,-0.21035088100000005,2.45534656,-0.11517613,-0.41602753000000003,-19.69093583,1.9128074250000004,0.247029156,1.456518668,0.029376763,3919.3564,0.00819581160326774
232,1.625506069,-0.214088612,-0.116015918,-0.762147874,-16.9440739,1.9862915490000006,0.034787186,1.133334464,0.103869726,3879.1809,0.008181470617558003
395,-2.256708765,0.791365298,0.119152417,-0.011485361,-17.72320073,22.02724078,0.156253249,1.392704964,-0.223761961,3932.7483,0.007872915030565445
413,0.508906732,0.036118119000000004,-0.154878321,-0.781566268,20.221739150000005,22.48270471,-0.057377171,1.430117511,0.12013424899999998,3979.6733,0.007715698561341572
377,0.688309592,0.9115388889999999,-0.158007074,-0.4898536600000001,-13.85624231,22.78651506,-0.049143398,1.472920694,0.237485639,3945.2473,0.007423532708223736
42,-0.28993408300000006,0.230532077,-0.0036935309999999995,0.060110336000000014,-26.41761195,1.9323721670000005,-0.083119224,0.391012526,-0.004480172,3835.134,-0.007338440419383159
189,3.664199669,-2.211268379,-0.074000086,-0.436345808,-17.58533941,22.652382520000003,0.063020505,1.109314889,-0.06469435800000001,3892.5725,0.007122513886840787
382,3.262703563,1.413099625,0.147236462,-1.006851253,-13.06414139,1.9616799480000005,0.078333512,1.475201119,-0.187641409,3909.5356,0.006974240707846732
200,0.16742542,-4.658304723,-0.044842067,-0.450763895,-20.27429004,1.890823309,0.181025265,1.846072128,0.005801067,3964.8889,0.0068906711896258395
399,-2.845273546,1.656587536,0.139112922,0.638057267,-20.85670116,22.02814894,0.099569942,1.655436603,-0.048668116,3923.8203,-0.006841049476713056
217,2.379249993,-1.869727809,0.125872671,-0.556309519,-0.24577228000000062,22.49615249,-0.019761219,1.396294063,-0.18788026,3913.1067,-0.0068362285310126485
384,2.644860108,0.9618119609999999,-0.022403221,-1.33429741,-13.12463282,1.9514078060000006,0.026177016,1.43697727,0.124618305,3913.1067,0.006274173469786971
202,1.231232417,-4.668149577,0.029973937,-0.381867536,-22.14821863,1.8921254229999995,0.127772394,1.928364078,-0.119588445,3932.7483,0.006078472464785607
410,1.67184481,0.7783266080000001,0.140815363,-0.561642526,17.91843856,1.934246687,0.015495901,1.449733238,-0.067219412,3987.0437,-0.0060362867019098255
205,0.100153869,-5.396093012,0.198899715,-0.653494239,-21.33266569,21.82844384,-0.273452514,1.983214093,-0.34233511,3952.3896,-0.005975354281740452
375,-0.671773768,0.8026200869999999,0.059007416,0.4006123939999999,-14.01987244,22.67542452,-0.068417075,1.416084971,-0.123288069,3964.9238,-0.003502784054290868
135,3.55156016,-0.578252941,0.050854136,-0.67539571,-18.63610672,22.92433045,-0.08344536899999999,0.633770925,-0.052931542,3872.2544,0.0029122735584705822
277,0.566487826,-0.036435702000000014,0.085518317,-0.117115,-1.6349136609999997,22.92084929,-0.028977171,0.476745524,-0.102631658,3879.6077,-0.0028570141784339566
356,2.479404469,0.5851792220000002,0.111970842,-0.416780018,-9.383115308,1.916507556000001,0.109062405,0.936911489,-0.059392612,3927.3916,-0.0028056605236582094
403,0.881610956,1.0256449809999997,0.083052206,-0.00436033999999999,-11.6733045,22.22632186,-0.07881554,1.470628,0.021052494999999997,3931.8555,0.0025455687044257866
411,0.318243736,0.0041386299999999765,-0.104579024,-0.310974976,18.26477046,22.49372387,0.076800294,1.387394788,0.026991887,3980.2996,-0.001728406174342995
366,-2.455635811,1.2631614730000003,-0.020853773,0.3254858199999999,-0.5176832830000002,1.9361493020000005,-0.089415206,1.325812761,0.0023243249999999995,3956.0337,0.0014466302681989652
350,1.934176463,-1.098751372,0.150149625,-0.016283591999999986,-16.94483614,1.8938031229999996,-0.021505845,0.641303122,-0.19171086899999998,3893.4656,-0.001105106380124039
147,-0.330456033,-1.852648523,0.1206207,-0.41182284700000005,-19.05400118,22.02169158,-0.021072057,1.121748206,-0.084915894,3875.6096,0.0008121609956474369
417,-0.369213481,-0.347286454,-0.100846325,0.029052346000000007,-4.603066843,22.38120759,-0.105736295,1.153770293,0.153459821,3916.5991,-0.0003211481820722244
