Event_No,Datetime,Hs (m)_observed,Hs (m)_trend,Hs (m)_seasonal,Hs (m)_resid
571,2021-09-28 00:08:00,0.342502173,0.3104148104570799,0.021922102549492603,0.010165259993427489
572,2021-09-28 00:38:00,0.342502173,0.31198186913112896,0.06654895201075255,-0.0360286481418815
573,2021-09-28 01:08:00,0.333376596,0.31354701842320315,0.008591100110277259,0.011238477466519625
574,2021-09-28 01:38:00,0.337939385,0.3151102477212298,0.03140840429890197,-0.008579267020131787
575,2021-09-28 02:08:00,0.337939385,0.31667154619218746,0.03272270148926741,-0.011454862681454903
576,2021-09-28 02:38:00,0.32048956,0.3182309185432888,0.007017290194088823,-0.00475864873737758
577,2021-09-28 03:08:00,0.332122776,0.3197883965718916,0.023171255521578133,-0.010836876093469727
578,2021-09-28 03:38:00,0.332122776,0.3213440317855772,-0.0028637968269501725,0.013642541041372969
579,2021-09-28 04:08:00,0.326335491,0.32289789305320243,0.017119993772761445,-0.013682395825963922
580,2021-09-28 04:38:00,0.330675955,0.3244500396912586,-0.0077126001164757214,0.01393851542521718
581,2021-09-28 05:08:00,0.330675955,0.32600054520060295,-0.008862519659052843,0.013537929458449893
582,2021-09-28 05:38:00,0.292070112,0.32754946433146415,-0.023824002658676287,-0.011655349672787862
583,2021-09-28 06:08:00,0.31806794,0.329096832017079,-0.02516157676053235,0.014132684743453361
584,2021-09-28 06:38:00,0.312965054,0.33064269306812444,-0.030742836862259794,0.013065197794135397
585,2021-09-28 07:08:00,0.298915685,0.3321870728336048,-0.03970497543833658,0.0064335876047317275
586,2021-09-28 07:38:00,0.309452712,0.33372997055977416,-0.026600426968529232,0.002323168408755072
587,2021-09-28 08:08:00,0.305773763,0.3352713704236005,-0.03345466692501606,0.003957059501415505
588,2021-09-28 08:38:00,0.275700552,0.33681124896345793,-0.05491664313049786,-0.006194053832960067
589,2021-09-28 09:08:00,0.29825546,0.3383495773847949,-0.04067568800760174,0.0005815706228068374
590,2021-09-28 09:38:00,0.29728169,0.3398863330968438,-0.027896676778656884,-0.014707966318186938
591,2021-09-28 10:08:00,0.29099201,0.3414214991726623,-0.045528127509125806,-0.004901361663536441
592,2021-09-28 10:38:00,0.301169569,0.3429550810223872,-0.024080134804998876,-0.017705377217388296
593,2021-09-28 11:08:00,0.293266874,0.34448710385861087,-0.043197568180533955,-0.008022661678076914
594,2021-09-28 11:38:00,0.321188579,0.346017626088492,-0.00917963768310822,-0.01564940940538384
595,2021-09-28 12:08:00,0.298851215,0.347546735790739,-0.03617544451867067,-0.012520076272068359
596,2021-09-28 12:38:00,0.351492014,0.3490745607150083,-0.0032482099355775357,0.0056656632205692725
597,2021-09-28 13:08:00,0.309366481,0.35060126464636354,-0.029625623699548048,-0.01160915994681544
598,2021-09-28 13:38:00,0.355310862,0.3521270293012135,-0.014638759378262794,0.017822592077049337
599,2021-09-28 14:08:00,0.325288542,0.35365206574470637,-0.020456661135488816,-0.007906862609217524
600,2021-09-28 14:38:00,0.365513025,0.3551765883967979,0.0011581151780887871,0.009178321425113323
601,2021-09-28 15:08:00,0.33893481,0.35670083904761596,-0.026686932118570383,0.008920903070954389
602,2021-09-28 15:38:00,0.394333885,0.35822507327528247,0.01163326959637203,0.024475542128345518
603,2021-09-28 16:08:00,0.357567673,0.3597495478700218,-0.02030568286754339,0.018123807997521557
604,2021-09-28 16:38:00,0.405457324,0.3612744928721695,0.013554332838048449,0.030628498289782036
605,2021-09-28 17:08:00,0.374421422,0.3628001004720023,-0.013616739792330732,0.025238061320328464
606,2021-09-28 17:38:00,0.388699711,0.36432649100221515,0.009928088266121758,0.014445131731663119
607,2021-09-28 18:08:00,0.381862961,0.365853697096368,-0.008244239387635686,0.024253503291267686
608,2021-09-28 18:38:00,0.398241155,0.3673816515966789,0.07757776237814434,-0.046718258974823235
609,2021-09-28 19:08:00,0.39044902,0.3689101704411731,0.0083377279550181,0.013201121603808819
610,2021-09-28 19:38:00,0.377492071,0.37043903834991504,0.019100967765626926,-0.012047935115541974
611,2021-09-28 20:08:00,0.392844829,0.37196787719889274,0.009440165231529102,0.011436786569578195
612,2021-09-28 20:38:00,0.38517237,0.3734960713601141,0.01992691421852821,-0.008250615578642317
613,2021-09-28 21:08:00,0.391012526,0.37502261030629325,0.012622355253182062,0.0033675604405247195
614,2021-09-28 21:38:00,0.391222171,0.37654598095801867,0.01105539414352495,0.003620795898456375
615,2021-09-28 22:08:00,0.388165495,0.37806406878457527,0.027308553006081513,-0.01720712679065678
616,2021-09-28 22:38:00,0.362288472,0.37957435961730834,-0.023897470542973066,0.006611582925664716
617,2021-09-28 23:08:00,0.382883248,0.3810749440229065,0.02572072218968835,-0.02391241821259482
618,2021-09-28 23:38:00,0.454617074,0.3824935515034612,0.054315626542893215,0.01780789595364557
619,2021-09-29 00:08:00,0.394158431,0.3838863393106915,0.024964418482709912,-0.014692326793401433
620,2021-09-29 00:38:00,0.467199971,0.38524841052975056,0.030062556605373228,0.051889003864876215
621,2021-09-29 01:08:00,0.412100011,0.3865745833785746,0.02321929088508843,0.00230613673633695
622,2021-09-29 01:38:00,0.372012146,0.3878590729111212,-0.0074641885347730115,-0.008382738376348231
623,2021-09-29 02:08:00,0.409467967,0.3890953949058957,0.007233440180390285,0.01313913191371402
624,2021-09-29 02:38:00,0.363294124,0.390276914244144,-0.01631708621344967,-0.010665704030694334
625,2021-09-29 03:08:00,0.403882357,0.39139669927938886,0.0006112143222043978,0.011874443398406764
626,2021-09-29 03:38:00,0.378341654,0.39244919611043005,0.013745718755428946,-0.027853260865858986
627,2021-09-29 04:08:00,0.407092994,0.3934296719733869,-0.00023970239651730863,0.013903024423130406
628,2021-09-29 04:38:00,0.370885041,0.39433491256275616,-0.000833576185601966,-0.02261629537715415
629,2021-09-29 05:08:00,0.390346587,0.3951626182292943,0.011169684045523128,-0.015985715274817458
630,2021-09-29 05:38:00,0.39822803,0.3959107182134183,-0.0071235051572258595,0.009440816943807606
631,2021-09-29 06:08:00,0.376552199,0.39657812743608933,-0.0008348297602781664,-0.019191098675811202
632,2021-09-29 06:38:00,0.373310292,0.3971643160884435,-0.0008967206410772067,-0.022957303447366295
633,2021-09-29 07:08:00,0.376811828,0.397669194505625,-0.012169918355991396,-0.00868744814963357
634,2021-09-29 07:38:00,0.408872414,0.398093572924836,0.008021528891228608,0.002757312183935434
635,2021-09-29 08:08:00,0.385927486,0.3984389380345832,-0.01053312073093648,-0.0019783313036467187
636,2021-09-29 08:38:00,0.407143338,0.3987074267244596,-0.004461654523883859,0.012897565799424304
637,2021-09-29 09:08:00,0.391687823,0.39890180895067645,-0.013738957480793656,0.006524971530117218
638,2021-09-29 09:38:00,0.443856462,0.3990250246658097,0.010222719320018211,0.03460871801417209
639,2021-09-29 10:08:00,0.406282107,0.3990804221481512,-0.011693274116968185,0.01889495896881699
640,2021-09-29 10:38:00,0.470494342,0.39907137242657403,0.01679261478207441,0.05463035479135159
641,2021-09-29 11:08:00,0.42073537,0.39900126162433663,-0.007314794355950548,0.029048902731613924
642,2021-09-29 11:38:00,0.448655854,0.3988729035327718,-0.000748259653822051,0.05053121012105022
643,2021-09-29 12:08:00,0.435804482,0.39868872040148884,-0.006053395053855668,0.043169156652366814
644,2021-09-29 12:38:00,0.406693748,0.3984507847860557,-0.000726985806415619,0.008969949020359913
645,2021-09-29 13:08:00,0.435368749,0.39816078926245385,-0.008250242848514753,0.045458202586060925
646,2021-09-29 13:38:00,0.391734645,0.39782052648706584,-0.011280242731930006,0.005194361244864165
647,2021-09-29 14:08:00,0.43228701,0.3974314982395619,-0.01030556996503907,0.04516108172547717
648,2021-09-29 14:38:00,0.401131734,0.3969954853188397,-0.0012847178797845621,0.005420966560944873
649,2021-09-29 15:08:00,0.423742065,0.39651444392614504,-0.010338313119012133,0.03756593419286708
650,2021-09-29 15:38:00,0.393753507,0.39599141727321496,-0.0038703369886205615,0.0016324267154055883
651,2021-09-29 16:08:00,0.408393898,0.3954302826709421,-0.01430909916612069,0.02727271449517854
652,2021-09-29 16:38:00,0.399683723,0.3948369826004904,-0.011845717959179046,0.016692458358688655
653,2021-09-29 17:08:00,0.398599471,0.3942183276921363,-0.016639460236113776,0.021020603543977445
654,2021-09-29 17:38:00,0.398124309,0.39358249972942466,-0.021018695759915246,0.02556050503049062
655,2021-09-29 18:08:00,0.396885584,0.39293793375584835,-0.02140001030129802,0.02534766054544968
656,2021-09-29 18:38:00,0.489664474,0.39229192725174067,0.02928217824547044,0.06809036850278893
657,2021-09-29 19:08:00,0.416471549,0.39165160964101825,-0.015317187312440554,0.040137126671422274
658,2021-09-29 19:38:00,0.391060957,0.39102462548207934,-0.005955705571452741,0.005992037089373403
659,2021-09-29 20:08:00,0.414457394,0.39041950238452044,-0.017374300005174606,0.041412191620654126
660,2021-09-29 20:38:00,0.351891589,0.38984787462596177,0.001967052004899378,-0.039923337630861144
661,2021-09-29 21:08:00,0.40608501,0.3893225552212372,-0.0132391806988707,0.030001635477633515
662,2021-09-29 21:38:00,0.357090837,0.3888592753704617,-0.01889102680549691,-0.012877411564964802
663,2021-09-29 22:08:00,0.397566433,0.3884735355146969,0.008934303356812933,0.00015859412849017485
664,2021-09-29 22:38:00,0.330761404,0.3881811505091869,-0.019038885699803422,-0.038380860809383466
665,2021-09-29 23:08:00,0.384093852,0.3879969641063589,0.016276217815803365,-0.02017932992216226
666,2021-09-29 23:38:00,0.374735828,0.3879319344280742,0.015136365023691884,-0.028332471451766095
667,2021-09-30 00:08:00,0.361108123,0.38799831299337506,0.026239153081085733,-0.053129343074460766
668,2021-09-30 00:38:00,0.354350209,0.3882062200955943,-0.008352974647081029,-0.02550303644851326
669,2021-09-30 01:08:00,0.353765973,0.3885673300857622,0.03895941938899622,-0.07376077647475843
670,2021-09-30 01:38:00,0.350844836,0.3890904297501974,-0.049595053747316806,0.011349459997119393
671,2021-09-30 02:08:00,0.353556623,0.3897841901798035,-0.01569120596899812,-0.02053636121080532
672,2021-09-30 02:38:00,0.355900103,0.39065498616804034,-0.04093942260115714,0.006184539433116809
673,2021-09-30 03:08:00,0.353318476,0.39170842907522224,-0.01952079037065716,-0.018869162704565068
674,2021-09-30 03:38:00,0.370158387,0.392948860112753,0.023374729993451603,-0.04616520310620459
675,2021-09-30 04:08:00,0.361197873,0.3943805142965364,-0.017437591389065286,-0.01574504990747111
676,2021-09-30 04:38:00,0.348498929,0.39600785876564454,0.0025954142716821667,-0.050104344037326665
677,2021-09-30 05:08:00,0.355950493,0.39783775125769094,0.026876859724262958,-0.06876411798195392
678,2021-09-30 05:38:00,0.365414686,0.39988474386686385,0.003957055365641585,-0.03842711323250542
679,2021-09-30 06:08:00,0.358163388,0.4021666180861007,0.019211172095844494,-0.06321440218194518
680,2021-09-30 06:38:00,0.376604228,0.40471049284465793,0.023616826075700252,-0.051723090920358206
681,2021-09-30 07:08:00,0.363315267,0.407551146613653,0.011692678522914115,-0.05592855813656711
682,2021-09-30 07:38:00,0.373592622,0.4107314137682693,0.03755623259610681,-0.07469502436437614
683,2021-09-30 08:08:00,0.366853771,0.41429989021795893,0.009965903308908335,-0.05741202252686728
684,2021-09-30 08:38:00,0.389234702,0.41830895593124157,0.040100073792525844,-0.06917432772376741
685,2021-09-30 09:08:00,0.370669034,0.42281233541034247,0.011367758834514696,-0.06351106024485714
686,2021-09-30 09:38:00,0.380633184,0.42786131964997015,0.043303441657308886,-0.09053157730727901
687,2021-09-30 10:08:00,0.377095885,0.4335031989898207,0.02006793365329593,-0.07647524764311664
688,2021-09-30 10:38:00,0.403619011,0.4397777084984074,0.05856750387929039,-0.09472620137769777
689,2021-09-30 11:08:00,0.38473675,0.44671395181640794,0.027253369940371662,-0.08923057175677956
690,2021-09-30 11:38:00,0.371381397,0.4543268241498586,0.009811245500201462,-0.09275667265006005
691,2021-09-30 12:08:00,0.383692183,0.4626153233131696,0.024333285954047598,-0.1032564262672172
692,2021-09-30 12:38:00,0.394139617,0.4715599558104353,0.002277365639877295,-0.0796977044503126
693,2021-09-30 13:08:00,0.387801582,0.48112310171606104,0.0146541161914947,-0.10797563590755577
694,2021-09-30 13:38:00,0.420547822,0.4912496695600723,-0.0029318099374925763,-0.06777003762257972
695,2021-09-30 14:08:00,0.394064206,0.5018709869343111,0.0034322182471577104,-0.11123899918146885
696,2021-09-30 14:38:00,0.471031165,0.5129090013357757,-0.0005525771796082478,-0.041325259156167415
697,2021-09-30 15:08:00,0.412143802,0.5242803340290354,0.012354517309163216,-0.1244910493381986
698,2021-09-30 15:38:00,0.457010805,0.5358979910310954,-0.012697598308087824,-0.06618958772300754
699,2021-09-30 16:08:00,0.422822161,0.54767845112658,-0.0010757349093395558,-0.12378055521724046
700,2021-09-30 16:38:00,0.401540307,0.559543235838372,-0.029041603889658388,-0.1289613249487136
701,2021-09-30 17:08:00,0.428853943,0.5714223192076585,-0.01203649652368757,-0.13053187968397095
702,2021-09-30 17:38:00,0.455113485,0.5832558997005044,-0.0450815213679777,-0.08306089333252675
703,2021-09-30 18:08:00,0.441048717,0.5949966194322854,-0.026344266600948952,-0.1276036358313365
704,2021-09-30 18:38:00,0.6109748,0.6066098486748994,-0.014296052025445299,0.01866100335054588
705,2021-09-30 19:08:00,0.479134112,0.6180732362621196,-0.030336693275939797,-0.10860243098617983
706,2021-09-30 19:38:00,0.633770925,0.6293744528227831,-0.027825178937726017,0.032221651114942906
707,2021-09-30 20:08:00,0.511682064,0.6405102445111679,-0.03494109613901384,-0.09388708437215398
708,2021-09-30 20:38:00,0.849771245,0.6514828979703782,-0.01619813335725805,0.2144864803868799
709,2021-09-30 21:08:00,0.590234152,0.6623003566257443,-0.031352779121489795,-0.0407134255042545
710,2021-09-30 21:38:00,1.171262796,0.6729738254921414,-0.0468052492508601,0.5450942197587187
711,2021-09-30 22:08:00,0.74417865,0.6835174832077578,-0.006491061747708183,0.0671522285399504
712,2021-09-30 22:38:00,1.165221678,0.6939467266325267,-0.01728487581425849,0.48855982718173185
713,2021-09-30 23:08:00,0.886200289,0.7042777311867903,0.006969364297745256,0.17495319351546446
714,2021-09-30 23:38:00,1.233915367,0.7145279623779048,-0.02028619099900214,0.5396735956210974
715,2021-10-01 00:08:00,1.010788402,0.7247137929490538,0.027543875998132183,0.25853073305281404
716,2021-10-01 00:38:00,1.154726632,0.7348527262868589,-0.05260412891234888,0.47247803462549
717,2021-10-01 01:08:00,1.114979544,0.7449590021725988,0.05229598102558185,0.31772456080181943
718,2021-10-01 01:38:00,1.121748206,0.7550495819548965,-0.09170097134695444,0.458399595392058
719,2021-10-01 02:08:00,1.169374936,0.7651374996189237,-0.03404132374008165,0.43827876012115796
720,2021-10-01 02:38:00,1.119649471,0.7752363579730857,-0.0626918112062512,0.40710492423316547
721,2021-10-01 03:08:00,1.159052271,0.785356803801818,-0.035007049907110926,0.4087025171052928
722,2021-10-01 03:38:00,1.016127943,0.7955076110103124,0.020743341505378786,0.19987699048430885
723,2021-10-01 04:08:00,1.129233524,0.8056949761736163,-0.033311192379658176,0.35684974020604177
724,2021-10-01 04:38:00,0.921818243,0.8159195641636436,0.0014360548884739986,0.10446262394788242
725,2021-10-01 05:08:00,1.066814099,0.8261754162638688,0.03424596550893177,0.20639271722719932
726,2021-10-01 05:38:00,0.933915185,0.83645016390066,0.0028293249995465976,0.0946356960997935
727,2021-10-01 06:08:00,1.02265181,0.8467245511469403,0.03199243641531678,0.1439348224377428
728,2021-10-01 06:38:00,1.039039187,0.8569729835648899,0.03925800300887766,0.14280820042623243
729,2021-10-01 07:08:00,1.006110006,0.867163593437859,0.02917982848719028,0.10976658407495066
730,2021-10-01 07:38:00,1.116512932,0.8772579871959282,0.055271537551258874,0.18398340725281292
731,2021-10-01 08:08:00,1.005482698,0.8872118109956942,0.02619968056243731,0.0920712064418685
732,2021-10-01 08:38:00,1.127094833,0.8969746992917267,0.0705793699299615,0.15954076377831172
733,2021-10-01 09:08:00,1.027676076,0.9064904537929944,0.032418659719696256,0.08876696248730942
734,2021-10-01 09:38:00,1.142757697,0.9156967910927691,0.06113090654598926,0.16592999936124153
735,2021-10-01 10:08:00,1.071863967,0.9245260600217674,0.045392921930264056,0.10194498504796867
736,2021-10-01 10:38:00,1.06733351,0.9329060496790296,0.09431686421204909,0.040110596108921426
737,2021-10-01 11:08:00,1.098547632,0.94076191657306,0.05548118226497357,0.10230453316196642
738,2021-10-01 11:38:00,1.01631549,0.9480191026644426,0.018827681475338996,0.049468705860218454
739,2021-10-01 12:08:00,1.094002893,0.9546071019417575,0.04983855156702554,0.08955723949121719
740,2021-10-01 12:38:00,1.043132379,0.960465391256776,0.0047286846145968165,0.07793830312862715
741,2021-10-01 13:08:00,1.079326782,0.9655483281862209,0.034936020496133424,0.07884243331764562
742,2021-10-01 13:38:00,0.96541593,0.9698306127428016,0.011987508381491749,-0.01640219112429331
743,2021-10-01 14:08:00,1.046991001,0.9733124613378207,0.018352011551949585,0.05532652811022987
744,2021-10-01 14:38:00,0.960554816,0.9760237627442759,0.005012545858104425,-0.020481492602380302
745,2021-10-01 15:08:00,1.010550425,0.9780260269571626,0.037853528118559084,-0.0053291300757217774
746,2021-10-01 15:38:00,0.927653065,0.9794158869555151,-0.012406875125609918,-0.039355946829905175
747,2021-10-01 16:08:00,0.982614336,0.9803209743460306,0.016979249297941163,-0.014685887643971718
748,2021-10-01 16:38:00,0.913488767,0.9809013768002003,-0.04039707498524779,-0.027015534814952447
749,2021-10-01 17:08:00,0.962048992,0.9813446788855738,-0.002310003042316546,-0.01698568384325716
750,2021-10-01 17:38:00,0.884409655,0.981855975027249,-0.06322989927309093,-0.03421642075415798
751,2021-10-01 18:08:00,0.930304447,0.9826453715776451,-0.02612006722037623,-0.026220857357268867
752,2021-10-01 18:38:00,0.827860173,0.9839126730537114,-0.05355578235667555,-0.10249671769703583
753,2021-10-01 19:08:00,0.902793295,0.9858300981409175,-0.04021376886513981,-0.042823034275777605
754,2021-10-01 19:38:00,0.870417609,0.9885230357675415,-0.0415791054356514,-0.07652632133189019
755,2021-10-01 20:08:00,0.884765854,0.9920537141179538,-0.046192166243572,-0.06109569387438185
756,2021-10-01 20:38:00,0.89023482,0.9963945466533604,-0.02061268673855633,-0.08554703991480406
757,2021-10-01 21:08:00,0.877282205,1.0014420406382945,-0.04146631508971716,-0.08269352054857726
758,2021-10-01 21:38:00,0.950421632,1.0070219416639445,-0.06799961281938277,0.011399303155438245
759,2021-10-01 22:08:00,0.884668778,1.0129235927833178,-0.012577293706471999,-0.11567752107684581
760,2021-10-01 22:38:00,1.109314889,1.0189191931534574,-0.0016675677748866275,0.09206326362142914
761,2021-10-01 23:08:00,0.929649825,1.0247961097176683,0.010016267429101043,-0.10516255214676928
762,2021-10-01 23:38:00,1.460654268,1.030366063624056,-0.053368597970780945,0.48365680234672515
763,2021-10-02 00:08:00,1.056208644,1.035485960367161,0.03625016270390134,-0.015527479071062222
764,2021-10-02 00:38:00,1.560113307,1.0400562834303653,-0.07649894459431579,0.5965559681639505
765,2021-10-02 01:08:00,1.194147783,1.0440242992552267,0.0637556115509309,0.08636787219384257
766,2021-10-02 01:38:00,1.947192242,1.047374909400016,-0.10830655446284175,1.008123887062826
767,2021-10-02 02:08:00,1.405539267,1.050120687983414,-0.03624295904330176,0.3916615380598878
768,2021-10-02 02:38:00,2.25983962,1.0522936639279894,-0.07114420733015508,1.278690163402166
769,2021-10-02 03:08:00,1.667422865,1.0539370568320032,-0.0365792490216839,0.6500650571896807
770,2021-10-02 03:38:00,2.002561205,1.0551022370725327,0.001149618886123571,0.9463093490413439
771,2021-10-02 04:08:00,1.846072128,1.0558453982656006,-0.03659252300480788,0.8268192527392073
772,2021-10-02 04:38:00,1.872114017,1.0562240514427756,-0.008894235291607298,0.8247842008488315
773,2021-10-02 05:08:00,1.928364078,1.0562956775148489,0.02885567247128195,0.8432127280138693
774,2021-10-02 05:38:00,1.892389066,1.056115932818836,-0.016060586509661585,0.8523337196908256
775,2021-10-02 06:08:00,1.99481923,1.0557395815020634,0.024723182257759754,0.9143564662401769
776,2021-10-02 06:38:00,1.983214093,1.0552207144518861,0.03037696978211831,0.8976164087659955
777,2021-10-02 07:08:00,2.0020236,1.054613166459903,0.02518352339309982,0.9222269101469969
778,2021-10-02 07:38:00,1.849175369,1.0539720565068622,0.05240709197396078,0.7427962205191769
779,2021-10-02 08:08:00,1.91989075,1.053353949435295,0.025268698273755462,0.8412681022909494
780,2021-10-02 08:38:00,1.799349737,1.0528184788490758,0.07065436809577465,0.6758768900551495
781,2021-10-02 09:08:00,1.879248456,1.0524286273397558,0.03584530573855861,0.7909745229216856
782,2021-10-02 09:38:00,1.739317983,1.052253039464714,0.05520373841441619,0.6318612051208699
783,2021-10-02 10:08:00,1.85268925,1.0523663210080891,0.04931725622185332,0.7510056727700576
784,2021-10-02 10:38:00,1.388885906,1.0528454982932764,0.0941713104589508,0.24186909724777284
785,2021-10-02 11:08:00,1.751988618,1.0537708414491165,0.06215315611175411,0.6360646204391294
786,2021-10-02 11:38:00,1.417607049,1.0552209770487682,0.02479395831775627,0.3375921136334754
787,2021-10-02 12:08:00,1.638867209,1.0572721663603264,0.06035400789461642,0.5212410347450573
788,2021-10-02 12:38:00,1.396294063,1.0599945054619093,-0.005682032089547453,0.34198158962763814
789,2021-10-02 13:08:00,1.548290948,1.0634443008926484,0.04644006114698615,0.4384065859603654
790,2021-10-02 13:38:00,1.298436408,1.0676440966025598,0.017485299603035357,0.2133070117944047
791,2021-10-02 14:08:00,1.448108282,1.0725681667988558,0.03163450075853378,0.3439056144426105
792,2021-10-02 14:38:00,1.189861328,1.0781138733687419,0.003620625433314536,0.10812682919794381
793,2021-10-02 15:08:00,1.338216951,1.0840757961035616,0.06301785103446356,0.19112330386197485
794,2021-10-02 15:38:00,1.26894541,1.0901232949675035,-0.011357914616836313,0.19018002964933278
795,2021-10-02 16:08:00,1.314228852,1.0957968799752353,0.041947133648693964,0.17648483837607065
796,2021-10-02 16:38:00,1.196974431,1.1005317766662241,-0.028624975137364284,0.12506762947113992
797,2021-10-02 17:08:00,1.270102328,1.1037152501018113,0.021742837245927085,0.14464424065226145
798,2021-10-02 17:38:00,1.120155923,1.1047717206776522,-0.04970366568468505,0.06508786800703281
799,2021-10-02 18:08:00,1.2148747,1.103261898123706,-0.004718902755214567,0.11633170463150866
800,2021-10-02 18:38:00,1.02533912,1.0989679442886773,-0.060685142619746106,-0.012943681668931228
801,2021-10-02 19:08:00,1.160255242,1.0919251112260542,-0.024294355567704512,0.09262448634165033
802,2021-10-02 19:38:00,1.055257439,1.0823959568658355,-0.035726091457321474,0.008587573591485986
803,2021-10-02 20:08:00,1.133334464,1.0707965928768648,-0.02882541803240802,0.09136328915554337
804,2021-10-02 20:38:00,1.024064284,1.0576100932922778,-0.028224767211046168,-0.0053210420812315196
805,2021-10-02 21:08:00,1.084358239,1.043306547385363,-0.02872421272736616,0.06977590434200298
806,2021-10-02 21:38:00,0.898259932,1.028290712162062,-0.06254539344958421,-0.06748538671247772
807,2021-10-02 22:08:00,1.024615339,1.012879060526265,-0.018505697458395295,0.030241975932130183
808,2021-10-02 22:38:00,0.922193422,0.9973017926994372,-0.0001122116591590408,-0.07499615904027812
809,2021-10-02 23:08:00,0.985022839,0.9817088906115508,-0.007373091773467818,0.010687040161917016
810,2021-10-02 23:38:00,0.87127129,0.9662155623164259,-0.0781754606531469,-0.016768811663278926
811,2021-10-03 00:08:00,0.954209273,0.9508820952771664,0.02142592693262594,-0.018098749209792264
812,2021-10-03 00:38:00,0.817282826,0.9357455291381819,-0.09711644571269584,-0.021346257425486015
813,2021-10-03 01:08:00,0.906614351,0.9208121760997107,0.05279369105509025,-0.06699151615480092
814,2021-10-03 01:38:00,0.723009761,0.9060809996064957,-0.1505533196914301,-0.03251791891506561
815,2021-10-03 02:08:00,0.846403446,0.8915511273128051,-0.019849518469021728,-0.02529816284378339
816,2021-10-03 02:38:00,0.770421157,0.8772218452423588,-0.08043584599483161,-0.02636484224752711
817,2021-10-03 03:08:00,0.820835691,0.863092431292347,-0.016143484998596056,-0.02611325529375097
818,2021-10-03 03:38:00,0.726862532,0.8491627782977618,-0.031991623015553916,-0.0903086232822079
819,2021-10-03 04:08:00,0.781769513,0.8354334463641492,-0.021152515378055646,-0.03251141798609358
820,2021-10-03 04:38:00,0.722372831,0.8219057718653323,-0.03090587028828407,-0.0686270705770482
821,2021-10-03 05:08:00,0.751989821,0.8085815822916481,0.005960408002681822,-0.06255216929432994
822,2021-10-03 05:38:00,0.687282892,0.7954632602125377,-0.0431806694716648,-0.06499969874087286
823,2021-10-03 06:08:00,0.725989835,0.7825537328030442,-0.0046509183869688255,-0.05191297941607531
824,2021-10-03 06:38:00,0.712145743,0.7698565256095095,0.009279215102808207,-0.06698999771231762
825,2021-10-03 07:08:00,0.723817031,0.7573755093890269,-0.0011762705544294191,-0.03238220783459744
826,2021-10-03 07:38:00,0.719080735,0.7451147416361369,0.04147758592174598,-0.06751159255788286
827,2021-10-03 08:08:00,0.713548947,0.7330783232385855,0.00473268679789351,-0.02426206303647893
828,2021-10-03 08:38:00,0.728082852,0.7212700088944641,0.06605727811772807,-0.05924443501219223
829,2021-10-03 09:08:00,0.713793011,0.7096931440478575,0.021446628071694823,-0.017346761119552356
830,2021-10-03 09:38:00,0.681230218,0.6983499059419627,0.04933458246939652,-0.0664542704113591
831,2021-10-03 10:08:00,0.705564488,0.6872421401805666,0.038546797870893566,-0.02022445005146012
832,2021-10-03 10:38:00,0.697383231,0.676371283641087,0.10170169415491295,-0.08068974679599994
833,2021-10-03 11:08:00,0.707584556,0.6657393333070782,0.05764531894521242,-0.01580009625229062
834,2021-10-03 11:38:00,0.663881131,0.655348174050357,0.04786543670006462,-0.039332479750421534
835,2021-10-03 12:08:00,0.697931633,0.6451994177799398,0.06571430315720933,-0.012982087937149167
836,2021-10-03 12:38:00,0.57646269,0.6352924816811625,-0.034259989810058816,-0.02456980187110358
837,2021-10-03 13:08:00,0.669408025,0.6256256116006694,0.05964192420244817,-0.01585951080311765
838,2021-10-03 13:38:00,0.581233717,0.6161964199450646,0.027122629570401523,-0.06208533251546611
839,2021-10-03 14:08:00,0.640038198,0.6070008503899575,0.05285931368602728,-0.019821966075984854
840,2021-10-03 14:38:00,0.529587238,0.5980354400202385,0.024698300119144628,-0.09314650213938314
841,2021-10-03 15:08:00,0.609709602,0.589295756328881,0.09123407772188107,-0.07082023205076204
842,2021-10-03 15:38:00,0.52197861,0.5807760857299018,-0.012605870242896142,-0.04619160548700563
843,2021-10-03 16:08:00,0.574628677,0.5724694362282031,0.07122426525627534,-0.06906502448447849
844,2021-10-03 16:38:00,0.507718486,0.564367896758255,-0.038933683814254834,-0.017715726944000143
845,2021-10-03 17:08:00,0.543396148,0.5564630911469627,0.04285392230831025,-0.05592086545527286
846,2021-10-03 17:38:00,0.466179607,0.5487476553488084,-0.03273803389438863,-0.04983001445441981
847,2021-10-03 18:08:00,0.521339532,0.541214888991444,0.002997181365388714,-0.022872538356832672
848,2021-10-03 18:38:00,0.476745524,0.5338600545473303,-0.023966889233769762,-0.03314764131356063
849,2021-10-03 19:08:00,0.500441893,0.5266796273413565,-0.023012289339727234,-0.0032254450016293568
850,2021-10-03 19:38:00,0.468518493,0.5196743979433783,0.011410614976134843,-0.06256651991951317
851,2021-10-03 20:08:00,0.488228144,0.5128478298742869,-0.019395057086612637,-0.005224628787674268
852,2021-10-03 20:38:00,0.44072839,0.5062087337677535,0.018190459980694008,-0.08367080374844754
853,2021-10-03 21:08:00,0.4719781,0.49976921945707037,-0.012983431133791946,-0.01480768832327839
854,2021-10-03 21:38:00,0.449788149,0.4935429574405908,-0.037755992452736094,-0.005998815987854678
855,2021-10-03 22:08:00,0.460392032,0.48754605203844475,0.004025307389012533,-0.03117932742745727
856,2021-10-03 22:38:00,0.406258697,0.4817952207657736,-0.02526710924217932,-0.050269414523594236
857,2021-10-03 23:08:00,0.44840785,0.4763100355918954,0.009448249175530467,-0.03735043476742583
858,2021-10-03 23:38:00,0.434172763,0.4711127040502372,-0.024733068188702488,-0.012206872861534712
859,2021-10-04 00:08:00,0.439893298,0.4662249783285645,0.01622428385407684,-0.04255596418264135
860,2021-10-04 00:38:00,0.392703976,0.46166808579758895,-0.06369172934352452,-0.005272380454064418
861,2021-10-04 01:08:00,0.424730395,0.4574592728393091,0.012186374375618496,-0.04491525221492759
862,2021-10-04 01:38:00,0.393359385,0.45361361131640077,-0.09088195400182884,0.030627727685428097
863,2021-10-04 02:08:00,0.415256594,0.4501421161456807,-0.029860137191246146,-0.0050253849544346085
864,2021-10-04 02:38:00,0.371461432,0.447053186426574,-0.07613036781876326,0.0005386133921892466
865,2021-10-04 03:08:00,0.399591251,0.4443515717276516,-0.04144972682318094,-0.0033105939044706933
866,2021-10-04 03:38:00,0.368742519,0.44203989322195936,-0.07736511778643043,0.004067743564471038
867,2021-10-04 04:08:00,0.392088015,0.44011760166176606,-0.05254877042771832,0.004519183765952284
868,2021-10-04 04:38:00,0.38909684,0.4385812443303689,-0.06714629829209937,0.017661893961730513
869,2021-10-04 05:08:00,0.38307283,0.4374243036199502,-0.06195803386676011,0.00760656024680989
870,2021-10-04 05:38:00,0.359339472,0.43663723187689757,-0.07697038695804283,-0.0003273729188547625
871,2021-10-04 06:08:00,0.376399929,0.43620834330965763,-0.0683465429957934,0.008538128686135793
872,2021-10-04 06:38:00,0.384605453,0.4361239005508476,-0.024127871289040072,-0.02739057626180752
873,2021-10-04 07:08:00,0.374649143,0.4363691267572735,-0.0561140127286313,-0.005605971028642187
874,2021-10-04 07:38:00,0.399054034,0.4369294780143081,0.0357595426224538,-0.07363498663676188
875,2021-10-04 08:08:00,0.380167663,0.43779137760790027,-0.03989673812607296,-0.017726976481827306
876,2021-10-04 08:38:00,0.405177785,0.4389447632885184,0.07053757200437794,-0.10430455029289631
877,2021-10-04 09:08:00,0.387454717,0.4403809509049718,-0.011906525696629887,-0.04101970820834194
878,2021-10-04 09:38:00,0.387068796,0.4420954695887086,0.06027003784919871,-0.11529671143790732
879,2021-10-04 10:08:00,0.387049108,0.4440853576948976,0.014830264096207118,-0.07186651379110476
880,2021-10-04 10:38:00,0.34777756,0.44635074043985623,0.10459779235803011,-0.20317097279788637
881,2021-10-04 11:08:00,0.384736725,0.4488925681154393,0.046420619253520985,-0.1105764623689603
882,2021-10-04 11:38:00,0.379838814,0.4517141880105766,0.0826471363018425,-0.1545225103124191
883,2021-10-04 12:08:00,0.383783398,0.45482127507499404,0.06941213018599005,-0.1404500072609841
884,2021-10-04 12:38:00,0.33436868,0.4582225895791127,-0.05274721113045882,-0.07110669844865392
885,2021-10-04 13:08:00,0.370846327,0.4619295228654992,0.07528822665391237,-0.16637142251941162
886,2021-10-04 13:38:00,0.34366878,0.4659545436216825,0.046898531365720586,-0.16918429498740306
887,2021-10-04 14:08:00,0.358544526,0.47030957572458915,0.07564453974470431,-0.18740958946929348
888,2021-10-04 14:38:00,0.34812667,0.47499892823530127,0.06491783871470537,-0.1917900969500066
889,2021-10-04 15:08:00,0.350756101,0.48002803729049814,0.10643094063667007,-0.23570287692716824
890,2021-10-04 15:38:00,0.341132891,0.4854027990382374,-0.018094366911410587,-0.12617554112682683
891,2021-10-04 16:08:00,0.349427167,0.4911321152910593,0.08855747514467358,-0.23026242343573294
892,2021-10-04 16:38:00,0.352303414,0.49722828385641643,-0.08231977067119445,-0.062605099185222
893,2021-10-04 17:08:00,0.343920087,0.5037043612352998,0.0558530789231169,-0.21563735315841676
894,2021-10-04 17:38:00,0.452976263,0.5105702890000662,-0.06194107129701637,0.0043470452969501805
895,2021-10-04 18:08:00,0.367641604,0.5178364350900653,0.005112464872871755,-0.15530729596293702
896,2021-10-04 18:38:00,0.533611673,0.5255097438234209,-0.03805617417282696,0.046158103349406066
897,2021-10-04 19:08:00,0.405630182,0.5335991080960242,-0.045398939072017024,-0.08256998702400714
898,2021-10-04 19:38:00,0.56109088,0.5421113767221944,0.07963259625019178,-0.0606530929723863
899,2021-10-04 20:08:00,0.448223024,0.5510550221244805,-0.0618188469053782,-0.04101315121910232
900,2021-10-04 20:38:00,0.605884899,0.5604372810408319,0.10142323783585572,-0.05597561987668764
901,2021-10-04 21:08:00,0.501173426,0.5702675865995878,-0.06314986664888789,-0.005944293950699842
902,2021-10-04 21:38:00,0.552345646,0.5805610539798285,-0.07081903666319528,0.04260362868336687
903,2021-10-04 22:08:00,0.541181872,0.5913328391963865,0.018605319676718735,-0.0687562868731052
904,2021-10-04 22:38:00,0.55825076,0.6025979837507979,-0.058001724609627936,0.013654500858830021
905,2021-10-04 23:08:00,0.562236772,0.6143674300958233,0.045141635185740506,-0.09727229328156384
906,2021-10-04 23:38:00,0.620653459,0.62664854210737,-0.00878616470336074,0.00279108159599073
907,2021-10-05 00:08:00,0.579645129,0.6394468525131934,0.04123717627466453,-0.10103889978785796
908,2021-10-05 00:38:00,0.570967438,0.6527646156273612,-0.05496432915572014,-0.026832848471641024
909,2021-10-05 01:08:00,0.581620441,0.6665996359857392,0.01449845383580363,-0.09947764882154286
910,2021-10-05 01:38:00,0.591409667,0.6809428866371119,-0.08550189019045833,-0.004031329446653631
911,2021-10-05 02:08:00,0.578725394,0.6957756926511839,-0.03200662541553507,-0.08504367323564876
912,2021-10-05 02:38:00,0.566602768,0.711067597548821,-0.081034514715227,-0.06343031483359396
913,2021-10-05 03:08:00,0.581576818,0.7267752630586055,-0.06428035760578388,-0.08091808745282159
914,2021-10-05 03:38:00,0.588386975,0.7428420179152931,-0.05997051283912225,-0.09448453007617086
915,2021-10-05 04:08:00,0.587604061,0.7592010879292828,-0.077450386565999,-0.0941466403632838
916,2021-10-05 04:38:00,0.600773222,0.7757806482749386,-0.0683411839285092,-0.10666624234642941
917,2021-10-05 05:08:00,0.583628014,0.792506659333949,-0.08673975160483059,-0.12213889372911846
918,2021-10-05 05:38:00,0.64997478,0.8093091539978354,-0.06728245261989249,-0.09205192137794294
919,2021-10-05 06:08:00,0.599429482,0.8261230363644257,-0.09709374738039354,-0.12959980698403217
920,2021-10-05 06:38:00,0.800777867,0.8428898115158483,-0.012969820233657644,-0.02914212428219065
921,2021-10-05 07:08:00,0.641303122,0.8595600110156952,-0.07971272395451107,-0.13854416506118417
922,2021-10-05 07:38:00,0.964589959,0.8760944449162913,0.07168135702653225,0.016814157057176482
923,2021-10-05 08:08:00,0.720900561,0.8924662285500179,-0.05698329831697471,-0.11458236923304321
924,2021-10-05 08:38:00,1.078981655,0.9086544189347655,0.12365914150649135,0.0466680945587431
925,2021-10-05 09:08:00,0.819019496,0.9246507233990315,-0.015098515429072198,-0.09053271196995938
926,2021-10-05 09:38:00,1.190233186,0.9404608187097109,0.09927318298082666,0.1504991843094624
927,2021-10-05 10:08:00,0.936911489,0.9560974357784632,0.026221085418083684,-0.04540703219654685
928,2021-10-05 10:38:00,1.230030288,0.9715687102584872,0.11831712685448381,0.14014445088702898
929,2021-10-05 11:08:00,1.052922591,0.9868816519801892,0.06859992432187371,-0.0025589853020628883
930,2021-10-05 11:38:00,1.28707283,1.0020359445857487,0.13293831107904125,0.15209857433521012
931,2021-10-05 12:08:00,1.150181584,1.0170290502578592,0.11584588763155351,0.017306646110587298
932,2021-10-05 12:38:00,1.400804844,1.0318527425547774,-0.03899220136951473,0.40794430281473737
933,2021-10-05 13:08:00,1.237424561,1.0464981570544285,0.1102126753290917,0.08071372861647985
934,2021-10-05 13:38:00,1.368613959,1.0609554830638337,0.06630433390805501,0.24135414202811134
935,2021-10-05 14:08:00,1.295351022,1.075216596818042,0.1070287160077699,0.11310570917418805
936,2021-10-05 14:38:00,1.342541883,1.089271981967791,0.10392184849573999,0.149348052536469
937,2021-10-05 15:08:00,1.325812761,1.1031088904763924,0.11689671863758881,0.10580715188601864
938,2021-10-05 15:38:00,1.380940385,1.1167121721541309,-0.013032781461463302,0.2772609943073323
939,2021-10-05 16:08:00,1.35599478,1.1300655237164239,0.09332700106044829,0.13260225522312785
940,2021-10-05 16:38:00,1.513920366,1.1431542744759422,-0.09029407259168991,0.4610601641157477
941,2021-10-05 17:08:00,1.401364287,1.1559635251268416,0.049211981259135514,0.19618878061402278
942,2021-10-05 17:38:00,1.606465156,1.1684806177569886,-0.10343640078529219,0.5414209390283036
943,2021-10-05 18:08:00,1.44249635,1.1806942245466236,-0.0066048280037219464,0.2684069534570983
944,2021-10-05 18:38:00,1.522773362,1.192596640725113,-0.05365668326241557,0.3838334045373024
945,2021-10-05 19:08:00,1.47332823,1.2041815708593284,-0.07184115014498695,0.3409878092856584
946,2021-10-05 19:38:00,1.416084971,1.2154433721734266,0.1199997566261313,0.08064184220044224
947,2021-10-05 20:08:00,1.488036848,1.2263776335732788,-0.11618140818801628,0.3778406226147375
948,2021-10-05 20:38:00,1.472920694,1.2369803150954002,0.15867672819797976,0.07726365070662
949,2021-10-05 21:08:00,1.50643291,1.2472492256502994,-0.13797557929756166,0.3971592636472623
950,2021-10-05 21:38:00,1.506035237,1.2571890907773422,-0.1228899379736473,0.3717360841963051
951,2021-10-05 22:08:00,1.504855884,1.2668002775702112,0.01177376882889663,0.22628183760089216
952,2021-10-05 22:38:00,1.458191329,1.2760832403735394,-0.1251054925850279,0.30721358121148845
953,2021-10-05 23:08:00,1.475201119,1.285028078881981,0.06041677155635334,0.12975626856166578
954,2021-10-05 23:38:00,1.331654119,1.2936178645489194,-0.0317877224288004,0.06982397687988096
955,2021-10-06 00:08:00,1.43697727,1.3018305909822072,0.06356800228708744,0.07157867673070539
956,2021-10-06 00:38:00,1.315600007,1.3096389995342153,-0.06837322499466786,0.07433423246045257
957,2021-10-06 01:08:00,1.416880277,1.317013871321622,0.03307996897334276,0.06678643670503526
958,2021-10-06 01:38:00,1.252675093,1.323924047622909,-0.10787222724028614,0.03662327261737697
959,2021-10-06 02:08:00,1.372831157,1.3303369646986059,-0.029885107514417596,0.0723792998158117
960,2021-10-06 02:38:00,1.346205446,1.33621609633101,-0.12619318632095158,0.13618253598994157
961,2021-10-06 03:08:00,1.340865199,1.34152292734526,-0.08005701304323666,0.07939928469797675
962,2021-10-06 03:38:00,1.466885839,1.3462159672321796,-0.058326807726768314,0.17899667949458853
963,2021-10-06 04:08:00,1.342604101,1.350253739502962,-0.09723533695905408,0.08958569845609232
964,2021-10-06 04:38:00,1.381419187,1.3535972615519591,-0.06545186080363241,0.09327378625167326
965,2021-10-06 05:08:00,1.352557115,1.3562134328135638,-0.10103515205542163,0.09737883424185778
966,2021-10-06 05:38:00,1.392704964,1.3580769793104102,-0.06645323016071458,0.10108121485030441
967,2021-10-06 06:08:00,1.367978106,1.3591738134084321,-0.14559730750790914,0.154401600099477
968,2021-10-06 06:38:00,1.386146746,1.3595015513214186,-0.01450181755434788,0.04114701223292938
969,2021-10-06 07:08:00,1.394672437,1.359072770277958,-0.11590343171281277,0.15150309843485488
970,2021-10-06 07:38:00,1.655436603,1.3579161368419495,0.06676469660346475,0.23075576955458588
971,2021-10-06 08:08:00,1.456518668,1.3560760913419918,-0.08753006458669649,0.1879726412447047
972,2021-10-06 08:38:00,1.569056933,1.3536130304718899,0.15523675113131835,0.06020715139679167
973,2021-10-06 09:08:00,1.476952887,1.350599467103159,-0.02784792700252613,0.15420134689936704
974,2021-10-06 09:38:00,1.470628,1.3471224414195042,0.10719655763420616,0.01630900094628962
975,2021-10-06 10:08:00,1.494794649,1.3432734211111885,0.027625455341648415,0.123895772547163
976,2021-10-06 10:38:00,1.42758165,1.3391478404402446,0.13947008220308343,-0.051036272643327996
977,2021-10-06 11:08:00,1.501769986,1.3348359200570563,0.0854069665251125,0.0815270994178312
978,2021-10-06 11:38:00,1.460594261,1.3304234616577026,0.11537381918188934,0.01479698016040798
979,2021-10-06 12:08:00,1.516659489,1.32598530876344,0.38956529167623966,-0.1988911114396794
980,2021-10-06 12:38:00,1.320805345,1.3215944270672666,-0.04127931266711652,0.0404902305998498
981,2021-10-06 13:08:00,1.449733238,1.3173119140763112,0.1289036171356322,0.0035177067880567403
982,2021-10-06 13:38:00,1.387394788,1.3131843799997196,0.09343111809589802,-0.019220710095617655
983,2021-10-06 14:08:00,1.413400809,1.3092358146073955,0.12151419348707582,-0.01734919909447119
984,2021-10-06 14:38:00,1.430117511,1.3054727151665737,0.1060176891001334,0.01862710673329282
985,2021-10-06 15:08:00,1.405298711,1.301898172780245,0.1263150346482823,-0.022914496428527498
986,2021-10-06 15:38:00,1.260619122,1.2985184394042746,0.009611371010060389,-0.047510688414335034
987,2021-10-06 16:08:00,1.371906206,1.2953396905613106,0.07285083749663053,0.003715677942058848
988,2021-10-06 16:38:00,1.153770293,1.2923683070056433,-0.05942601900491075,-0.07917199500073258
989,2021-10-06 17:08:00,1.310541412,1.289611299485831,0.0380728522810978,-0.017142739766928816
990,2021-10-06 17:38:00,1.128093681,1.287075204059949,-0.11062267920783132,-0.04835884385211764
991,2021-10-06 18:08:00,1.271999079,1.2847595817753383,-0.00836182078506694,-0.004398681990271491
992,2021-10-06 18:38:00,1.069340386,1.2826650111675029,-0.048422555303492085,-0.1649020698640109
993,2021-10-06 19:08:00,1.208388199,1.2807875434487277,-0.06557785338723873,-0.006821491061488993
994,2021-10-06 19:38:00,1.007133273,1.2791187867619043,0.06557989971552645,-0.33756541347743074
995,2021-10-06 20:08:00,1.123791351,1.2776520735302097,-0.10050861281209637,-0.05335210971811333
996,2021-10-06 20:38:00,0.947700863,1.2763885388819385,0.0736791398980066,-0.40236681577994504
997,2021-10-06 21:08:00,1.061207699,1.2753338645985872,-0.1230527926496369,-0.09107337294895035
998,2021-10-06 21:38:00,0.979537919,1.2745025940447512,-0.1401876942642898,-0.15477698078046132
999,2021-10-06 22:08:00,1.026361225,1.2739121759481347,-0.0076953977869212015,-0.23985555316121343
1000,2021-10-06 22:38:00,1.008366866,1.2735856505897452,-0.14183612571250692,-0.1233826588772382
1001,2021-10-06 23:08:00,1.002415861,1.2735442580662755,0.021990379624554815,-0.2931187766908303
1002,2021-10-06 23:38:00,0.992634204,1.2738101183292758,-0.061770842544705336,-0.21940507178457036
1003,2021-10-07 00:08:00,0.987074625,1.2744062402334984,0.08923677321651706,-0.3765683884500154
1004,2021-10-07 00:38:00,1.013553678,1.2753511275473406,-0.07240841300312542,-0.18938903654421502
1005,2021-10-07 01:08:00,0.988358706,1.2766628779471336,0.05533855086623146,-0.34364272281336516
1006,2021-10-07 01:38:00,1.0244255,1.2783572877096356,-0.12353342254183816,-0.13039836516779757
1007,2021-10-07 02:08:00,1.003703633,1.2804429523096355,-0.018837698384329575,-0.257901620925306
1008,2021-10-07 02:38:00,1.076927901,1.2829208923975803,-0.1677227298090361,-0.03827026158854441
1009,2021-10-07 03:08:00,1.02318163,1.2857815632089613,-0.08347057667697896,-0.17912935653198225
1010,2021-10-07 03:38:00,1.053760143,1.2890049165215718,-0.043408086392358596,-0.1918366871292132
1011,2021-10-07 04:08:00,1.032260285,1.292560248700568,-0.10441906307983366,-0.15588090062073445
1012,2021-10-07 04:38:00,1.075968867,1.2964063427268409,-0.04951812672639341,-0.17091934900044747
1013,2021-10-07 05:08:00,1.048927218,1.3004962245307266,-0.1017524393527971,-0.14981656717792946
1014,2021-10-07 05:38:00,1.181871673,1.3047803654659387,-0.057783595701999466,-0.06512509676393918
1015,2021-10-07 06:08:00,1.082590817,1.3092102876288971,-0.18724248526320666,-0.03937698536569045
1016,2021-10-07 06:38:00,1.303687404,1.3137423788447662,-0.016201469909036467,0.00614649506427023
1017,2021-10-07 07:08:00,1.138443198,1.3183397648270536,-0.1438869898824044,-0.036009576944649124
1018,2021-10-07 07:38:00,1.286568685,1.3229714246185753,0.07481807465047523,-0.1112208142690505
1019,2021-10-07 08:08:00,1.180371354,1.3276187084921118,-0.1092459909171625,-0.03800136357494921
1020,2021-10-07 08:38:00,1.467772662,1.3322725460374023,0.18958110754513335,-0.054080991582535765
1021,2021-10-07 09:08:00,1.263173858,1.3369372555480508,-0.03231948661745422,-0.041443910930596406
1022,2021-10-07 09:38:00,1.437797105,1.3416238668880551,0.1112939806112528,-0.015120742499307838
1023,2021-10-07 10:08:00,1.335539506,1.3463514082194041,0.03503842254944824,-0.045850324768852424
1024,2021-10-07 10:38:00,1.615550626,1.3511362814853929,0.14439725689061722,0.12001708762398988
1025,2021-10-07 11:08:00,1.422275296,1.3559971701283113,0.10562136683931034,-0.03934324096762154
1026,2021-10-07 11:38:00,1.691732824,1.3609444535231492,0.084377496922736,0.24641087355411484
1027,2021-10-07 12:08:00,1.49988438,1.365977973726752,0.63290966113126,-0.499003254858012
1028,2021-10-07 12:38:00,1.721739243,1.371083977757579,-0.035331179981049475,0.3859864452234705
1029,2021-10-07 13:08:00,1.586918492,1.3762446124435976,0.13873401345081732,0.071939866105585
1030,2021-10-07 13:38:00,1.584486574,1.3814291119978745,0.10927642343122265,0.09378103857090281
1031,2021-10-07 14:08:00,1.610261274,1.3865982541613924,0.12341466355744989,0.1002483562811578
1032,2021-10-07 14:38:00,1.665873393,1.3917065585059636,0.08420423629608155,0.1899625981979549
1033,2021-10-07 15:08:00,1.655876532,1.3967037325011782,0.1163546364910789,0.14281816300774297
1034,2021-10-07 15:38:00,1.572122903,1.4015376487198385,0.023847902179241397,0.14673735210091987
1035,2021-10-07 16:08:00,4.330387,1.4061588508742016,0.04919089954049685,2.8750372495853016
1036,2021-10-07 16:38:00,1.556274841,1.4105217142879873,-0.03604639851763601,0.1817995252296487
1037,2021-10-07 17:08:00,2.071813992,1.4145884464166547,0.0265390506613205,0.6306864949220248
1038,2021-10-07 17:38:00,1.635284473,1.4183306326532379,-0.1229467994892187,0.33990063983598073
1039,2021-10-07 18:08:00,2.057404864,1.421731635639983,-0.005773386030250692,0.641446614390268
1040,2021-10-07 18:38:00,1.545897447,1.4247833575621138,-0.05869874861861561,0.17981283805650183
1041,2021-10-07 19:08:00,2.050973343,1.427488371286989,-0.056838637408658896,0.6803236091216696
1042,2021-10-07 19:38:00,1.586656331,1.4298588932068577,0.025163564290429326,0.13163387350271294
1043,2021-10-07 20:08:00,2.037770499,1.431914667358468,-0.0916793631839694,0.6975351948255013
1044,2021-10-07 20:38:00,1.605544215,1.4336823958547853,0.014330219350799957,0.1575315997944149
1045,2021-10-07 21:08:00,2.043340718,1.4351920806841907,-0.12363096642334592,0.7317796037391551
1046,2021-10-07 21:38:00,1.512137067,1.4364710086155652,-0.17642665189056797,0.2520927102750028
1047,2021-10-07 22:08:00,1.577103906,1.4375437315686834,-0.031926242980025374,0.17148641741134196
1048,2021-10-07 22:38:00,1.621247835,1.43842570803958,-0.1727574431851293,0.3555795701455493
1049,2021-10-07 23:08:00,1.574296579,1.4391254398599607,-0.011270884071148271,0.1464420232111876
1050,2021-10-07 23:38:00,1.446610137,1.4396411167664802,-0.09820211544838381,0.10517113568190362
1051,2021-10-08 00:08:00,1.554439117,1.4399637519607849,0.11971106656593516,-0.005235701526719927
1052,2021-10-08 00:38:00,1.433068855,1.4400749023012245,-0.07604448014851121,0.06903843284728661
1053,2021-10-08 01:08:00,1.523721622,1.4361717683068136,0.08229231240938141,0.005257541283804956
1054,2021-10-08 01:38:00,1.372385543,1.4322350631868728,-0.13821232628751406,0.07836280610064139
1055,2021-10-08 02:08:00,1.477089887,1.4282853280361982,-0.0045614813951274525,0.05336604035892911
1056,2021-10-08 02:38:00,1.222103286,1.4243323090764832,-0.20915556148756526,0.00692653841108215
1057,2021-10-08 03:08:00,1.419083131,1.4203747761126073,-0.08365968927865867,0.08236804416605148
1058,2021-10-08 03:38:00,1.450944768,1.4164055677882619,-0.02740362542644199,0.06194282563818021
1059,2021-10-08 04:08:00,1.385022518,1.4124153649440263,-0.10819969206599671,0.08080684512197034
1060,2021-10-08 04:38:00,1.459959032,1.4083949871665864,-0.03014646637025635,0.08171051120367001
1061,2021-10-08 05:08:00,1.387692297,1.4043363810227625,-0.0983304950664177,0.08168641104365526
1062,2021-10-08 05:38:00,1.393200197,1.4002329189298424,-0.04629368062482323,0.03926095869498103
1063,2021-10-08 06:08:00,7.401424,1.3960793948833277,-0.22833651716761202,6.233681122284285
1064,2021-10-08 06:38:00,1.377895545,1.3918719740265681,-0.01568295069470866,0.0017065216681406703
1065,2021-10-08 07:08:00,6.451393,1.3876080671716415,-0.17047132290620462,5.2342562557345635
1066,2021-10-08 07:38:00,1.507124963,1.3832860879551976,0.07978858925478431,0.04405028579001824
1067,2021-10-08 08:08:00,3.005991644,1.3789052058286342,-0.13043218770178766,1.7575186258731534
1068,2021-10-08 08:38:00,1.623170393,1.374465101612397,0.22186965847285567,0.026835632914747443
1069,2021-10-08 09:08:00,3.030595304,1.3699658997030395,-0.037339940808052294,1.6979693451050129
1070,2021-10-08 09:38:00,1.485384031,1.365408042577042,0.11115604294533578,0.008819945477622104
1071,2021-10-08 10:08:00,3.034227447,1.3607922451612853,0.039487891267537226,1.6339473105711775
1072,2021-10-08 10:38:00,1.457372941,1.3561194262401064,0.14694988962783195,-0.04569637486793843
1073,2021-10-08 11:08:00,3.043394982,1.3513906866461194,0.12175904399455219,1.5702452513593284
1074,2021-10-08 11:38:00,1.319270727,1.346607322304758,0.0476454637558551,-0.07498205906061317
1075,2021-10-08 12:08:00,2.307286009,1.341770750871989,0.8867238496794776,0.07879140844853327
1076,2021-10-08 12:38:00,1.309531764,1.3368825157853346,-0.028139704348173186,0.0007889525628386185
1077,2021-10-08 13:08:00,1.438945971,1.331944087222606,0.145993239029447,-0.038991355252052884
1078,2021-10-08 13:38:00,1.405533258,1.326956934351924,0.12099944544213038,-0.0424231217940545
1079,2021-10-08 14:08:00,1.395418544,1.3219226056206996,0.1218703526022889,-0.04837441422298849
1080,2021-10-08 14:38:00,1.273115075,1.316842733919889,0.05330907596089739,-0.09703673488078635
1081,2021-10-08 15:08:00,1.352964753,1.3117190458348,0.1017684719661455,-0.06052276480094565
1082,2021-10-08 15:38:00,1.300287566,1.3065533974682702,0.03860596322293587,-0.04487179469120606
1083,2021-10-08 16:08:00,1.321547678,1.3013477266594544,0.020393537718110397,-0.0001935863775648361
1084,2021-10-08 16:38:00,1.268840813,1.2961039944075008,-0.004386106618244345,-0.02287707478925638
1085,2021-10-08 17:08:00,1.311461695,1.2908241156632518,0.011257149162149305,0.009380430174598775
1086,2021-10-08 17:38:00,1.186280976,1.2855099651521091,-0.12988077739438353,0.030651788242274325
1087,2021-10-08 18:08:00,1.286811537,1.2801633252894933,-0.004287316471205336,0.010935528181712062
1088,2021-10-08 18:38:00,1.206285713,1.2747858486232861,-0.05989742490883157,-0.00860271071445462
1089,2021-10-08 19:08:00,1.246962029,1.2693790925246875,-0.04487584297159031,0.022458779446902888
1090,2021-10-08 19:38:00,1.1776001,1.2639445481240814,-0.017753451452406442,-0.0685909966716749
1091,2021-10-08 20:08:00,1.227859034,1.258483633888828,-0.07633571965381379,0.045711119764985764
1092,2021-10-08 20:38:00,1.115562127,1.2529977870895552,-0.04848309879716999,-0.08895256129238516
1093,2021-10-08 21:08:00,1.190913946,1.2474883622314614,-0.11668412963983467,0.06010971340837323
1094,2021-10-08 21:38:00,1.044671929,1.241956747237332,-0.20368940639129537,0.006404588153963164
1095,2021-10-08 22:08:00,1.146080169,1.2364041864650983,-0.05482994841817664,-0.03549406904692165
1096,2021-10-08 22:38:00,1.078971508,1.2308318351730405,-0.1995734791532525,0.047713151980211865
1097,2021-10-08 23:08:00,1.124618275,1.225240824626603,-0.04627441523220262,-0.05434813439440056
1098,2021-10-08 23:38:00,1.08175978,1.2196321687704277,-0.1313069292969815,-0.006565459473446111
