Event_No,Datetime,Y_Acc_Filtered_RMS_observed,Y_Acc_Filtered_RMS_trend,Y_Acc_Filtered_RMS_seasonal,Y_Acc_Filtered_RMS_resid
571,2021-09-28 00:08:00,24.8764425,16.311980800836043,6.795363933632748,1.7690977655312103
572,2021-09-28 00:38:00,20.97886761,16.413143481745816,3.8033781248331433,0.7623460034210403
573,2021-09-28 01:08:00,21.37208808,16.51425329027044,4.045238884218784,0.8125959055107792
574,2021-09-28 01:38:00,19.28592499,16.61529705366433,2.5380445493676334,0.13258338696803662
575,2021-09-28 02:08:00,18.7881827,16.716259161728065,2.63478362162744,-0.5628600833555062
576,2021-09-28 02:38:00,19.1832437,16.817123100747732,2.4588300360263564,-0.09270943677408994
577,2021-09-28 03:08:00,19.17387101,16.917872822769866,1.916107027056641,0.33989116017349374
578,2021-09-28 03:38:00,19.08590968,17.0184920633937,1.830596927736158,0.2368206888701394
579,2021-09-28 04:08:00,18.19637042,17.118963444017268,1.6905989714217788,-0.6131919954390455
580,2021-09-28 04:38:00,17.70125439,17.219268827910955,0.8816928756340512,-0.399707313545008
581,2021-09-28 05:08:00,16.46551441,17.31939072306099,0.024323701697471767,-0.8782000147584625
582,2021-09-28 05:38:00,16.50533072,17.419312522977894,-0.012211555249842184,-0.9017702477280523
583,2021-09-28 06:08:00,15.39555369,17.519019239898384,-1.1607595807082507,-0.9627059691901323
584,2021-09-28 06:38:00,14.65085184,17.61849782834726,-1.9442428515762231,-1.0234031367710372
585,2021-09-28 07:08:00,15.32879782,17.71773740004485,-1.0559822869362752,-1.3329572931085742
586,2021-09-28 07:38:00,15.39331222,17.81672956003921,-3.443145484097001,1.0197281440577903
587,2021-09-28 08:08:00,14.57901769,17.9154681398058,-3.0829777903013293,-0.25347265950447095
588,2021-09-28 08:38:00,14.18408315,18.01394641076615,-4.048305545094523,0.21844228432837198
589,2021-09-28 09:08:00,14.4496569,18.112157940571446,-2.933507698991921,-0.7289933415795247
590,2021-09-28 09:38:00,13.82690074,18.21009677353952,-3.1832835192183513,-1.19991251432117
591,2021-09-28 10:08:00,13.37272821,18.307758899918635,-4.04440838006619,-0.8906223098524464
592,2021-09-28 10:38:00,12.94695172,18.405143366241965,-5.069039396156495,-0.38915225008546983
593,2021-09-28 11:08:00,13.53157727,18.502252124200545,-4.046073937930579,-0.9246009162699664
594,2021-09-28 11:38:00,13.82330187,18.59908968287986,-3.698642464191855,-1.0771453486880063
595,2021-09-28 12:08:00,13.95540583,18.695664075070255,-3.838015992263732,-0.9022422528065235
596,2021-09-28 12:38:00,16.55235287,18.7919876725298,-2.074288602661394,-0.16534619986840582
597,2021-09-28 13:08:00,18.15852239,18.888077301677303,-1.2454519390220988,0.5158970273447991
598,2021-09-28 13:38:00,18.21436682,18.983953411612383,-1.5058075835233737,0.7362209919109901
599,2021-09-28 14:08:00,20.3490844,19.07963913926393,0.6301636475113924,0.6392816132246786
600,2021-09-28 14:38:00,18.82559784,19.175160112203976,-0.11007280984092419,-0.2394894623630499
601,2021-09-28 15:08:00,19.65774185,19.27054527003874,0.34765495376719374,0.03954162619406887
602,2021-09-28 15:38:00,20.98259966,19.36582889825793,0.2965540983142564,1.3202166634278143
603,2021-09-28 16:08:00,20.17433441,19.461050951174574,-0.647739245800721,1.3610227046261478
604,2021-09-28 16:38:00,20.97716966,19.55625555718859,0.5518512430177789,0.8690628597936332
605,2021-09-28 17:08:00,22.02931097,19.651491203281033,1.6609611287583572,0.7168586379606126
606,2021-09-28 17:38:00,22.01069346,19.74681244599791,0.8624190715799471,1.4014619424221415
607,2021-09-28 18:08:00,22.19883229,19.842281198939624,1.359815057573442,0.9967360334869326
608,2021-09-28 18:38:00,20.67175214,19.937966711436125,0.22427737315970325,0.5095080554041687
609,2021-09-28 19:08:00,20.77680933,20.0339471679526,0.3702660791980599,0.37259608284933776
610,2021-09-28 19:38:00,21.23882704,20.130311684961296,0.03582205866377257,1.0726932963749327
611,2021-09-28 20:08:00,21.61278103,20.227159704887214,0.5535856953586858,0.8320356297541025
612,2021-09-28 20:38:00,23.87077207,20.324594327268912,1.8675348223288886,1.6786429204022006
613,2021-09-28 21:08:00,23.42227409,20.42270771102811,1.85970626844643,1.1398601105254578
614,2021-09-28 21:38:00,23.1965272,20.52154771604057,1.832698980169217,0.8422805037902137
615,2021-09-28 22:08:00,23.33724024,20.62105927852613,1.8589050938330618,0.8572758676408085
616,2021-09-28 22:38:00,22.01711878,20.72099008925353,0.6649576325078682,0.6311710582386034
617,2021-09-28 23:08:00,21.84161039,20.820775065412114,1.551421991015144,-0.5305866664272578
618,2021-09-28 23:38:00,22.0844617,20.88831510204951,1.1354207763817536,0.06072582156873452
619,2021-09-29 00:08:00,22.46995495,20.949657902079288,3.3473193911313097,-1.8270223432105972
620,2021-09-29 00:38:00,21.96455244,21.004504310020966,2.0297068677912797,-1.0696587378122473
621,2021-09-29 01:08:00,21.85717738,21.052692428693515,2.16858559273493,-1.364100641428447
622,2021-09-29 01:38:00,22.08436883,21.094153032331633,1.5025586042355283,-0.5123428065671618
623,2021-09-29 02:08:00,23.17236826,21.12886359101255,1.6578181253808237,0.38568654360662435
624,2021-09-29 02:38:00,21.91946108,21.156868620893196,1.43026900660589,-0.6676765474990844
625,2021-09-29 03:08:00,20.91019933,21.178296354551055,0.9041245006216634,-1.1722215251727164
626,2021-09-29 03:38:00,21.22199628,21.1933622591768,0.5695887249830967,-0.5409547041598977
627,2021-09-29 04:08:00,23.10716065,21.20235579206616,1.020044699225855,0.8847601587079836
628,2021-09-29 04:38:00,21.74793403,21.205636157327138,0.21664833742111372,0.325649535251749
629,2021-09-29 05:08:00,22.03381649,21.20358953771548,-0.052485284400710985,0.8827122366852294
630,2021-09-29 05:38:00,22.62023237,21.19658794024099,-0.02790918880134842,1.4515536185603608
631,2021-09-29 06:08:00,21.88525717,21.184971140534852,-1.0957776319702888,1.7960636614354364
632,2021-09-29 06:38:00,22.22428443,21.16904903665082,-1.2967931073062837,2.3520285006554644
633,2021-09-29 07:08:00,23.31296425,21.149102807961697,-0.6829071750593683,2.8467686170976734
634,2021-09-29 07:38:00,22.40390867,21.125401726747423,0.8811282953051647,0.39737864794741284
635,2021-09-29 08:08:00,21.61988403,21.09818635919762,-0.7130225731198097,1.2347202439221903
636,2021-09-29 08:38:00,21.38682345,21.067673253409815,-0.7734315560805579,1.0925817526707426
637,2021-09-29 09:08:00,23.63613247,21.034050403077952,-0.3017197038038164,2.903801770725863
638,2021-09-29 09:38:00,23.56687016,20.99745361422376,-0.955923325253186,3.5253398710294235
639,2021-09-29 10:08:00,23.09609266,20.95794829382934,-1.5332302438845482,3.67137461005521
640,2021-09-29 10:38:00,25.87691383,20.915534136303332,-2.41051587242145,7.371895566118116
641,2021-09-29 11:08:00,23.42685614,20.870144044674387,-2.0024023820674297,4.559114477393045
642,2021-09-29 11:38:00,23.65125683,20.821652733100294,-2.0134003144811374,4.843004411380846
643,2021-09-29 12:08:00,23.69681073,20.769881783185156,-2.0484041128591284,4.9753330596739715
644,2021-09-29 12:38:00,21.6315942,20.71461674733432,-1.142908293272066,2.059885745937745
645,2021-09-29 13:08:00,20.84759033,20.65563356616082,-0.9799336785683879,1.171890442407566
646,2021-09-29 13:38:00,20.4483185,20.592719201919955,-1.006542402213344,0.8621417002933889
647,2021-09-29 14:08:00,20.81297912,20.52566702916953,-0.4848946272870678,0.7722067181175412
648,2021-09-29 14:38:00,21.30723815,20.45425648164862,-0.514498731045873,1.3674803993972517
649,2021-09-29 15:08:00,20.12776522,20.378260121002906,-0.5525499782443608,0.3020550772414552
650,2021-09-29 15:38:00,19.6199247,20.29748583527841,-0.5637155158442626,-0.1138456194341515
651,2021-09-29 16:08:00,19.03242688,20.211832123389257,-1.3163525657585682,0.13694732236930918
652,2021-09-29 16:38:00,19.88674596,20.12130786688701,-0.688889609304437,0.4543277024174266
653,2021-09-29 17:08:00,20.03129959,20.026040906725942,0.45435301917238824,-0.44909433589833014
654,2021-09-29 17:38:00,19.26349449,19.9262047209131,-0.28135818541463953,-0.3813520454984598
655,2021-09-29 18:08:00,20.36059966,19.821976532346753,0.30760648816401615,0.2310166394892299
656,2021-09-29 18:38:00,18.7614771,19.713499309039612,-0.17478654771523963,-0.7772356613243723
657,2021-09-29 19:08:00,19.33940944,19.6008735076649,-0.22785846573916796,-0.03360560192573203
658,2021-09-29 19:38:00,17.53280593,19.48423416102141,-0.07747378604343466,-1.8739544449779757
659,2021-09-29 20:08:00,18.70096435,19.363886498826584,0.21482344563138414,-0.87774559445797
660,2021-09-29 20:38:00,18.4599012,19.24040577858355,1.4427377800541117,-2.2232423586376626
661,2021-09-29 21:08:00,18.8051397,19.11438034115752,1.807559454402457,-2.1168000955599773
662,2021-09-29 21:38:00,19.01901258,18.986366827539914,1.6692548081885459,-1.63660905572846
663,2021-09-29 22:08:00,19.05007215,18.856923575534793,1.0260680320417637,-0.8329194575765584
664,2021-09-29 22:38:00,18.40650149,18.726629600515224,0.2611161348563902,-0.5812442453716145
665,2021-09-29 23:08:00,20.54390981,18.596081682576507,0.8869465408411535,1.0608815865823367
666,2021-09-29 23:38:00,18.76815869,18.465904430910967,0.031172071069449026,0.2710821880195837
667,2021-09-30 00:08:00,17.9103741,18.336721899894105,0.4947430352956151,-0.9210908351897231
668,2021-09-30 00:38:00,18.89880655,18.209158220896303,0.40032769725892337,0.28932063184477386
669,2021-09-30 01:08:00,19.12862586,18.083834728207506,0.3702786926719609,0.6745124391205337
670,2021-09-30 01:38:00,19.28355623,17.961367766049378,0.335461044795506,0.9867274191551161
671,2021-09-30 02:08:00,19.3920325,17.842363681757615,0.3542783362524552,1.1953904819899286
672,2021-09-30 02:38:00,19.7527431,17.72737913793858,0.03535032309247216,1.9900136389689465
673,2021-09-30 03:08:00,18.98849723,17.616887090289893,-0.32388769881404966,1.6954978385241581
674,2021-09-30 03:38:00,17.55298675,17.511268209107502,-0.7604312650445298,0.8021498059370273
675,2021-09-30 04:08:00,18.02262964,17.41082048659243,0.1626074134269644,0.4492017399806052
676,2021-09-30 04:38:00,17.55692237,17.315752879545947,-0.6822813263701825,0.9234508168242357
677,2021-09-30 05:08:00,17.88462384,17.22618954027312,-0.5177617421971306,1.1761960419240118
678,2021-09-30 05:38:00,17.14140668,17.142174276172273,-0.25120573994352474,0.25043814377125173
679,2021-09-30 06:08:00,15.75513939,17.063674202060565,-1.170660467584413,-0.13787434447615254
680,2021-09-30 06:38:00,15.08695474,16.990587463015753,-0.7731042909181955,-1.1305284320975577
681,2021-09-30 07:08:00,15.86961988,16.922742054458645,-0.4219296204167658,-0.6311925540418777
682,2021-09-30 07:38:00,15.85596977,16.859898314133723,5.383801330716204,-6.387729874849928
683,2021-09-30 08:08:00,16.06994355,16.801818001832835,1.5131544951363403,-2.2450289469691747
684,2021-09-30 08:38:00,14.56739728,16.748436195619362,2.4745323678168374,-4.655571283436199
685,2021-09-30 09:08:00,15.36567204,16.700230496444025,2.341187039133612,-3.6757454955776367
686,2021-09-30 09:38:00,14.86863558,16.659965720664587,1.1576549331841934,-2.9489850738487817
687,2021-09-30 10:08:00,14.9736902,16.63289790669497,1.089099834900229,-2.7483075415951994
688,2021-09-30 10:38:00,14.05465892,16.62734425781768,0.3226938396322084,-2.895379177449888
689,2021-09-30 11:08:00,14.08829951,16.655048566031358,0.20033072849827244,-2.7670797845296295
690,2021-09-30 11:38:00,13.93815058,16.730672723519508,-0.21050203499423978,-2.582020108525267
691,2021-09-30 12:08:00,13.30407277,16.871011447592664,-0.11782303379492123,-3.449115643797743
692,2021-09-30 12:38:00,13.3081034,17.09298411698497,-0.11096762256476246,-3.6739130944202056
693,2021-09-30 13:08:00,13.39954779,17.41047070241659,-0.5578743219054321,-3.453048590511157
694,2021-09-30 13:38:00,13.67045231,17.830903887872324,-0.36506679713644297,-3.7953847807358816
695,2021-09-30 14:08:00,15.19728866,18.35255676105382,-1.4033101867352888,-1.751957914318531
696,2021-09-30 14:38:00,16.65629424,18.963729058340306,-0.8464516059662264,-1.460983212374078
697,2021-09-30 15:08:00,18.35634556,19.644479897162093,-1.3985632922338982,0.11042895507180717
698,2021-09-30 15:38:00,14.99303139,20.37026250108977,-1.3196719939392187,-4.05755911715055
699,2021-09-30 16:08:00,14.11481239,21.116107289791152,-1.7971629687124135,-5.204131931078738
700,2021-09-30 16:38:00,13.19828599,21.8604729288633,-1.7609641182378908,-6.901222820625408
701,2021-09-30 17:08:00,13.29739565,22.587273302847837,-0.7272845951097348,-8.562593057738102
702,2021-09-30 17:38:00,16.07123071,23.286382164564493,-1.323601031233197,-5.891550423331299
703,2021-09-30 18:08:00,20.02306228,23.952828676620495,-0.632316144771177,-3.297450251849316
704,2021-09-30 18:38:00,25.52455024,24.585572568539302,-0.5101278505259441,1.4491055219866418
705,2021-09-30 19:08:00,37.70694779,25.186385326742073,-0.7275163604384037,13.248078823696328
706,2021-09-30 19:38:00,44.10513882,25.758836333071756,-0.2823706408229687,18.628673127751213
707,2021-09-30 20:08:00,50.72992677,26.307359595896838,-0.07514408957591276,24.497711263679076
708,2021-09-30 20:38:00,56.52244493,26.83643079759867,1.037477874434753,28.64853625796658
709,2021-09-30 21:08:00,60.06191224,27.350358993918707,1.6315131281037512,31.080040117977543
710,2021-09-30 21:38:00,61.82100193,27.85327237549706,1.3952221906923474,32.5725073638106
711,2021-09-30 22:08:00,63.04649126,28.348872164807055,0.28824174271991665,34.40937735247303
712,2021-09-30 22:38:00,64.02305917,28.84049512397801,-0.08316301323451206,35.2657270592565
713,2021-09-30 23:08:00,59.1073297,29.331398537308303,0.3025023593337966,29.473428803357905
714,2021-09-30 23:38:00,54.42325263,29.824661184490825,-0.9726854933750912,25.571276938884264
715,2021-10-01 00:08:00,55.14649125,30.323101719019842,-1.327497744177123,26.150887275157277
716,2021-10-01 00:38:00,53.30414357,30.82920576788787,-0.8167207886474855,23.291658590759617
717,2021-10-01 01:08:00,54.43856955,31.34505320641137,-1.0594547568015766,24.152971100390204
718,2021-10-01 01:38:00,51.15105353,31.87227285268583,-0.8135453958106987,20.09232607312487
719,2021-10-01 02:08:00,51.02694674,32.41202936697677,-1.2687862209586795,19.883703593981913
720,2021-10-01 02:38:00,48.82986044,32.96503757744213,-1.5703935497988053,17.435216412356674
721,2021-10-01 03:08:00,50.72450691,33.53159715135036,-1.5347692243372126,18.727678982986852
722,2021-10-01 03:38:00,47.44064545,34.11162348469126,-1.9853537719636023,15.314375737272343
723,2021-10-01 04:08:00,50.18984056,34.704692406697546,-0.9067612883847975,16.391909441687254
724,2021-10-01 04:38:00,49.2763729,35.310148232094,-1.7774608264076623,15.74368549431366
725,2021-10-01 05:08:00,45.82585918,35.927237821420825,-1.4271372971283658,11.325758655707546
726,2021-10-01 05:38:00,47.96228957,36.55520558315916,-0.7763355756832762,12.183419562524122
727,2021-10-01 06:08:00,50.1317592,37.193369337014474,-1.5012847990992109,14.439674662084734
728,2021-10-01 06:38:00,46.78674294,37.841126235065325,-0.6237730054776913,9.569389710412374
729,2021-10-01 07:08:00,50.59846014,38.4979156162057,-0.48451915331956696,12.585063677113865
730,2021-10-01 07:38:00,49.52991072,39.162644224799784,10.08552080612686,0.28174568907335384
731,2021-10-01 08:08:00,48.45357401,39.83368260838943,3.3136862769941717,5.3062051246163975
732,2021-10-01 08:38:00,49.77248419,40.508528115065054,5.461979057910367,3.8019770170245764
733,2021-10-01 09:08:00,48.21554541,41.18368907807038,4.6553916645439575,2.3764646673856618
734,2021-10-01 09:38:00,48.42044229,41.85491939185562,2.700106496712633,3.8654164014317445
735,2021-10-01 10:08:00,46.22463183,42.516766292439385,3.5228933866257197,0.18497215093489672
736,2021-10-01 10:38:00,47.20425256,43.162378158402255,2.8538083869649764,1.188066014632767
737,2021-10-01 11:08:00,45.62890924,43.78358277033636,2.234754665196908,-0.3894281955332701
738,2021-10-01 11:38:00,45.89290705,44.37145345523944,1.3674040015196542,0.15404959324090584
739,2021-10-01 12:08:00,47.02124158,44.91762811540905,1.6002543918954597,0.5033590726954884
740,2021-10-01 12:38:00,47.88082069,45.41565489876484,0.8282316747024325,1.6369341165327285
741,2021-10-01 13:08:00,46.77773001,45.86210583603753,-0.09129272634645158,1.006916900308923
742,2021-10-01 13:38:00,47.55189139,46.25718389428965,0.29753601959714826,0.997171476113202
743,2021-10-01 14:08:00,43.59507599,46.604179005357466,-2.1385677945822517,-0.8705352207752171
744,2021-10-01 14:38:00,46.93927835,46.90788495129727,-1.1545898893668591,1.1859832880695933
745,2021-10-01 15:08:00,45.14693384,47.17310955259913,-2.1000916886489787,0.07391597604985378
746,2021-10-01 15:38:00,47.78371683,47.404025368651,-2.0226301548835295,2.402321616232534
747,2021-10-01 16:08:00,45.91362111,47.60409903512875,-2.22987993865807,0.539402013529326
748,2021-10-01 16:38:00,45.04399892,47.77612501326281,-2.8939974731319467,0.16187137986913314
749,2021-10-01 17:08:00,47.40504901,47.92236557626114,-1.835197083730543,1.3178805174693977
750,2021-10-01 17:38:00,48.44634005,48.04506300489298,-2.3577343394982377,2.759011384605259
751,2021-10-01 18:08:00,48.72954942,48.147108883856724,-1.530710381497047,2.1131509176403185
752,2021-10-01 18:38:00,45.98850564,48.2316886755767,-0.6198846369785864,-1.6232983985981093
753,2021-10-01 19:08:00,46.65062408,48.30177397914997,-1.1750913736626176,-0.4760585254873533
754,2021-10-01 19:38:00,50.79062224,48.359903075849964,-0.16249826062486328,2.593217424774899
755,2021-10-01 20:08:00,48.44909983,48.40825886999183,-0.23408797448341662,0.27492893449158373
756,2021-10-01 20:38:00,50.0660601,48.448678640054865,0.7942487684878878,0.8231326914572463
757,2021-10-01 21:08:00,56.20356414,48.482509870901524,1.843075073740168,5.877979195358307
758,2021-10-01 21:38:00,54.66809802,48.510641134286246,1.470990179364898,4.68646670634886
759,2021-10-01 22:08:00,60.26110882,48.53362277761796,-0.4626975396636741,12.190183582045712
760,2021-10-01 22:38:00,66.37657271,48.551753764648005,-0.353110420298166,18.177929365650165
761,2021-10-01 23:08:00,60.39403325,48.56513847893791,-0.1474931523507928,11.97638792341288
762,2021-10-01 23:38:00,67.54723013,48.57378657697033,-1.927020632433793,20.90046418546347
763,2021-10-02 00:08:00,62.64435129,48.57770810393416,-1.9663982137667062,16.033041399832555
764,2021-10-02 00:38:00,63.53622198,48.576962084653545,-1.7225053228118812,16.681765218158333
765,2021-10-02 01:08:00,65.77499833,48.57165478606825,-2.1030204922341182,19.306364036165874
766,2021-10-02 01:38:00,68.77997226,48.5619431630555,-2.216444318603014,22.4344734155475
767,2021-10-02 02:08:00,71.88489795,48.54801435110819,-3.2747553279077155,26.611638926799515
768,2021-10-02 02:38:00,67.35603487,48.530088281154704,-3.4250051117160356,22.25095170056133
769,2021-10-02 03:08:00,67.75036718,48.508430465141444,-3.0911477361165995,22.33308445097515
770,2021-10-02 03:38:00,69.01207268,48.48334977886873,-3.559693605151678,24.088416506282954
771,2021-10-02 04:08:00,68.36633657,48.455152511860824,-2.86004051877584,22.771224576915024
772,2021-10-02 04:38:00,68.55541352,48.424110089873444,-3.7538880611705214,23.885191491297086
773,2021-10-02 05:08:00,71.53417125,48.390461836259114,-3.2855658075063734,26.42927522124726
774,2021-10-02 05:38:00,69.66217969,48.354441081703015,-2.4095729422665157,23.717311550563508
775,2021-10-02 06:08:00,73.35775427,48.31635263782095,-2.4028332781881803,27.444234910367236
776,2021-10-02 06:38:00,72.85826578,48.276723884860274,-0.4746219864350187,25.056163881574747
777,2021-10-02 07:08:00,73.94251964,48.23640520957486,-0.5054775447069039,26.211591975132045
778,2021-10-02 07:38:00,65.43697714,48.196088999297224,17.446218793260552,-0.20533065255778382
779,2021-10-02 08:08:00,68.50489521,48.15650850581824,4.460380314042322,15.888006390139438
780,2021-10-02 08:38:00,62.59937155,48.11845947584017,7.54082909418887,6.94008297997096
781,2021-10-02 09:08:00,62.4275853,48.08270770243778,6.361712243499599,7.983165354062621
782,2021-10-02 09:38:00,62.19362498,48.0500650214417,3.5981649929061827,10.545394965652115
783,2021-10-02 10:08:00,58.72238903,48.02094113509126,5.668968379681458,5.03247951522728
784,2021-10-02 10:38:00,57.55150357,47.99516600492675,4.809748523329162,4.7465890417440875
785,2021-10-02 11:08:00,57.43566317,47.971643144845764,4.311701632213591,5.152318392940643
786,2021-10-02 11:38:00,56.94029237,47.948057577733266,2.6613294389870057,6.330905353279732
787,2021-10-02 12:08:00,54.06672876,47.920703632307536,3.4745650242743356,2.671460103418127
788,2021-10-02 12:38:00,51.16414976,47.884559483001034,2.1047920011711807,1.1747982758277828
789,2021-10-02 13:08:00,49.5181966,47.833425636465016,1.5073002079976572,0.17747075553732827
790,2021-10-02 13:38:00,51.48415781,47.7603277705478,1.5280618171075226,2.1957682223446753
791,2021-10-02 14:08:00,46.90550398,47.65811169453422,-1.6714406172740512,0.9188329027398296
792,2021-10-02 14:38:00,46.06961864,47.52054596248878,-1.0467878567972755,-0.4041394656915074
793,2021-10-02 15:08:00,44.50400996,47.34332841514641,-2.4544249623440946,-0.38489349280231977
794,2021-10-02 15:38:00,45.99813879,47.12513248194532,-2.0820793400395146,0.9550856480941903
795,2021-10-02 16:08:00,48.92470285,46.867543878372445,-1.977602577470041,4.0347615490976025
796,2021-10-02 16:38:00,45.17717138,46.5744855671982,-2.7590278308940066,1.3617136436958006
797,2021-10-02 17:08:00,43.99921768,46.251564434046806,-2.725233322952626,0.47288656890582104
798,2021-10-02 17:38:00,43.27731381,45.905379571992725,-2.282187584742289,-0.3458781772504338
799,2021-10-02 18:08:00,44.57221098,45.54251663372831,-2.002245594822315,1.0319399410940022
800,2021-10-02 18:38:00,46.18825792,45.16856189580396,-0.8171328260473549,1.8368288502433927
801,2021-10-02 19:08:00,44.05943015,44.78780632065974,-0.9087314092899106,0.18035523863017033
802,2021-10-02 19:38:00,43.58158442,44.40341631126128,-0.44383865509055,-0.377993236170731
803,2021-10-02 20:08:00,44.47320537,44.017353716176096,0.5165159236528267,-0.06066426982891926
804,2021-10-02 20:38:00,45.08921565,43.630593631531696,1.6419769888733353,-0.18335497040503412
805,2021-10-02 21:08:00,43.15531772,43.24366937896734,2.335064220307416,-2.4234158792747564
806,2021-10-02 21:38:00,41.14346985,42.85678895157813,1.7583070005832098,-3.4716261021613377
807,2021-10-02 22:08:00,41.8470148,42.4700597834393,-0.32824524906936403,-0.29479973436993845
808,2021-10-02 22:38:00,42.43983916,42.08354853115315,0.3500558967813241,0.006234732065529158
809,2021-10-02 23:08:00,40.44967006,41.69728947384298,-0.9222775149135027,-0.32534189892947296
810,2021-10-02 23:38:00,38.1621582,41.31131363713573,-3.0268747241088554,-0.12228071302687482
811,2021-10-03 00:08:00,38.04523659,40.92568134786536,-2.2430740159043716,-0.6373707419609858
812,2021-10-03 00:38:00,37.73713546,40.54048320914091,-2.287721825709995,-0.5156259234309175
813,2021-10-03 01:08:00,36.29357996,40.15584552678437,-3.7754782717622293,-0.086787295022134
814,2021-10-03 01:38:00,36.14885957,39.771929722094264,-4.153862395011582,0.5307922429173146
815,2021-10-03 02:08:00,33.9004525,39.38894642936509,-5.73019917227394,0.24170524290884998
816,2021-10-03 02:38:00,32.62665055,39.00714793592797,-6.344474380734752,-0.036023005193214885
817,2021-10-03 03:08:00,33.50086527,38.6267955550125,-5.297068267017996,0.17113798200549724
818,2021-10-03 03:38:00,33.50742758,38.248120219870785,-4.8959500519234185,0.15525741205263444
819,2021-10-03 04:08:00,34.58881366,37.871346686708144,-3.557984612058116,0.2754515853499697
820,2021-10-03 04:38:00,32.86341568,37.49673152083052,-5.135147699163391,0.5018318583328707
821,2021-10-03 05:08:00,32.77440475,37.12456281569138,-4.965006378450368,0.6148483127589941
822,2021-10-03 05:38:00,34.78243163,36.7551611656861,-2.7602216640715618,0.787492128385459
823,2021-10-03 06:08:00,34.46360301,36.38886959112999,-2.451261906817885,0.5259953256878944
824,2021-10-03 06:38:00,35.5613856,36.02603509189176,0.26043392854205116,-0.7250834204338048
825,2021-10-03 07:08:00,35.66235017,35.66696893220498,0.2694064622682583,-0.27402522447323463
826,2021-10-03 07:38:00,37.19524734,35.311823051734265,18.01512315185238,-16.131698863586642
827,2021-10-03 08:08:00,39.02868238,34.96060556366007,4.357279350502659,-0.289202534162726
828,2021-10-03 08:38:00,40.84281236,34.61323421730918,7.2678066990694585,-1.038228556378634
829,2021-10-03 09:08:00,40.3880552,34.269572049505825,6.974650502509228,-0.8561673520150563
830,2021-10-03 09:38:00,37.19347259,33.92944217111704,3.574751398525714,-0.3107209796427526
831,2021-10-03 10:08:00,39.23715626,33.59267024126952,7.055279099069046,-1.4107930803385713
832,2021-10-03 10:38:00,37.23404397,33.259111971596504,5.339934377578113,-1.3650023791746158
833,2021-10-03 11:08:00,37.45297927,32.92867450038734,5.974962108083558,-1.4506573384708972
834,2021-10-03 11:38:00,34.70558328,32.60131802150565,3.4431338198716968,-1.3388685613773461
835,2021-10-03 12:08:00,35.86167625,32.277039287956555,4.675062664409555,-1.0904257023661081
836,2021-10-03 12:38:00,33.96832222,31.955841182408207,2.6041174692632953,-0.5916364316715033
837,2021-10-03 13:08:00,34.52883294,31.63771465806439,3.192870096890624,-0.30175181495501135
838,2021-10-03 13:38:00,32.20122661,31.322664983679775,1.8453334535128099,-0.9667718271925878
839,2021-10-03 14:08:00,29.82628057,31.010697741742426,-0.4996295783375778,-0.6847875934048453
840,2021-10-03 14:38:00,29.74559376,30.701794240444794,-0.8208913793738766,-0.13530910107091998
841,2021-10-03 15:08:00,27.96282023,30.395915294167015,-2.204362416075475,-0.22873264809154037
842,2021-10-03 15:38:00,26.13733167,30.093038885024953,-3.4242276018647044,-0.5314796131602506
843,2021-10-03 16:08:00,25.38651297,29.793198258183658,-2.9651355426796995,-1.4415497455039592
844,2021-10-03 16:38:00,25.94647232,29.49647841952646,-2.746802054758178,-0.8032040447682824
845,2021-10-03 17:08:00,24.20107504,29.203009006230808,-4.488313009735524,-0.5136209564952843
846,2021-10-03 17:38:00,25.68681747,28.91296182371628,-3.1062526598431246,-0.11989169387315357
847,2021-10-03 18:08:00,24.55598264,28.626573820950895,-4.051557068166699,-0.019034112784197532
848,2021-10-03 18:38:00,26.43188507,28.344150632882695,-0.7867619886468221,-1.1255035742358714
849,2021-10-03 19:08:00,27.61034859,28.06604202948646,0.03098928206630508,-0.48668272155276426
850,2021-10-03 19:38:00,24.08143322,27.79263158915351,-2.033343883301731,-1.6778544858517748
851,2021-10-03 20:08:00,26.38639228,27.524332093712015,3.0515196260253283,-4.189459439737345
852,2021-10-03 20:38:00,27.33696582,27.261536109368457,3.4790756444367634,-3.4036459338052225
853,2021-10-03 21:08:00,26.60416999,27.004918086169923,1.6594936336582258,-2.0602417298281495
854,2021-10-03 21:38:00,26.88734277,26.756793520785333,1.2733975135815585,-1.14284826436689
855,2021-10-03 22:08:00,26.10171566,26.521602463084555,-0.5236533166029242,0.10376651351836941
856,2021-10-03 22:38:00,24.4886774,26.306133071061478,-1.0811864690050084,-0.7362692020564694
857,2021-10-03 23:08:00,25.41502774,26.119629828403983,-0.34865229140360043,-0.35594979700038465
858,2021-10-03 23:38:00,23.55548008,25.97341037740195,-1.7004978834513538,-0.717432413950597
859,2021-10-04 00:08:00,24.24133315,25.879836858489305,-2.1239033594785837,0.48539965098927595
860,2021-10-04 00:38:00,22.55835561,25.85038108230911,-3.704125528014429,0.41210005570532005
861,2021-10-04 01:08:00,22.67310358,25.892650220679,-2.5786605690522904,-0.64088607162671
862,2021-10-04 01:38:00,20.1455717,26.00844828211682,-3.0320003061403655,-2.830876275976454
863,2021-10-04 02:08:00,18.66570105,26.19260648184011,-5.490654036117084,-2.0362513957230277
864,2021-10-04 02:38:00,19.84582015,26.43415018554174,-5.725634411034902,-0.8626956245068342
865,2021-10-04 03:08:00,19.72822494,26.71884142374513,-5.514043902760457,-1.4765725809846728
866,2021-10-04 03:38:00,18.76449077,27.03143287828694,-6.816591651237907,-1.4503504570490335
867,2021-10-04 04:08:00,17.1455094,27.357719135098442,-8.31938246422423,-1.8928272708742107
868,2021-10-04 04:38:00,16.63278067,27.686398966359278,-8.401226514393795,-2.652391781965484
869,2021-10-04 05:08:00,18.22535305,28.009610741000174,-6.695298482665332,-3.088959208334842
870,2021-10-04 05:38:00,17.23605396,28.32246109344206,-7.049896866701529,-4.036510266740532
871,2021-10-04 06:08:00,16.28641799,28.622209772690084,-4.8020767361933565,-7.533715046496727
872,2021-10-04 06:38:00,16.63377252,28.90808969830916,0.6931728599746035,-12.967490038283762
873,2021-10-04 07:08:00,17.18692762,29.181024028288764,6.9745866208252645,-18.96868302911403
874,2021-10-04 07:38:00,17.37113685,29.443094898198222,20.19513654545591,-32.267094593654136
875,2021-10-04 08:08:00,17.1806213,29.69679303202581,8.738251129369257,-21.254422861395067
876,2021-10-04 08:38:00,16.34313276,29.94444514090783,9.583342003002944,-23.184654383910775
877,2021-10-04 09:08:00,17.17279387,30.188444899306877,8.70068908273695,-21.716340112043827
878,2021-10-04 09:38:00,16.45371841,30.430942602597717,4.432311107097144,-18.40953529969486
879,2021-10-04 10:08:00,16.84727116,30.673470885208044,5.800873993412334,-19.62707371862038
880,2021-10-04 10:38:00,17.25394322,30.91715751415749,5.758968741125162,-19.422183035282654
881,2021-10-04 11:08:00,16.65040986,31.162901909740054,3.969144901827894,-18.48163695156795
882,2021-10-04 11:38:00,15.83555579,31.411442688852542,4.338220877382362,-19.914107776234903
883,2021-10-04 12:08:00,15.24828601,31.663382901032517,3.6309808814178397,-20.046077772450356
884,2021-10-04 12:38:00,14.15856513,31.9192137326382,1.4792696447359688,-19.23991824737417
885,2021-10-04 13:08:00,14.91218485,32.179325364690555,1.3230654280012448,-18.590205942691803
886,2021-10-04 13:38:00,14.19059649,32.44397181207279,2.5926056209646324,-20.84598094303742
887,2021-10-04 14:08:00,14.44904494,32.71327061131653,0.13151363488698053,-18.39573930620351
888,2021-10-04 14:38:00,13.20547256,32.98724044825938,0.17233010712133967,-19.954097995380717
889,2021-10-04 15:08:00,12.58167566,33.265823149525616,-0.863070547641194,-19.82107694188442
890,2021-10-04 15:38:00,12.52789926,33.54887064153097,-1.753679401398597,-19.26729198013237
891,2021-10-04 16:08:00,12.91199654,33.836078509360384,-2.685283540655434,-18.23879842870495
892,2021-10-04 16:38:00,13.01310797,34.12701404247748,-3.6560057372510437,-17.457900335226434
893,2021-10-04 17:08:00,13.92396223,34.42118204233021,-4.333358244211402,-16.163861568118804
894,2021-10-04 17:38:00,17.1337804,34.71813114765514,-3.424102308041622,-14.160248439613522
895,2021-10-04 18:08:00,19.21999485,35.01756715363175,-6.320024965291307,-9.477547338340447
896,2021-10-04 18:38:00,21.12675451,35.31941712104718,-3.134555720168223,-11.058106890878957
897,2021-10-04 19:08:00,20.35141573,35.62403606600135,-3.6824922508070954,-11.590128085194259
898,2021-10-04 19:38:00,32.71671502,35.932222862524426,-3.40651452115511,0.19100667863068566
899,2021-10-04 20:08:00,42.12955758,36.24490553488242,6.765324843325147,-0.8806727982075699
900,2021-10-04 20:38:00,42.46107761,36.563068131705556,6.5683403283136155,-0.6703308500191767
901,2021-10-04 21:08:00,39.74655685,36.88793299006787,2.786558762599949,0.07206509733218525
902,2021-10-04 21:38:00,39.47817179,37.221195434983194,2.546060321812842,-0.289083966796035
903,2021-10-04 22:08:00,35.70387103,37.565240111383524,-1.346422393776303,-0.5149466876072211
904,2021-10-04 22:38:00,34.90061351,37.923243544435664,-2.823398709596875,-0.19923132483879158
905,2021-10-04 23:08:00,36.26816169,38.29929784726873,1.5503032667936036,-3.5814394240623386
906,2021-10-04 23:38:00,37.09088294,38.698202564941425,0.5367317877697517,-2.1440514127111783
907,2021-10-05 00:08:00,34.21944886,39.124962052980585,-1.2103591503985194,-3.695154042582068
908,2021-10-05 00:38:00,32.6474326,39.58358838323969,-4.898299444023547,-2.037856339216141
909,2021-10-05 01:08:00,38.16949731,40.07567091028798,-4.12822181403617,2.222048213748181
910,2021-10-05 01:38:00,38.87668049,40.59978749230879,-1.0204026586942807,-0.7027043436145135
911,2021-10-05 02:08:00,35.36868087,41.15259613164872,-3.995034831587463,-1.788880430061262
912,2021-10-05 02:38:00,36.29520326,41.730338674257226,-6.917181670349767,1.482046256092545
913,2021-10-05 03:08:00,36.73008241,42.32995014179306,-7.100166790572661,1.5002990587796035
914,2021-10-05 03:38:00,34.31423168,42.94999497720544,-8.384806178263892,-0.2509571189415496
915,2021-10-05 04:08:00,31.12448829,43.5902270870052,-9.05356189903906,-3.412176897966148
916,2021-10-05 04:38:00,33.56176466,44.249959931188734,-8.34934535433149,-2.3388499168572423
917,2021-10-05 05:08:00,37.59274393,44.92723679291372,-6.376654959659595,-0.9578379032541235
918,2021-10-05 05:38:00,35.67764268,45.618862777526054,-10.717005312005014,0.7757852144789581
919,2021-10-05 06:08:00,39.91941535,46.32119351289429,-6.928636014835788,0.5268578519415001
920,2021-10-05 06:38:00,46.90797883,47.03083000456363,3.6349854966905606,-3.7578366712541964
921,2021-10-05 07:08:00,60.88116553,47.74497993044363,9.063815244177077,4.072370355379292
922,2021-10-05 07:38:00,69.3910886,48.461582764063245,22.398820911069492,-1.4693150751327337
923,2021-10-05 08:08:00,72.29000027,49.17920137073018,9.869602885099475,13.241196014170335
924,2021-10-05 08:38:00,77.51982228,49.896973259147785,10.378760878837602,17.24408814201462
925,2021-10-05 09:08:00,84.0154105,50.61424004633246,9.415981912784625,23.98518854088291
926,2021-10-05 09:38:00,80.86203756,51.32997348742852,5.5079741311905845,24.024089941380907
927,2021-10-05 10:08:00,81.03353626,52.04264383030769,5.001979655564317,23.988912774128003
928,2021-10-05 10:38:00,78.36173818,52.748914325507336,5.787217053349264,19.8256068011434
929,2021-10-05 11:08:00,83.62786475,53.44337615508912,3.1011100563058185,27.083378538605068
930,2021-10-05 11:38:00,80.64260737,54.118622620750315,4.973845423017796,21.550139326231886
931,2021-10-05 12:08:00,84.74601478,54.766341218210684,3.0914287280309454,26.888244833758364
932,2021-10-05 12:38:00,84.2699317,55.37888788115527,1.4164676775208702,27.47457614132386
933,2021-10-05 13:08:00,84.07526226,55.95053096251451,1.0379060031627256,27.086825294322757
934,2021-10-05 13:38:00,83.73818362,56.47858083314921,2.6826506973382345,24.57695208951256
935,2021-10-05 14:08:00,88.30278177,56.963494102714236,0.8474099829645919,30.491877684321167
936,2021-10-05 14:38:00,81.16952728,57.40869905034277,0.8941705899769933,22.866657639680234
937,2021-10-05 15:08:00,87.77761464,57.82000328120005,0.05329791370377154,29.90431344509617
938,2021-10-05 15:38:00,87.47376705,58.20480840002802,-0.751305102937376,30.020263752909365
939,2021-10-05 16:08:00,90.45039383,58.571103813007085,-3.1102593012279054,34.98954931822081
940,2021-10-05 16:38:00,90.9052814,58.92684743356136,-4.7025157491782394,36.68094971561689
941,2021-10-05 17:08:00,94.39236349,59.27952112486168,-4.922981985663922,40.03582435080224
942,2021-10-05 17:38:00,91.98499626,59.63579629350214,-4.188837396999579,36.53803736349744
943,2021-10-05 18:08:00,88.92308321,60.00146572560349,-8.913832628682753,37.83545011307927
944,2021-10-05 18:38:00,87.67174095,60.38143632043838,-5.205663568033374,32.49596819759499
945,2021-10-05 19:08:00,79.08153055,60.78000592448701,-6.698561193061186,25.00008581857417
946,2021-10-05 19:38:00,79.45853802,61.20134454408743,-0.30011983991196534,18.557313315824544
947,2021-10-05 20:08:00,75.71003118,61.649793604979294,7.198230419375476,6.86200715564523
948,2021-10-05 20:38:00,77.12227735,62.130110641948924,6.378709003786868,8.613457704264214
949,2021-10-05 21:08:00,76.75009962,62.647880744829266,1.310436795902409,12.79178207926833
950,2021-10-05 21:38:00,76.07658895,63.20979212805863,1.166111654012896,11.700685167928476
951,2021-10-05 22:08:00,77.30585887,63.823063094691186,-1.5227627243165986,15.005558499625401
952,2021-10-05 22:38:00,78.37317437,64.49450938842928,-2.856466119429462,16.735131101000178
953,2021-10-05 23:08:00,72.16504566,65.22902160904019,1.1696710413199463,5.766353009639872
954,2021-10-05 23:38:00,72.70551906,66.02744998319992,-0.5996688281673321,7.277737904967424
955,2021-10-06 00:08:00,68.64861598,66.8838567400348,-2.1318696578929726,3.8966288978581787
956,2021-10-06 00:38:00,72.52206883,67.78284773727283,-4.589551501432279,9.328772594159446
957,2021-10-06 01:08:00,74.08167578,68.69835507087018,-6.051243876894611,11.434564586024436
958,2021-10-06 01:38:00,72.07058829,69.59297289211511,-1.3206660713105955,3.798281469195487
959,2021-10-06 02:08:00,70.27652618,70.42124923494003,-4.4780691700186965,4.333346115078669
960,2021-10-06 02:38:00,80.20423887,71.1387410303422,-7.970687204889372,17.036185044547167
961,2021-10-06 03:08:00,84.0804613,71.71287915299334,-8.195759344911265,20.563341491917924
962,2021-10-06 03:38:00,89.44852792,72.13029972877364,-8.511788540912027,25.83001673213839
963,2021-10-06 04:08:00,92.03392374,72.39992621614752,-8.221705334628682,27.855702858481166
964,2021-10-06 04:38:00,87.47793995,72.54778561807193,-6.844774810657174,21.77492914258525
965,2021-10-06 05:08:00,89.31353511,72.60722832745712,-3.3378734247090884,20.04418020725197
966,2021-10-06 05:38:00,90.26633529,72.61017668802099,-5.3482703974345345,23.00442899941355
967,2021-10-06 06:08:00,91.03343503,72.58132908727039,-2.8134981422864134,21.265604085016037
968,2021-10-06 06:38:00,86.23076661,72.53724256718354,5.723711020562216,7.969813022254243
969,2021-10-06 07:08:00,93.20479853,72.48756381707443,9.186379563807316,11.530855149118253
970,2021-10-06 07:38:00,95.50140202,72.43485294812592,18.44437021081987,4.622178861054209
971,2021-10-06 08:08:00,89.22584855,72.38036352576471,9.961083384917574,6.884401639317716
972,2021-10-06 08:38:00,85.51504894,72.3252878288903,10.904404517197811,2.285356593911885
973,2021-10-06 09:08:00,83.79748352,72.27094745697214,9.715890190236284,1.8106458727915822
974,2021-10-06 09:38:00,77.77987137,72.21880646153762,6.236496628045186,-0.6754317195828179
975,2021-10-06 10:08:00,75.80541218,72.17021951673217,4.948539750399585,-1.3133470871317598
976,2021-10-06 10:38:00,78.31529956,72.12647945206345,6.115142789409234,0.07367731852731652
977,2021-10-06 11:08:00,72.76095686,72.08876653994992,3.06219141238497,-2.3900010923348987
978,2021-10-06 11:38:00,77.8607796,72.05809691997298,5.062489914099707,0.7401927659273184
979,2021-10-06 12:08:00,73.87608348,72.03532493574754,2.739363206970607,-0.8986046627181423
980,2021-10-06 12:38:00,71.18088542,72.02108812296021,2.080968218101841,-2.921170921062057
981,2021-10-06 13:08:00,70.06291547,72.01579787828507,1.1809981052377563,-3.13388051352284
982,2021-10-06 13:38:00,75.51935719,72.01965403899626,2.6550068711231716,0.8446962798805515
983,2021-10-06 14:08:00,73.2112328,72.03265977527829,1.3567088755321435,-0.1781358508104347
984,2021-10-06 14:38:00,73.29545384,72.05462088538447,1.084632120592583,0.15620083402293972
985,2021-10-06 15:08:00,73.00003992,72.08517297738894,0.5483368057003506,0.36653013691072545
986,2021-10-06 15:38:00,72.08809112,72.12379385093458,0.34202574256556684,-0.3777284735001416
987,2021-10-06 16:08:00,69.4715453,72.16986934816566,-2.985518559582953,0.28719451141729735
988,2021-10-06 16:38:00,66.71936312,72.22274285177801,-4.930164782692128,-0.5732149490858802
989,2021-10-06 17:08:00,67.18545336,72.28173204464427,-4.099952610922711,-0.996326073721562
990,2021-10-06 17:38:00,67.47520646,72.34616371081276,-3.754694138524265,-1.1162631122884932
991,2021-10-06 18:08:00,61.46133511,72.41532965217283,-7.317376685163867,-3.6366178570089573
992,2021-10-06 18:38:00,65.45989163,72.48855638438351,-4.187183828013492,-2.841480926370025
993,2021-10-06 19:08:00,62.58144168,72.56528025649055,-6.3384319554598605,-3.645406621030702
994,2021-10-06 19:38:00,64.43907973,72.64506699456953,0.8874222334870359,-9.093409498056566
995,2021-10-06 20:08:00,59.8433257,72.72760158578933,4.071660019757492,-16.955935905546824
996,2021-10-06 20:38:00,58.12443591,72.81267596674884,3.4153048298988966,-18.103544886647732
997,2021-10-06 21:08:00,57.80073361,72.90015983095714,-0.3131309796643523,-14.786295241292784
998,2021-10-06 21:38:00,57.2562202,72.98996751895837,-1.1939170833995123,-14.539830235558853
999,2021-10-06 22:08:00,57.12958313,73.08196044518644,-2.227074252270554,-13.725303062915884
1000,2021-10-06 22:38:00,57.41298713,73.17587931242969,-3.1002807453581296,-12.662611437071561
1001,2021-10-06 23:08:00,59.21568212,73.27128594620287,-0.7196342304992375,-13.33596959570363
1002,2021-10-06 23:38:00,56.84936327,73.36762122661305,-2.233250579994729,-14.285007376618324
1003,2021-10-07 00:08:00,58.92118437,73.46415971811179,-2.68693115572066,-11.856044192391131
1004,2021-10-07 00:38:00,58.88721239,73.5599690718536,-4.797471847922107,-9.875284833931495
1005,2021-10-07 01:08:00,61.60695155,73.65397344014458,-7.672935280238798,-4.374086609905788
1006,2021-10-07 01:38:00,58.10209082,73.74509526449012,-1.2161613319153883,-14.42684311257473
1007,2021-10-07 02:08:00,58.38544881,73.83239796980178,-4.481646604121717,-10.965302555680061
1008,2021-10-07 02:38:00,61.84092601,73.91511673917022,-8.805686079763023,-3.268504649407191
1009,2021-10-07 03:08:00,61.48403926,73.99275842897724,-9.08998911800521,-3.41873005097203
1010,2021-10-07 03:38:00,63.44047594,74.06504284980446,-8.586498368084472,-2.03806854171998
1011,2021-10-07 04:08:00,71.20678241,74.13197047641965,-7.806892181757852,4.881704115338195
1012,2021-10-07 04:38:00,71.10322106,74.19395397921934,-5.487082549643437,2.3963496304240834
1013,2021-10-07 05:08:00,81.27505078,74.25173017771348,-1.0165741458243867,8.03989474811091
1014,2021-10-07 05:38:00,83.94696663,74.30617960475018,-2.8797977350883692,12.520584760338195
1015,2021-10-07 06:08:00,84.81851889,74.35809920213717,-0.4405082914796612,10.900927979342498
1016,2021-10-07 06:38:00,86.8171529,74.40816192644526,7.871475329295144,4.537515644259585
1017,2021-10-07 07:08:00,82.89594487,74.45680017010491,9.303539467364423,-0.8643947674693493
1018,2021-10-07 07:38:00,84.03869807,74.50428952780186,14.997139356623137,-5.462730814425001
1019,2021-10-07 08:08:00,85.36647118,74.5507126241346,9.891595650795155,0.9241629050702471
1020,2021-10-07 08:38:00,84.86194859,74.59594827046001,11.340423095074746,-1.0744227755347566
1021,2021-10-07 09:08:00,83.94074749,74.63965770256571,9.90994905348584,-0.608859266051553
1022,2021-10-07 09:38:00,85.35174845,74.68114948195287,6.527065913999655,4.143533054047481
1023,2021-10-07 10:08:00,81.20382732,74.71925453527912,5.262763682528828,1.2218091021920543
1024,2021-10-07 10:38:00,82.50761091,74.75239064492769,6.2501185324572965,1.5051017326150173
1025,2021-10-07 11:08:00,81.75313263,74.77859635175936,3.065729637006611,3.9088066412340225
1026,2021-10-07 11:38:00,83.65695734,74.79578364025878,4.221136594935007,4.640037104806225
1027,2021-10-07 12:08:00,79.82943624,74.80186660222165,2.2172590177203997,2.8103106200579617
1028,2021-10-07 12:38:00,80.99854978,74.7948566802935,2.955292208193396,3.2484008915131
1029,2021-10-07 13:08:00,80.92782257,74.77307397353137,1.36601568359539,4.788732912873243
1030,2021-10-07 13:38:00,78.04705567,74.73543538362458,2.346053826127365,0.9655664602480698
1031,2021-10-07 14:08:00,78.88289206,74.68151035725327,1.482809721298155,2.7185719814485765
1032,2021-10-07 14:38:00,78.31167215,74.61152294094003,0.7387859634778251,2.961363245582149
1033,2021-10-07 15:08:00,77.20723265,74.52626562774759,0.6321684648881312,2.048798557364279
1034,2021-10-07 15:38:00,79.87015066,74.42694155906679,0.8969889183667361,4.546220182566472
1035,2021-10-07 16:08:00,82.88336723,74.31503187482807,-2.7415374637596694,11.30987281893161
1036,2021-10-07 16:38:00,86.5565361,74.19211549123462,-4.909235049546743,17.273655658312123
1037,2021-10-07 17:08:00,85.39666391,74.05973494026829,-2.9836792072394562,14.320608176971177
1038,2021-10-07 17:38:00,88.20516429,73.91927364083655,-3.0226133488718427,17.30850399803529
1039,2021-10-07 18:08:00,86.80143658,73.77185772201219,-5.767581893081494,18.797160751069313
1040,2021-10-07 18:38:00,84.08681075,73.61823386121554,-2.9026231321410365,13.371200020925485
1041,2021-10-07 19:08:00,86.97959193,73.45872211832301,-5.988289046987552,19.509158858664534
1042,2021-10-07 19:38:00,80.07757306,73.29349821004779,2.2399004236648956,4.544174426287327
1043,2021-10-07 20:08:00,78.1777126,73.12271197834897,1.7862313834930945,3.268769238157944
1044,2021-10-07 20:38:00,78.01876062,72.946461878131,1.3731958819313324,3.6991028599376534
1045,2021-10-07 21:08:00,72.36115906,72.76476791323799,-1.6616162500669371,1.2580073968289582
1046,2021-10-07 21:38:00,72.40216354,72.57752443375207,-3.064682623563225,2.889321729811158
1047,2021-10-07 22:08:00,70.77565718,72.38450821584028,-2.8036127226451897,1.1947616868048954
1048,2021-10-07 22:38:00,69.05977387,72.18541418211183,-3.3092991978996755,0.1836588857878496
1049,2021-10-07 23:08:00,71.15486631,71.97992949211033,-2.1632056979626264,1.3381425158522973
1050,2021-10-07 23:38:00,68.26310405,71.76779880605223,-3.461223817927183,-0.043470938125054204
1051,2021-10-08 00:08:00,67.78158459,71.54891758410726,-3.1994121960508974,-0.5679207980563632
1052,2021-10-08 00:38:00,66.9465844,71.32333912720655,-4.8871674716554026,0.5104127444488569
1053,2021-10-08 01:08:00,64.21100628,71.04555607467621,-9.416990301934112,2.5824405072578998
1054,2021-10-08 01:38:00,68.67385913,70.76570263136672,-1.1703558535922767,-0.9214876477744411
1055,2021-10-08 02:08:00,65.20632184,70.48406112602744,-4.498345102801684,-0.7793941832257616
1056,2021-10-08 02:38:00,62.99630173,70.200903013619,-9.70914096995369,2.504539686334695
1057,2021-10-08 03:08:00,62.49528065,69.91643096857979,-10.04494835947779,2.623798040897995
1058,2021-10-08 03:38:00,63.33673175,69.63077277758501,-8.591090415377924,2.29704938779291
1059,2021-10-08 04:08:00,61.13985386,69.34400203286005,-7.108367141847557,-1.0957810310124927
1060,2021-10-08 04:38:00,64.65449592,69.05616215678212,-3.9104937534683866,-0.49117248331373276
1061,2021-10-08 05:08:00,70.03454762,68.76728846443487,1.4968201920087068,-0.2295610364435845
1062,2021-10-08 05:38:00,69.25076924,68.47741396859422,-0.23381974029603236,1.0071750117018041
1063,2021-10-08 06:08:00,71.09132305,68.18657013874376,2.1192514079852693,0.7855015032709645
1064,2021-10-08 06:38:00,76.00390427,67.89478552932471,10.047458590994163,-1.9383398503188687
1065,2021-10-08 07:08:00,77.28379785,67.602088252814,8.976156370690273,0.7055532264957236
1066,2021-10-08 07:38:00,80.56375857,67.30851030755926,11.479219352636763,1.7760289098039834
1067,2021-10-08 08:08:00,74.94399699,67.01408248556342,8.85609836787312,-0.9261838634365347
1068,2021-10-08 08:38:00,78.80892289,66.71883275256525,11.42263347872152,0.6674566587132347
1069,2021-10-08 09:08:00,76.7261871,66.42279005660262,9.795313762837745,0.5080832805596316
1070,2021-10-08 09:38:00,71.58727781,66.12598239339844,6.642233415199386,-1.1809379985978268
1071,2021-10-08 10:08:00,72.0816989,65.8284370573084,5.8562438938447325,0.3970179488468659
1072,2021-10-08 10:38:00,71.48303653,65.53018257212527,6.232776829429069,-0.2799228715543336
1073,2021-10-08 11:08:00,68.05207542,65.23124679739288,3.3321389722467454,-0.5113103496396292
1074,2021-10-08 11:38:00,65.88386349,64.93165736283217,2.7902019546444947,-1.837995827476668
1075,2021-10-08 12:08:00,65.69012216,64.63144255543826,1.6680911561617608,-0.6094115516000187
1076,2021-10-08 12:38:00,68.40898401,64.33063249272988,4.2394791613550495,-0.16112764408492808
1077,2021-10-08 13:08:00,65.5529986,64.02925744769377,1.935060121640579,-0.41131896933435286
1078,2021-10-08 13:38:00,65.30718684,63.727346817357464,1.753364121571979,-0.1735240989294411
1079,2021-10-08 14:08:00,64.00638666,63.42492925728934,1.3969070357828546,-0.8154496330721912
1080,2021-10-08 14:38:00,62.13041568,63.12203268274457,0.06667011377990617,-1.0582871165244754
1081,2021-10-08 15:08:00,62.58781995,62.818685190199886,0.4272788585587233,-0.658144098758612
1082,2021-10-08 15:38:00,62.45241115,62.51491543773511,1.203656493018034,-1.2661607807531396
1083,2021-10-08 16:08:00,60.17829028,62.210752352029544,-2.51659806333163,0.4841359913020824
1084,2021-10-08 16:38:00,58.05138944,61.906225187792856,-4.682483347378524,0.8276475995856671
1085,2021-10-08 17:08:00,61.04528778,61.60136109100215,-1.5540592699608518,0.9979859589587079
1086,2021-10-08 17:38:00,60.39869172,61.296184005743605,-1.9468416033280853,1.049349317584479
1087,2021-10-08 18:08:00,59.46389585,60.99071439645843,-3.4095513983282517,1.8827328518698252
1088,2021-10-08 18:38:00,61.43438174,60.68496891768285,-0.8903658064981156,1.6397786288152645
1089,2021-10-08 19:08:00,57.42174536,60.378959399356205,-4.796298509155015,1.839084469798813
1090,2021-10-08 19:38:00,62.50485862,60.07269289864484,3.673256871694783,-1.2410911503396207
1091,2021-10-08 20:08:00,56.9457224,59.766172814572585,-0.7709028761925101,-2.049547538380075
1092,2021-10-08 20:38:00,56.62719032,59.45940412374584,-0.862065403804432,-1.970148399941415
1093,2021-10-08 21:08:00,55.96661102,59.15239580058184,-3.058175241700911,-0.1276095388809324
1094,2021-10-08 21:38:00,52.74907736,58.84516025041992,-4.9773807076060805,-1.1187021828138413
1095,2021-10-08 22:08:00,55.19018453,58.53771067465986,-3.3558087797275937,0.008282635067736521
1096,2021-10-08 22:38:00,55.50598811,58.230061590266644,-3.4788520529558364,0.7547785726891902
1097,2021-10-08 23:08:00,53.35928646,57.92222684542903,-3.8415281696761863,-0.7214122157528422
1098,2021-10-08 23:38:00,53.16277734,57.61421839656927,-4.869142361520865,0.4177013049515921
