Event_No,Datetime,X_Acc_Filtered_RMS_observed,X_Acc_Filtered_RMS_trend,X_Acc_Filtered_RMS_seasonal,X_Acc_Filtered_RMS_resid
571,2021-09-28 00:08:00,25.64330279,18.93786390382519,5.772182100562435,0.9332567856123752
572,2021-09-28 00:38:00,22.19789771,19.043010214148577,2.5465558899486402,0.6083316059027837
573,2021-09-28 01:08:00,22.97777344,19.148096959589008,3.458812003140417,0.37086447727057603
574,2021-09-28 01:38:00,21.17176575,19.253111325687932,1.6691814141343175,0.24947301017774848
575,2021-09-28 02:08:00,20.07774803,19.358038692412038,1.0646880919439916,-0.3449787543560312
576,2021-09-28 02:38:00,20.32221379,19.462863228707327,1.0825869577720035,-0.2232363964793329
577,2021-09-28 03:08:00,22.99014013,19.567568965359147,2.415088427004109,1.007482737636746
578,2021-09-28 03:38:00,20.73029413,19.67213932837431,0.8461268232986211,0.2120279783270682
579,2021-09-28 04:08:00,20.01646541,19.77655530863031,0.2715550646092409,-0.0316449632395539
580,2021-09-28 04:38:00,19.22715675,19.88079635164585,-1.119045889177942,0.4654062875320939
581,2021-09-28 05:08:00,17.08208363,19.984840899211573,-2.4427641997148988,-0.45999306949667584
582,2021-09-28 05:38:00,17.32376653,20.088666052376546,-2.3099390218681926,-0.4549605005083528
583,2021-09-28 06:08:00,16.85795687,20.192248864790272,-2.80026872101286,-0.5340232737774144
584,2021-09-28 06:38:00,16.52130226,20.29556677188873,-3.3510964770221405,-0.4231680348665918
585,2021-09-28 07:08:00,17.38628367,20.398597711678534,-2.8738466113609404,-0.13846743031759345
586,2021-09-28 07:38:00,16.13266608,20.501319928278836,-3.513329853687368,-0.855323994591469
587,2021-09-28 08:08:00,16.47611573,20.603711805713647,-3.714881551364779,-0.4127145243488677
588,2021-09-28 08:38:00,15.7946133,20.705752719084206,-4.789618042792735,-0.1215213762914722
589,2021-09-28 09:08:00,15.8218557,20.807422638458718,-4.3541005390874234,-0.6314663993712948
590,2021-09-28 09:38:00,14.889123,20.908701788855044,-5.158530458737781,-0.8610483301172636
591,2021-09-28 10:08:00,15.54661069,21.009571441096504,-4.524868158542724,-0.9380925925537795
592,2021-09-28 10:38:00,14.8954309,21.110014590725328,-4.731418729586626,-1.4831649611387014
593,2021-09-28 11:08:00,15.95513925,21.210016533982255,-3.5844790980543118,-1.6703981859279438
594,2021-09-28 11:38:00,17.32142343,21.30956598382243,-2.2810116402289755,-1.7071309135934563
595,2021-09-28 12:08:00,17.74171536,21.408655933339915,-1.7866908927713079,-1.8802496805686069
596,2021-09-28 12:38:00,20.23473847,21.507284395257557,-0.8016398789059841,-0.4709060463515726
597,2021-09-28 13:08:00,21.60466435,21.6054548834907,0.1944120737894047,-0.1952026072801054
598,2021-09-28 13:38:00,21.65931964,21.703175203618823,-0.14227034692695745,0.09841478330813302
599,2021-09-28 14:08:00,24.14679896,21.80045710507136,1.5658434004283066,0.7804984545003357
600,2021-09-28 14:38:00,22.18847345,21.897316119881314,0.7061448693062313,-0.41498753918754616
601,2021-09-28 15:08:00,23.00838193,21.99377149784925,0.6709639944874226,0.3436464376633275
602,2021-09-28 15:38:00,23.62649633,22.08984842303978,0.8358999848709575,0.7007479220892634
603,2021-09-28 16:08:00,24.13538077,22.185578231151858,0.6380393049957938,1.31176323385235
604,2021-09-28 16:38:00,24.09999781,22.280998361099268,1.2581483056439335,0.5608511432568015
605,2021-09-28 17:08:00,26.70977316,22.37615261153598,3.1570384120878794,1.176582136376144
606,2021-09-28 17:38:00,25.67909444,22.4710933052686,1.895134638252559,1.3128664964788435
607,2021-09-28 18:08:00,25.26050027,22.565882040040524,2.008491041906437,0.6861271880530389
608,2021-09-28 18:38:00,23.21860201,22.660591100764165,-0.33800360574818855,0.8960145149840244
609,2021-09-28 19:08:00,24.72407451,22.75530641717491,1.345282636266447,0.6234854565586438
610,2021-09-28 19:38:00,25.03492086,22.850129210312428,1.105916051015453,1.07887559867212
611,2021-09-28 20:08:00,25.17690007,22.945176489821463,1.1877541853451419,1.0439693948333932
612,2021-09-28 20:38:00,26.73093914,23.040576501707278,2.234409714247281,1.455952924045441
613,2021-09-28 21:08:00,28.31129244,23.13645635159247,3.5232459546901933,1.6515901337173347
614,2021-09-28 21:38:00,26.95695968,23.2329132432324,2.787364346107867,0.9366820906597333
615,2021-09-28 22:08:00,27.23582623,23.329961923488572,2.657658121127411,1.2482061853840172
616,2021-09-28 22:38:00,26.10538234,23.427457285391682,1.2517211084480457,1.4262039461602711
617,2021-09-28 23:08:00,26.17225315,23.525016110455613,2.1259254837418546,0.5213115558025301
618,2021-09-28 23:38:00,24.79490459,23.578475451132732,1.2081337886642942,0.00829535020297456
619,2021-09-29 00:08:00,26.6000971,23.625174092605224,3.210086137495215,-0.23516313010043888
620,2021-09-29 00:38:00,24.84902185,23.664932837720098,1.6908782789451018,-0.5067892666652014
621,2021-09-29 01:08:00,25.35612233,23.69765404000391,1.8694029848586189,-0.21093469486253014
622,2021-09-29 01:38:00,25.64470154,23.72332059985463,2.291463330411338,-0.3700823902659707
623,2021-09-29 02:08:00,26.23450903,23.741948192612764,1.522800063724408,0.9697607736628306
624,2021-09-29 02:38:00,24.80734401,23.753601009347662,0.8136624169947243,0.24008058365761542
625,2021-09-29 03:08:00,24.02965313,23.758407964155538,1.1363286256265996,-0.865083459782138
626,2021-09-29 03:38:00,25.0770047,23.756541514565697,0.925829423166586,0.3946337622677163
627,2021-09-29 04:08:00,25.44715442,23.748206598449023,0.7190663244685173,0.9798814970824594
628,2021-09-29 04:38:00,23.31781244,23.73366253789459,-0.705375618694239,0.2895255207996499
629,2021-09-29 05:08:00,22.95167979,23.71317813390806,-1.5515040979484198,0.7900057540403616
630,2021-09-29 05:38:00,23.03408859,23.687009349364953,-1.789789530583981,1.136868771219028
631,2021-09-29 06:08:00,24.17572661,23.655395365604882,-1.534222842673239,2.0545540870683574
632,2021-09-29 06:38:00,22.82076127,23.618572049660955,-2.7979245055623596,2.0001137259014037
633,2021-09-29 07:08:00,23.56888421,23.576810978969377,-1.9215521342975665,1.9136253653281905
634,2021-09-29 07:38:00,22.99194613,23.530405681872683,-3.293961271273311,2.755501719400627
635,2021-09-29 08:08:00,23.68445542,23.479648198388595,-2.6233403451112616,2.8281475667226665
636,2021-09-29 08:38:00,21.61607542,23.424837031785934,-3.980903493001796,2.1721418812158646
637,2021-09-29 09:08:00,24.21920938,23.366275959352865,-3.682681645195026,4.535615065842158
638,2021-09-29 09:38:00,23.66249144,23.30429863129891,-3.962938573769276,4.321131382470366
639,2021-09-29 10:08:00,24.05351381,23.239235086553364,-3.724400572803553,4.538679296250187
640,2021-09-29 10:38:00,25.49256763,23.171391014000978,-3.22199055798516,5.543167173984184
641,2021-09-29 11:08:00,24.62601965,23.10103135892192,-2.5650113890162833,4.089999680094365
642,2021-09-29 11:38:00,25.94938218,23.02836268356897,-1.827448725862835,4.748468222293862
643,2021-09-29 12:08:00,26.54867886,22.953515657282374,-0.5490120482846587,4.1441752510022845
644,2021-09-29 12:38:00,24.36522463,22.876548556862737,0.5351524678189044,0.9535236053183596
645,2021-09-29 13:08:00,24.33440293,22.797452343954347,0.7444816115012535,0.7924689745443985
646,2021-09-29 13:38:00,23.54169539,22.716168449171384,0.44649560347191125,0.3790313373567038
647,2021-09-29 14:08:00,23.46127486,22.63260579204282,1.7600305685449864,-0.9313615005878084
648,2021-09-29 14:38:00,23.94329575,22.5466245247289,0.6954861126191718,0.7011851126519275
649,2021-09-29 15:08:00,22.72198739,22.45805086748254,0.1537125816230179,0.11022394089443921
650,2021-09-29 15:38:00,22.33007454,22.36669022422152,0.8990807272684298,-0.9356964114899533
651,2021-09-29 16:08:00,21.06336372,22.27234884457859,0.08863644286621775,-1.297621567444807
652,2021-09-29 16:38:00,22.58520267,22.17483360152721,0.9771152139095183,-0.5667461454367277
653,2021-09-29 17:08:00,22.54185135,22.073971719253578,1.6414043760973271,-1.1735247453509032
654,2021-09-29 17:38:00,21.80364174,21.969620774901014,1.3458899129610962,-1.5118689478621086
655,2021-09-29 18:08:00,22.30623771,21.86166509947602,0.8818001319040673,-0.4372275213800876
656,2021-09-29 18:38:00,21.43160443,21.750024495230214,-0.7947122659091028,0.47629220067888767
657,2021-09-29 19:08:00,21.18845723,21.63465618473553,0.7938207704784629,-1.2400197252139904
658,2021-09-29 19:38:00,21.16230904,21.515573883680375,0.4778549398338333,-0.8311197835142075
659,2021-09-29 20:08:00,21.14813886,21.393010981308155,0.5289136232394787,-0.7737857445476344
660,2021-09-29 20:38:00,21.09882965,21.26790039283733,1.5676277527695293,-1.7366984956068592
661,2021-09-29 21:08:00,21.19629793,21.14165297468022,2.975499714143628,-2.9208547588238467
662,2021-09-29 21:38:00,22.0745545,21.01587557506528,2.7345744724939953,-1.675895547559275
663,2021-09-29 22:08:00,21.36792258,20.8923388344735,1.7082241920130432,-1.232640446486542
664,2021-09-29 22:38:00,19.95422821,20.77296798692325,0.7293629327938036,-1.5481027097170532
665,2021-09-29 23:08:00,21.89936442,20.65980042222476,1.5112958166933246,-0.27173181891808085
666,2021-09-29 23:38:00,21.39163811,20.55493594755287,0.4129811686214118,0.42372099382571804
667,2021-09-30 00:08:00,20.30581135,20.460475531698247,1.1103443881894417,-1.2650085698876907
668,2021-09-30 00:38:00,21.44207692,20.378461670618574,0.9544196754560921,0.10919557392533719
669,2021-09-30 01:08:00,20.8367676,20.31083023064361,0.3298481073902124,0.19608926196617915
670,2021-09-30 01:38:00,22.76481736,20.25934889666595,2.6145663058853095,-0.10909784255126098
671,2021-09-30 02:08:00,21.08253889,20.225548426408842,1.7085578619091843,-0.8515673983180285
672,2021-09-30 02:38:00,21.02275237,20.210671260592143,0.20315833813679682,0.608922771271061
673,2021-09-30 03:08:00,19.54283784,20.21611465966703,-0.06721115435046157,-0.6060656653165708
674,2021-09-30 03:38:00,19.65317991,20.245072293201794,0.8516638702998076,-1.4435562535016047
675,2021-09-30 04:08:00,19.66245541,20.30223133262613,1.0896786156463518,-1.7294545382724813
676,2021-09-30 04:38:00,18.02442373,20.392686760644864,-0.36947203718266936,-1.9987909934621975
677,2021-09-30 05:08:00,19.42053635,20.522148145115292,-0.9046204363902083,-0.19699135872508577
678,2021-09-30 05:38:00,18.85782268,20.698869492760167,-1.3732924625240186,-0.4677543502361452
679,2021-09-30 06:08:00,18.23584383,20.934116432283894,-0.36030752960271384,-2.337965072681179
680,2021-09-30 06:38:00,16.90898213,21.2405447983435,-2.2270129612247103,-2.1045497071187924
681,2021-09-30 07:08:00,17.59354377,21.631249978238632,-0.8768719079770848,-3.1608343002615484
682,2021-09-30 07:38:00,17.7969931,22.11743739201189,-2.9975077167600004,-1.3229365752518873
683,2021-09-30 08:08:00,17.90513088,22.7048543115643,-1.358312652023678,-3.4414107795406217
684,2021-09-30 08:38:00,16.58730597,23.391274362013757,-3.004617600216628,-3.799350791797128
685,2021-09-30 09:08:00,16.65002518,24.165054425635446,-2.7892370052304134,-4.725792240405035
686,2021-09-30 09:38:00,16.63742917,25.00571328981031,-2.6524234219703025,-5.715860697840007
687,2021-09-30 10:08:00,16.31585245,25.886959686721717,-2.7341262286056103,-6.836981008116105
688,2021-09-30 10:38:00,16.33463684,26.781255070007543,-1.7113875932881237,-8.735230636719418
689,2021-09-30 11:08:00,15.76112249,27.66402262764033,-1.4572432512270854,-10.445656886413243
690,2021-09-30 11:38:00,15.32623784,28.51661999844026,-1.2924682269463814,-11.897913931493878
691,2021-09-30 12:08:00,15.25172705,29.32721156847018,0.6692116532696607,-14.744696171739841
692,2021-09-30 12:38:00,15.48503676,30.090116703828986,1.8429198816494867,-16.447999825478473
693,2021-09-30 13:08:00,15.51030124,30.804384325601784,1.337425415554612,-16.631508501156397
694,2021-09-30 13:38:00,16.36199974,31.472379361210685,1.07324186977905,-16.183621490989733
695,2021-09-30 14:08:00,19.06455301,32.098507871799946,1.9162778857306586,-14.950232747530602
696,2021-09-30 14:38:00,19.94294485,32.68817597979302,0.6596014850919109,-13.404832614884935
697,2021-09-30 15:08:00,21.98635607,33.24703187066845,-0.29147236491508943,-10.96920343575336
698,2021-09-30 15:38:00,20.5888916,33.78056891426066,0.903557878378746,-14.095235192639407
699,2021-09-30 16:08:00,18.17405509,34.29399084818418,-0.41484905963885377,-15.705086698545326
700,2021-09-30 16:38:00,16.49823663,34.79206320562004,0.6894254283880017,-18.98325200400804
701,2021-09-30 17:08:00,16.18448924,35.27900554260861,0.17452539399476713,-19.269041696603374
702,2021-09-30 17:38:00,19.23934807,35.7586017148771,0.8038608039410138,-17.323114448818117
703,2021-09-30 18:08:00,23.48098736,36.234286081962395,-0.17360769469563658,-12.579691027266758
704,2021-09-30 18:38:00,33.83851789,36.70939717513999,-1.0510226808671899,-1.8198566042728004
705,2021-09-30 19:08:00,44.35959912,37.18726497286676,0.26806768054123475,6.904266466592006
706,2021-09-30 19:38:00,48.90371835,37.67140803616711,-0.052624742512930006,11.284935056345823
707,2021-09-30 20:08:00,60.89947278,38.16568515913863,-0.0177146097440726,22.751502230605446
708,2021-09-30 20:38:00,69.86213987,38.674332955428405,0.93274459199409,30.255062322577494
709,2021-09-30 21:08:00,75.37307642,39.20186082895803,2.322236985036701,33.848978606005275
710,2021-09-30 21:38:00,74.45197878,39.7531564979499,2.5599691229449326,32.13885315910517
711,2021-09-30 22:08:00,71.92687058,40.33351437487455,0.869804302409604,30.723551902715847
712,2021-09-30 22:38:00,69.01163581,40.9484527671734,0.2875393309541887,27.775643711872412
713,2021-09-30 23:08:00,64.32285903,41.60345844676388,0.9913458508735035,21.728054732362622
714,2021-09-30 23:38:00,62.38396847,42.3032875989938,-0.29184687718303853,20.372527748189242
715,2021-10-01 00:08:00,57.53740439,43.0506358187383,-0.3057969381104577,14.792565509372153
716,2021-10-01 00:38:00,56.40211958,43.844856703744625,0.5382894693274929,12.018973406927877
717,2021-10-01 01:08:00,55.74612536,44.680655530045215,-1.0075723141195823,12.073042144074371
718,2021-10-01 01:38:00,52.62152796,45.54690573558492,2.4353423173423416,4.639279907072741
719,2021-10-01 02:08:00,53.60418568,46.426096200728786,1.3185810584491928,5.859508420822024
720,2021-10-01 02:38:00,54.17330194,47.29526268310357,-0.8640986624057324,7.742137919302159
721,2021-10-01 03:08:00,54.73743889,48.12817934395846,-1.0404800234133946,7.649739569454937
722,2021-10-01 03:38:00,53.88627008,48.89899911231039,0.44242788885615963,4.544843078833452
723,2021-10-01 04:08:00,53.65006414,49.58666142465887,1.2147071467418622,2.848695568599261
724,2021-10-01 04:38:00,54.59576505,50.17863067710364,-0.23240969980014245,4.6495440726965
725,2021-10-01 05:08:00,52.67960527,50.672553660847264,-0.7842663984043656,2.791318007557102
726,2021-10-01 05:38:00,51.33664985,51.075264492734746,-1.217999062971054,1.4793844202363076
727,2021-10-01 06:08:00,55.06557679,51.40008226233091,0.4091083744104925,3.256386153258596
728,2021-10-01 06:38:00,51.54742024,51.6633644150086,-1.8089034153547912,1.692959240346191
729,2021-10-01 07:08:00,53.78843545,51.88148295203417,0.1422467597851212,1.7647057381807087
730,2021-10-01 07:38:00,49.51754095,52.06824170791822,-2.7379025480250845,0.18720179010686167
731,2021-10-01 08:08:00,53.04162079,52.23396846148201,-0.03913166662861875,0.8467839951466161
732,2021-10-01 08:38:00,51.64948182,52.38536749347937,-1.9540012795894606,1.2181156061100893
733,2021-10-01 09:08:00,51.15569007,52.52602502412466,-1.9312934218798783,0.5609584677552206
734,2021-10-01 09:38:00,52.33847899,52.65727053848645,-1.5666953224440552,1.2479037739576029
735,2021-10-01 10:08:00,50.86778795,52.7791773188809,-1.9012149627473351,-0.010174406133565128
736,2021-10-01 10:38:00,52.60405416,52.89150014109133,-0.2065040160417908,-0.08094196504953999
737,2021-10-01 11:08:00,51.27897596,52.994040530626755,-0.39149316637328135,-1.323571404253478
738,2021-10-01 11:38:00,51.08038094,53.08672391216279,-0.7816803215175876,-1.2246626506452003
739,2021-10-01 12:08:00,54.2485433,53.16964510702702,1.8813571891338638,-0.8024589961608868
740,2021-10-01 12:38:00,56.2120813,53.24310486460128,3.2717620178588835,-0.3027855824601602
741,2021-10-01 13:08:00,54.40624994,53.307638759227984,2.018053298059406,-0.9194421172873888
742,2021-10-01 13:38:00,54.21404603,53.36404545818394,1.791450443683813,-0.9414498718677535
743,2021-10-01 14:08:00,56.42110861,53.41341302279904,2.2906800104818115,0.7170155767191417
744,2021-10-01 14:38:00,54.94692432,53.457022900427454,0.8343837196218361,0.655517699950714
745,2021-10-01 15:08:00,52.02248346,53.496180666273936,-0.654911081870948,-0.8187861244029904
746,2021-10-01 15:38:00,55.7782935,53.53209822976258,1.1679355506700344,1.0782597195673773
747,2021-10-01 16:08:00,52.38383055,53.56542515895342,-0.7905864559053062,-0.3910081530481122
748,2021-10-01 16:38:00,54.83931232,53.59577722064764,0.6063546690910686,0.6371804302612887
749,2021-10-01 17:08:00,52.56767349,53.621583101536395,-1.1584768693588052,0.10456725782240994
750,2021-10-01 17:38:00,54.3321356,53.640129202231726,0.4534469013631013,0.23855949640517338
751,2021-10-01 18:08:00,52.30139974,53.648166255109764,-1.110060385441229,-0.23670612966853355
752,2021-10-01 18:38:00,51.79806277,53.64339383845121,-1.1037936132288082,-0.7415374552223994
753,2021-10-01 19:08:00,52.64263497,53.624706799426484,0.0790945829476983,-1.0611664123741775
754,2021-10-01 19:38:00,52.21743704,53.59238440570146,-0.4783910301822923,-0.8965563355191648
755,2021-10-01 20:08:00,52.29294124,53.54777696902407,-0.45205133091814353,-0.8027843981059277
756,2021-10-01 20:38:00,54.61229762,53.493116469137135,0.5053044497412261,0.6138767011216402
757,2021-10-01 21:08:00,59.60450307,53.430587124164965,2.064790694958385,4.109125250876652
758,2021-10-01 21:38:00,60.59811132,53.36206655405108,2.7985320360818378,4.4375127298670805
759,2021-10-01 22:08:00,63.46466915,53.28880009217053,0.013955593476501842,10.161913464352963
760,2021-10-01 22:38:00,74.556476,53.21140404430542,-0.11821822876029311,21.463290184454884
761,2021-10-01 23:08:00,70.89625641,53.13005971195832,0.5667951935396811,17.199401504502013
762,2021-10-01 23:38:00,83.79192381,53.04468905644792,-0.8493586469189105,31.596593400470994
763,2021-10-02 00:08:00,78.86786158,52.95519882921312,-0.7836802515187794,26.696343002305653
764,2021-10-02 00:38:00,87.52586403,52.861585857123146,0.17019927306275404,34.4940788998141
765,2021-10-02 01:08:00,83.25954094,52.76392449070998,-1.8155400082195485,32.311156457509554
766,2021-10-02 01:38:00,86.59380725,52.66232957663901,0.8526286710326766,33.07884900232831
767,2021-10-02 02:08:00,90.59947924,52.556917449715755,0.10283154416282766,37.939730246121414
768,2021-10-02 02:38:00,89.07162534,52.44783920686078,-2.21986558085105,38.84365171399027
769,2021-10-02 03:08:00,85.55833471,52.33529144754458,-1.947194927348555,35.17023818980398
770,2021-10-02 03:38:00,81.76918598,52.219480612077966,-0.9227274135064636,30.472432781428502
771,2021-10-02 04:08:00,84.7750486,52.100615305183034,0.08408752369467029,32.590345771122294
772,2021-10-02 04:38:00,78.98600384,51.97899103030757,-1.0967717472926377,28.10378455698506
773,2021-10-02 05:08:00,79.17170147,51.85501255639953,-2.0806424299824995,29.397331343582977
774,2021-10-02 05:38:00,82.41602422,51.729193287574645,-1.9643292507736545,32.65116018319901
775,2021-10-02 06:08:00,85.15512408,51.60229104958976,0.7593186819941968,32.79351434841603
776,2021-10-02 06:38:00,82.25840188,51.47525008020792,-1.271089995867392,32.05424179565947
777,2021-10-02 07:08:00,83.83660952,51.34918678512025,1.7050081479106411,30.782414586969097
778,2021-10-02 07:38:00,77.11897191,51.22535884655076,-1.8218490676564736,27.71546213110571
779,2021-10-02 08:08:00,79.64563644,51.10519071169969,2.386264277420338,26.154181450879975
780,2021-10-02 08:38:00,74.95825409,50.99036430930711,0.09734549148723744,23.870544289205654
781,2021-10-02 09:08:00,71.67809873,50.8828587368247,0.4453498607503548,20.349890132424946
782,2021-10-02 09:38:00,69.09665424,50.78502643414487,0.2462967026471575,18.06533110320798
783,2021-10-02 10:08:00,66.44501217,50.69949767038657,0.22135388105471732,15.524160618558717
784,2021-10-02 10:38:00,62.98645519,50.62900216966768,0.3572114223156387,12.000241598016686
785,2021-10-02 11:08:00,61.33091373,50.575977998562934,0.6856175137956638,10.069318217641403
786,2021-10-02 11:38:00,61.74008263,50.54203454544166,-0.4832417418889938,11.68128982644734
787,2021-10-02 12:08:00,59.99884747,50.52723345805854,1.5957792649727351,7.875834746968728
788,2021-10-02 12:38:00,57.63821862,50.529141242084954,3.3223895307677838,3.786687847147263
789,2021-10-02 13:08:00,55.26092192,50.54164493008301,2.2578738336114967,2.4614031563054937
790,2021-10-02 13:38:00,56.08603218,50.55405058094601,1.991867533788535,3.540114065265449
791,2021-10-02 14:08:00,53.94966286,50.55127001125402,2.1866341838256016,1.2117586649203744
792,2021-10-02 14:38:00,51.06602847,50.515188562613666,0.11676647740430621,0.43407342998202836
793,2021-10-02 15:08:00,50.88428176,50.42737629078464,-0.7282962497628018,1.1852017189781563
794,2021-10-02 15:38:00,52.14886562,50.27315536387035,0.6199535670679657,1.255756689061684
795,2021-10-02 16:08:00,50.94830806,50.04482370593451,-0.7372974733327933,1.6407818273982855
796,2021-10-02 16:38:00,50.41474843,49.74325650161559,0.27226339023707063,0.39922853814734083
797,2021-10-02 17:08:00,47.48183936,49.37693427104934,-1.729693099782154,-0.16540181126718778
798,2021-10-02 17:38:00,50.63602719,48.95916720495039,-0.09638540348851449,1.7732453885381219
799,2021-10-02 18:08:00,47.03350916,48.50473774650577,-1.8406298662231972,0.36940127971742953
800,2021-10-02 18:38:00,49.69947428,48.027170837804135,-1.1972932899364528,2.8695967321323153
801,2021-10-02 19:08:00,47.04222951,47.53721359585661,-0.5595885389929975,0.06460445313638274
802,2021-10-02 19:38:00,48.23641338,47.04234595655737,-0.10707379422015051,1.3011412176627815
803,2021-10-02 20:08:00,47.10337241,46.547011998672815,0.691461812885348,-0.13510140155816686
804,2021-10-02 20:38:00,46.4224235,46.05335707930306,1.2707172495686982,-0.9016508288717588
805,2021-10-02 21:08:00,44.61725932,45.56230683588156,2.5217644053045456,-3.4668119211860997
806,2021-10-02 21:38:00,45.55413096,45.07414143034505,2.984103162463356,-2.504113632808405
807,2021-10-02 22:08:00,44.11763841,44.58902205275777,-0.1804308185781523,-0.29095282417961954
808,2021-10-02 22:38:00,44.69403345,44.107052270741114,0.43522522426184085,0.15175595499704286
809,2021-10-02 23:08:00,43.69300539,43.62824400282754,0.22621800312739132,-0.16145661595493266
810,2021-10-02 23:38:00,41.17749557,43.15252545690245,-1.8898296819811673,-0.08520020492128566
811,2021-10-03 00:08:00,41.48571687,42.679783802033796,-0.7447941905016359,-0.44927274153216246
812,2021-10-03 00:38:00,42.31195205,42.20989212749197,0.20066376753815002,-0.09860384503011943
813,2021-10-03 01:08:00,38.27622686,41.74273456227071,-3.239183340920638,-0.22732436135007106
814,2021-10-03 01:38:00,39.04022424,41.278224473300334,-1.0358524015297483,-1.2021478317705814
815,2021-10-03 02:08:00,38.28566265,40.81632461462476,-1.377602541016789,-1.1530594236079708
816,2021-10-03 02:38:00,35.13916677,40.35704806013753,-4.0421546932307075,-1.17572659690682
817,2021-10-03 03:08:00,36.29564999,39.90045613657357,-2.803807526336354,-0.800998620237209
818,2021-10-03 03:38:00,36.09828482,39.44662785003106,-2.7340662872500388,-0.6142767427810156
819,2021-10-03 04:08:00,38.34811197,38.995686324307364,-1.7657982779475012,1.1182239236401372
820,2021-10-03 04:38:00,36.20342578,38.547824597999806,-2.565994618259141,0.22159580025933678
821,2021-10-03 05:08:00,33.81054888,38.10329542752784,-3.4576083919032716,-0.8351381556245698
822,2021-10-03 05:38:00,35.02004595,37.662380088071714,-2.6778165627331423,0.03548242466142426
823,2021-10-03 06:08:00,36.87075452,37.22535786723334,1.1760604289443637,-1.530663776177704
824,2021-10-03 06:38:00,35.10449838,36.792501744455265,1.4897683062154807,-3.1777716706707437
825,2021-10-03 07:08:00,38.78913006,36.3640531020279,2.8151521887936433,-0.3900752308215445
826,2021-10-03 07:38:00,34.88610792,35.94015070472831,-0.6570144394794789,-0.39702834524882746
827,2021-10-03 08:08:00,39.97590773,35.520818146961425,4.859077336247608,-0.40398775320903013
828,2021-10-03 08:38:00,36.69724653,35.106008423121075,2.0021894622291656,-0.4109513553502424
829,2021-10-03 09:08:00,37.37500006,34.69565140479594,3.097264250839943,-0.41791559563588265
830,2021-10-03 09:38:00,35.79487346,34.28968878236245,1.9300601736571972,-0.424875496019645
831,2021-10-03 10:08:00,36.48508419,33.88809347437954,3.028815191812571,-0.43182447619210507
832,2021-10-03 10:38:00,34.44951149,33.49087219469173,1.3973934233583427,-0.4387541280500784
833,2021-10-03 11:08:00,35.95385131,33.09805123694898,3.3014542368907067,-0.44565416383969136
834,2021-10-03 11:38:00,33.50801559,32.70965195643542,1.2508762763562409,-0.45251264279166037
835,2021-10-03 12:08:00,33.01301677,32.325682015203604,1.5983754399444374,-0.9110406851480413
836,2021-10-03 12:38:00,32.09237973,31.946147999626138,1.7714941010883263,-1.6252623707144664
837,2021-10-03 13:08:00,32.08524407,31.571053960080935,1.8846795665934892,-1.3704894566744237
838,2021-10-03 13:38:00,30.81445276,31.200404314388614,1.2230628121649423,-1.6090143665535557
839,2021-10-03 14:08:00,30.39937426,30.834182581083457,0.5553696025658104,-0.99017792364927
840,2021-10-03 14:38:00,28.24016708,30.472342336969614,-1.518729904164518,-0.713445352805099
841,2021-10-03 15:08:00,28.31668843,30.11482227253867,-0.7999878092846936,-0.9981460332539775
842,2021-10-03 15:38:00,26.83824081,29.761560507076375,-1.8923063750925853,-1.0310133219837923
843,2021-10-03 16:08:00,26.81641666,29.412507385756946,-1.421479974780031,-1.174610750976914
844,2021-10-03 16:38:00,27.34943248,29.067622279334692,-0.9837361596041017,-0.7344536397305887
845,2021-10-03 17:08:00,25.91755661,28.72688198544087,-2.2794517343573215,-0.5298736410835474
846,2021-10-03 17:38:00,25.66604824,28.390306705908912,-2.965449441783722,0.2411909758748081
847,2021-10-03 18:08:00,25.87906016,28.057963445654153,-3.7477161663573417,1.5688128807031916
848,2021-10-03 18:38:00,26.48066338,27.729967885382738,-2.460822814572121,1.2115183091893833
849,2021-10-03 19:08:00,27.52645694,27.40649048797594,-2.3183851998924756,2.438351651916534
850,2021-10-03 19:38:00,25.36000773,27.08797932225287,0.9433158441522569,-2.6712874364051267
851,2021-10-03 20:08:00,26.78046704,26.775643094147277,4.028136052983845,-4.023312107131119
852,2021-10-03 20:38:00,26.05273844,26.47160202816594,3.294636565271861,-3.7135001534378027
853,2021-10-03 21:08:00,26.23510987,26.179124005215538,3.0647268111872266,-3.0087409464027672
854,2021-10-03 21:38:00,25.45808195,25.903198088397662,2.5647569915744954,-3.0098731299721564
855,2021-10-03 22:08:00,26.30383088,25.65060226628662,1.1339019129675485,-0.4806732992541676
856,2021-10-03 22:38:00,24.60508211,25.429579343662798,1.199339207494211,-2.023836441157009
857,2021-10-03 23:08:00,25.82018129,25.249047173123657,1.7141275389051995,-1.1429934220288551
858,2021-10-03 23:38:00,23.67717544,25.117399497299733,-0.20315748670386335,-1.2370665705958714
859,2021-10-04 00:08:00,23.95869316,25.040964766324695,-0.6998532973151459,-0.3824183090095481
860,2021-10-04 00:38:00,22.74655883,25.022206196500257,-0.8572679533170263,-1.418379413183228
861,2021-10-04 01:08:00,22.61517225,25.05884610411946,-1.6066169550898162,-0.8370568990296441
862,2021-10-04 01:38:00,19.64817966,25.1443199593716,-2.4837237469653544,-3.012416552406247
863,2021-10-04 02:08:00,20.51049614,25.268790380883196,-3.32380777700482,-1.4344864638783754
864,2021-10-04 02:38:00,19.78990969,25.420921264330588,-5.105490903974748,-0.5255206703558386
865,2021-10-04 03:08:00,19.77493744,25.589830093562554,-5.3093863429907415,-0.505506310571814
866,2021-10-04 03:38:00,18.63665695,25.766246313494218,-5.658223142343766,-1.4713662211504541
867,2021-10-04 04:08:00,18.30966756,25.9429554551188,-5.057299917340595,-2.5759879777782047
868,2021-10-04 04:38:00,18.04709568,26.11511187991362,-5.699190740808789,-2.36882545910483
869,2021-10-04 05:08:00,18.60905202,26.279941255750856,-4.662562900768171,-3.0083263349826836
870,2021-10-04 05:38:00,16.92722678,26.436321923102096,-3.2559268239551815,-6.253168319146912
871,2021-10-04 06:08:00,16.99106059,26.584323122383257,1.9276117842997165,-11.520874316682974
872,2021-10-04 06:38:00,17.14432723,26.724834209254926,3.558000190662785,-13.138507169917713
873,2021-10-04 07:08:00,17.41280135,26.859388137616936,5.904453950788442,-15.351040738405379
874,2021-10-04 07:38:00,16.83543169,26.98986051146961,3.5754221788706007,-13.729851000340211
875,2021-10-04 08:08:00,17.18515901,27.118058817850798,6.349500682519914,-16.282400490370712
876,2021-10-04 08:38:00,17.10514227,27.245683456367548,4.164210488029118,-14.304751674396664
877,2021-10-04 09:08:00,16.58823242,27.37395499844998,3.4147061324632926,-14.200428710913274
878,2021-10-04 09:38:00,16.49648401,27.50376025779047,2.655184276211843,-13.662460524002315
879,2021-10-04 10:08:00,16.03206474,27.635821619586803,2.997142990643181,-14.600899870229984
880,2021-10-04 10:38:00,16.55433165,27.770781303520614,1.9460874727074104,-13.162537126228024
881,2021-10-04 11:08:00,16.44745098,27.90924552928194,1.7969460016179326,-13.258740550899873
882,2021-10-04 11:38:00,15.40823887,28.051807819936492,1.744482615446239,-14.388051565382732
883,2021-10-04 12:08:00,15.11510422,28.199031515873283,0.45161403964172386,-13.535541335515008
884,2021-10-04 12:38:00,14.15593856,28.351394148013977,1.1043161295133048,-15.299771717527282
885,2021-10-04 13:08:00,14.54959696,28.5092610497573,1.2591756580302593,-15.218839747787557
886,2021-10-04 13:38:00,14.25802521,28.67284849236245,0.5295728455419413,-14.944396127904394
887,2021-10-04 14:08:00,14.3751287,28.842238219490607,0.3122627081801451,-14.779372227670752
888,2021-10-04 14:38:00,13.46740201,29.01739262336999,-0.8658544755688214,-14.684136137801167
889,2021-10-04 15:08:00,12.60970137,29.198129915645197,-1.145376000573597,-15.4430525450716
890,2021-10-04 15:38:00,13.16042562,29.384094504213856,-1.7058066929904472,-14.517862191223408
891,2021-10-04 16:08:00,13.45289481,29.57472497159421,-3.084268080438023,-13.037562081156189
892,2021-10-04 16:38:00,13.18198326,29.769269395804216,-2.830402937579339,-13.756883198224877
893,2021-10-04 17:08:00,14.82267776,29.966828610757037,-3.670163642826256,-11.473987207930783
894,2021-10-04 17:38:00,18.67037637,30.166485596192008,-4.384356491041439,-7.111752735150571
895,2021-10-04 18:08:00,21.53754879,30.36752507222577,-5.593045964084948,-3.236930318140825
896,2021-10-04 18:38:00,22.44335525,30.56971388635069,-4.578901350764577,-3.5474572855861126
897,2021-10-04 19:08:00,23.08958287,30.77358531699268,-4.312460594053432,-3.371541852939245
898,2021-10-04 19:38:00,32.89036337,30.98032198160095,1.5313811188613147,0.3786602695377361
899,2021-10-04 20:08:00,39.2258075,31.191617956666782,8.013322367620649,0.020867175712570685
900,2021-10-04 20:38:00,38.05551024,31.40968904992694,6.19549530945932,0.45032588061373957
901,2021-10-04 21:08:00,37.62321086,31.63737228641629,5.823818216686751,0.16202035689695649
902,2021-10-04 21:38:00,36.05419205,31.878178436226765,3.9225960928017476,0.2534175209714853
903,2021-10-04 22:08:00,33.66590625,32.13650312563162,0.36330989382693774,1.166093230541442
904,2021-10-04 22:38:00,33.93607598,32.41728642766151,2.9095415914662754,-1.3907520391277863
905,2021-10-04 23:08:00,34.79719425,32.72545141733072,3.8279251618013435,-1.7561823291320628
906,2021-10-04 23:38:00,33.84837363,33.06496569624439,0.6473694051943003,0.13603852856130771
907,2021-10-05 00:08:00,31.14132652,33.43770045821302,-1.2087175894420772,-1.087656348770949
908,2021-10-05 00:38:00,30.91710621,33.84265047108941,-1.8287501469455982,-1.0967941141438118
909,2021-10-05 01:08:00,33.53495998,34.276485540492224,-2.1523243137814734,1.4107987532892423
910,2021-10-05 01:38:00,32.61396191,34.735418512884586,-2.533109350713364,0.41165274782878214
911,2021-10-05 02:08:00,29.82959302,35.217715424677515,-3.7565523816638717,-1.6315700230136443
912,2021-10-05 02:38:00,29.58243043,35.72513315001421,-5.804903897606035,-0.3377988224081747
913,2021-10-05 03:08:00,28.08252052,36.261787928258954,-6.720301374302972,-1.4589660339559813
914,2021-10-05 03:38:00,28.78240712,36.83273100213904,-6.438885407579038,-1.6114384745600034
915,2021-10-05 04:08:00,29.01031286,37.44117739901249,-6.145898562736777,-2.284965976275714
916,2021-10-05 04:38:00,29.90789312,38.08505098834274,-5.6688460734545245,-2.5083117948882148
917,2021-10-05 05:08:00,34.96467637,38.75733100742736,-2.9990018189576038,-0.7936528184697593
918,2021-10-05 05:38:00,36.89548655,39.448947416008174,-3.166478742480595,0.6130178764724192
919,2021-10-05 06:08:00,41.97401537,40.151407023483095,4.511715535014931,-2.6891071884980278
920,2021-10-05 06:38:00,51.56697824,40.858084894169686,6.248539187763668,4.460354158066643
921,2021-10-05 07:08:00,60.44094626,41.56450121680666,7.87071517377025,11.005729869423085
922,2021-10-05 07:38:00,69.16250986,42.26788527176091,6.250472531157722,20.64415205708137
923,2021-10-05 08:08:00,74.95240952,42.96593767780144,7.54664041709301,24.439831425105545
924,2021-10-05 08:38:00,74.27389796,43.65487264928142,5.700525318425445,24.91849999229313
925,2021-10-05 09:08:00,81.86508787,44.330230542981745,4.378623122825766,33.15623420419248
926,2021-10-05 09:38:00,77.57065907,44.98742888150216,3.31408212838161,29.26914806011623
927,2021-10-05 10:08:00,78.96505966,45.62132502166267,3.4899091667873043,29.853825471550024
928,2021-10-05 10:38:00,73.52488075,46.2269768262733,2.7701670561807625,24.527736867545926
929,2021-10-05 11:08:00,76.78928079,46.80009771318871,2.1203089651080123,27.868874111703285
930,2021-10-05 11:38:00,73.11222943,47.33763749116615,2.2894942083076186,23.485097730526235
931,2021-10-05 12:08:00,72.75075161,47.838222080053754,0.283518212993583,24.629011316952656
932,2021-10-05 12:38:00,74.07640921,48.30246238249512,-0.08729759795042469,25.861244425455297
933,2021-10-05 13:08:00,75.53320186,48.73317145284573,1.3340580832230056,25.465972323931275
934,2021-10-05 13:38:00,76.09538038,49.13424971637414,0.47238632332448616,26.488744340301366
935,2021-10-05 14:08:00,76.68419323,49.51029465597513,0.25767465580114723,26.91622391822372
936,2021-10-05 14:38:00,70.85460264,49.86626115873112,-0.4799699167727707,21.46831139804165
937,2021-10-05 15:08:00,77.3598557,50.20734174361951,-1.4956110425877056,28.6481249989682
938,2021-10-05 15:38:00,75.69799495,50.53883786533365,-2.271952853736259,27.431109938402614
939,2021-10-05 16:08:00,76.21434682,50.86604824592764,-4.699003246520756,30.047301820593127
940,2021-10-05 16:38:00,79.61934126,51.194296637625115,-4.66710565642548,33.09215027880036
941,2021-10-05 17:08:00,81.08409789,51.529023175867806,-4.966888899466531,34.521963613598714
942,2021-10-05 17:38:00,78.25334705,51.87586096110342,-6.064115895658641,32.44160198455523
943,2021-10-05 18:08:00,76.10719629,52.24070565875609,-7.249498320396581,31.115988951640496
944,2021-10-05 18:38:00,74.0021942,52.62974740465895,-6.49478804982853,27.867234845169584
945,2021-10-05 19:08:00,69.71899923,53.04955535534734,-6.378537346291315,23.047981220943967
946,2021-10-05 19:38:00,67.60142132,53.507436559180746,2.7672634846690563,11.326721276150195
947,2021-10-05 20:08:00,69.08660474,54.011552388024,6.700848226012225,8.374204125963772
948,2021-10-05 20:38:00,70.19610308,54.57086834490747,5.366109146277987,10.259125588814541
949,2021-10-05 21:08:00,70.44847338,55.19472627508582,3.6372419894565944,11.616505115457578
950,2021-10-05 21:38:00,70.35573893,55.891780526141034,1.9720827378743346,12.491875665984637
951,2021-10-05 22:08:00,66.19649175,56.66792356670338,-1.0074300540014312,10.53599823729806
952,2021-10-05 22:38:00,66.51747244,57.52296701972082,1.720465689265999,7.274039731013197
953,2021-10-05 23:08:00,66.71705961,58.44679532628396,2.9458350497191037,5.324429233996945
954,2021-10-05 23:38:00,63.90488081,59.415757381682035,-0.5175888705913179,5.006712298909285
955,2021-10-06 00:08:00,63.34783977,60.39027104145004,-2.575359884078603,5.5329286126285595
956,2021-10-06 00:38:00,61.55062719,61.31643311105718,-3.2244829824709984,3.458677061413823
957,2021-10-06 01:08:00,65.0110782,62.13482970555923,-4.315232942495799,7.19148143693657
958,2021-10-06 01:38:00,62.78094078,62.79371934402451,-2.9907254342131386,2.9779468701886316
959,2021-10-06 02:08:00,61.96399416,63.26224292202569,-4.172136667666264,2.873887905640572
960,2021-10-06 02:38:00,67.65506981,63.53757821573643,-5.996771436554008,10.114263030817582
961,2021-10-06 03:08:00,69.84241665,63.64261252813846,-6.209318802878335,12.409122924739876
962,2021-10-06 03:38:00,72.51929518,63.61644786732525,-5.358192836322202,14.261040148996955
963,2021-10-06 04:08:00,70.7401254,63.502641602802484,-5.127779062552896,12.365262859750402
964,2021-10-06 04:38:00,72.816127,63.33974860297165,-3.72307648867776,13.199454885706103
965,2021-10-06 05:08:00,74.33634772,63.155717007213326,-1.2306424253804011,12.411273138167076
966,2021-10-06 05:38:00,73.32442279,62.96683780741732,-0.6302775317065881,10.987862514289262
967,2021-10-06 06:08:00,73.59570699,62.77974762129051,6.103694632023544,4.712264736685938
968,2021-10-06 06:38:00,67.78509547,62.59620923580704,7.660275706722081,-2.4713894725291183
969,2021-10-06 07:08:00,73.69103778,62.417675653018364,9.317421103415754,1.9559410235658845
970,2021-10-06 07:38:00,73.50743633,62.24590690325559,8.18949252801104,3.072036898733373
971,2021-10-06 08:08:00,70.66610403,62.08236634106973,8.824919727051354,-0.24118203812108163
972,2021-10-06 08:38:00,69.7032571,61.92826895850837,6.7708461451182504,1.0041419963733844
973,2021-10-06 09:08:00,65.1555114,61.78470096080171,5.980388903098984,-2.6095784639006965
974,2021-10-06 09:38:00,65.1147343,61.65251973218806,4.388473173875231,-0.9262586060632998
975,2021-10-06 10:08:00,63.85942746,61.53228848460027,4.522224289148347,-2.1950853137486206
976,2021-10-06 10:38:00,63.89858572,61.42431374623933,4.080377538055341,-1.6061055642946727
977,2021-10-06 11:08:00,59.58564942,61.32868880461009,3.2434715691181317,-4.986510953728221
978,2021-10-06 11:38:00,63.48492859,61.245326845118285,2.7311989007428155,-0.49159715586110053
979,2021-10-06 12:08:00,59.18892423,61.17400933220307,1.119153952658282,-3.1042390548613525
980,2021-10-06 12:38:00,60.5018647,61.11440693363454,0.3613502463429416,-0.9738924799774864
981,2021-10-06 13:08:00,61.072864,61.06608821708672,2.480357754888646,-2.4735819719753636
982,2021-10-06 13:38:00,60.21419081,61.02849749399438,1.7787554566920065,-2.593062140686385
983,2021-10-06 14:08:00,60.15420853,61.00104728244535,1.1349461828739407,-1.9817849353192898
984,2021-10-06 14:38:00,60.31236691,60.9830940454077,0.022636336880432657,-0.6933634722881266
985,2021-10-06 15:08:00,59.05295133,60.97407050094664,-1.3440147552991284,-0.5771044156475114
986,2021-10-06 15:38:00,58.55933174,60.97352298787125,-2.199012134398135,-0.2151791134731127
987,2021-10-06 16:08:00,54.86700266,60.981115844913184,-4.752803271613723,-1.3613099132994648
988,2021-10-06 16:38:00,54.49820407,60.99662015881955,-5.0337780571659785,-1.4646380316535783
989,2021-10-06 17:08:00,54.62437213,61.01983406535204,-5.06018608202156,-1.3352758533304865
990,2021-10-06 17:38:00,54.62990482,61.05057681190217,-5.787083130157201,-0.6335888617449683
991,2021-10-06 18:08:00,53.28060984,61.08869856194647,-6.636518137090397,-1.1715705848560773
992,2021-10-06 18:38:00,53.99113658,61.13408617520577,-6.237426885351319,-0.905522709854452
993,2021-10-06 19:08:00,53.82671319,61.18666300420852,-6.544302918824718,-0.8156468953838001
994,2021-10-06 19:38:00,48.8785232,61.2463774844725,0.7235866664815405,-13.091440950954038
995,2021-10-06 20:08:00,51.6893013,61.31319399934512,2.4479724972174766,-12.071865196562598
996,2021-10-06 20:38:00,49.12422384,61.38704842511136,2.201126814966538,-14.463951400077896
997,2021-10-06 21:08:00,49.64296077,61.467820482188955,0.36982464902581974,-12.194684361214776
998,2021-10-06 21:38:00,49.38945317,61.55533102653373,-0.9306118066686093,-11.235266049865118
999,2021-10-06 22:08:00,52.87843096,61.649279609293295,-2.4617443112400323,-6.30910433805326
1000,2021-10-06 22:38:00,49.32402121,61.74924910074426,-0.5127038214831858,-11.912524069261075
1001,2021-10-06 23:08:00,51.36984886,61.85470747728141,0.27604778681991987,-10.760906404101334
1002,2021-10-06 23:38:00,53.73692756,61.96498845777796,-1.9762790459220643,-6.2517818518559025
1003,2021-10-07 00:08:00,53.62807349,62.079289218939465,-3.6107194533463978,-4.840496275593068
1004,2021-10-07 00:38:00,51.91628078,62.196626642695655,-4.351423527988602,-5.928922334707053
1005,2021-10-07 01:08:00,53.75239941,62.31579360050459,-6.177480845210353,-2.3859133452942345
1006,2021-10-07 01:38:00,55.20278749,62.43547967312002,-3.2341710194131807,-3.9985211637068403
1007,2021-10-07 02:08:00,56.50573908,62.554404594741705,-4.43343120351745,-1.6152343112242562
1008,2021-10-07 02:38:00,55.80547766,62.67126314652736,-6.236687356141962,-0.629098130385394
1009,2021-10-07 03:08:00,55.32744285,62.78476996228639,-5.87196080771822,-1.5853663045681756
1010,2021-10-07 03:38:00,57.96465819,62.893769155618195,-4.456055482708625,-0.47305548290956523
1011,2021-10-07 04:08:00,59.43673357,62.99730728538578,-4.343824652209969,0.7832509368241887
1012,2021-10-07 04:38:00,62.33638596,63.094711082432,-2.0419437568362637,1.283618634404263
1013,2021-10-07 05:08:00,69.92135963,63.185626817764074,0.4942672159531767,6.241465596282751
1014,2021-10-07 05:38:00,74.9552323,63.26992073583794,1.303129031182421,10.382182532979641
1015,2021-10-07 06:08:00,73.08977723,63.347661746316774,7.236529547841376,2.50558593584185
1016,2021-10-07 06:38:00,74.13855091,63.419021183961505,8.104339944150848,2.6151897818876506
1017,2021-10-07 07:08:00,72.30873888,63.4842551038493,10.72455610142084,-1.9000723252701306
1018,2021-10-07 07:38:00,70.71290678,63.54372348327645,10.162330775639305,-2.993147478915759
1019,2021-10-07 08:08:00,73.98458935,63.597807909407045,10.112806503422926,0.2739749371700242
1020,2021-10-07 08:38:00,71.26588373,63.646921596931485,7.481006162985527,0.13795597008298444
1021,2021-10-07 09:08:00,75.47785022,63.69144403927213,7.3857459155154705,4.4006602652123945
1022,2021-10-07 09:38:00,69.52760483,63.73168563137862,5.805817496380277,-0.009898297758894614
1023,2021-10-07 10:08:00,71.97446118,63.767773885088985,5.497514953771267,2.709172341139748
1024,2021-10-07 10:38:00,70.64276711,63.79962894712226,5.542664727414629,1.300473435463104
1025,2021-10-07 11:08:00,72.47710978,63.82693880869945,4.0476811982108885,4.6024897730896726
1026,2021-10-07 11:38:00,74.4670135,63.84930317215776,2.9642232600261518,7.653487067816087
1027,2021-10-07 12:08:00,68.36040566,63.86621254123789,2.104051551520595,2.390141567241507
1028,2021-10-07 12:38:00,74.44093234,63.8771445516375,0.9756739985208972,9.5881137898416
1029,2021-10-07 13:08:00,72.10149093,63.88157865527747,3.4307879452099996,4.789124329512525
1030,2021-10-07 13:38:00,72.24333882,63.87904726405009,2.923330502597913,5.440961053352012
1031,2021-10-07 14:08:00,71.35732323,63.86919083146723,1.777582248864121,5.710550149668656
1032,2021-10-07 14:38:00,68.65916477,63.85183353134126,-0.07496952078381736,4.882300759442565
1033,2021-10-07 15:08:00,71.05308082,63.82698459714898,-1.2309310735674666,8.457027296418488
1034,2021-10-07 15:38:00,70.49616061,63.7948479659041,-2.163329582842593,8.8646422269385
1035,2021-10-07 16:08:00,75.81121524,63.75578897923942,-4.625232782933187,16.68065904369376
1036,2021-10-07 16:38:00,75.22663631,63.71029667375077,-5.2310666829786765,16.747406319227913
1037,2021-10-07 17:08:00,73.71028736,63.65897100880395,-4.9982496414124835,15.049565992608528
1038,2021-10-07 17:38:00,74.67164491,63.602478423693256,-5.40882674230029,16.477993228607033
1039,2021-10-07 18:08:00,73.20932826,63.541448596586974,-6.2116018606729115,15.879481524085946
1040,2021-10-07 18:38:00,71.74016732,63.47631895554212,-6.11815223694674,14.38200060140462
1041,2021-10-07 19:08:00,73.55328509,63.40719396874999,-6.820729379101142,16.966820500351147
1042,2021-10-07 19:38:00,67.82596407,63.334006787251816,-0.35383191039056483,4.845789193138749
1043,2021-10-07 20:08:00,66.00476462,63.25656678773724,-0.9666590126393351,3.7148568449021013
1044,2021-10-07 20:38:00,67.3353343,63.174533787022675,-0.12452774153397286,4.285328254511292
1045,2021-10-07 21:08:00,63.81293457,63.087424520898594,-2.359815273191906,3.085325322293315
1046,2021-10-07 21:38:00,62.04511911,62.99459260404852,-3.4660795695719395,2.516606075523427
1047,2021-10-07 22:08:00,61.50000957,62.89513114989412,-4.306868925816387,2.9117473459222722
1048,2021-10-07 22:38:00,61.15154196,62.78811905092194,-2.41367077902707,0.7770936881051327
1049,2021-10-07 23:08:00,61.32314818,62.67282789986282,-2.0377883573535374,0.6881086374907142
1050,2021-10-07 23:38:00,59.00038798,62.54864518681731,-3.621125647453321,0.07286844063600739
1051,2021-10-08 00:08:00,58.76864272,62.41501724851992,-4.83234528833354,1.185970759813621
1052,2021-10-08 00:38:00,57.58869744,62.27156474354395,-5.644846091458723,0.9619787879147736
1053,2021-10-08 01:08:00,54.54139733,62.04823277983071,-8.303618825005433,0.7967833751747264
1054,2021-10-08 01:38:00,59.29462907,61.8204536152402,-3.695113426663217,1.1692888814230216
1055,2021-10-08 02:08:00,57.39231813,61.58858405296064,-4.806299312179685,0.6100333892190406
1056,2021-10-08 02:38:00,55.69584183,61.35304182602466,-6.526581976134292,0.8693819801096296
1057,2021-10-08 03:08:00,57.53425027,61.11422020388175,-5.503571230592698,1.9236012967109488
1058,2021-10-08 03:38:00,58.47907585,60.87245838642906,-3.4938080757477743,1.1004255393187137
1059,2021-10-08 04:08:00,57.4814778,60.62803781215432,-3.4387325454383664,0.29217253328404524
1060,2021-10-08 04:38:00,60.1244821,60.381193574732585,-0.2360288209909499,-0.020682653741630475
1061,2021-10-08 05:08:00,61.23979169,60.13212699834029,2.261927416671967,-1.1542627250122592
1062,2021-10-08 05:38:00,63.47500687,59.88101481858556,3.207464087581516,0.38652796383292554
1063,2021-10-08 06:08:00,65.4819181,59.62801597875376,8.066434357130968,-2.212532235884723
1064,2021-10-08 06:38:00,66.86536475,59.37327290798874,8.23211536098405,-0.740023518972798
1065,2021-10-08 07:08:00,71.88270017,59.1169178926218,11.807185414884062,0.9585968624941472
1066,2021-10-08 07:38:00,71.75925493,58.85907158625647,11.703855983501672,1.1963273602418596
1067,2021-10-08 08:08:00,70.28648083,58.59984025486968,11.355108979245173,0.3315315958851457
1068,2021-10-08 08:38:00,66.13242263,58.33931716354986,7.817695847898657,-0.024590381448518883
1069,2021-10-08 09:08:00,66.34151184,58.07758609803403,8.94949576704568,-0.6855700250797128
1070,2021-10-08 09:38:00,66.0558545,57.81472382459175,7.421234731103455,0.8198959443047897
1071,2021-10-08 10:08:00,63.7791366,57.55080142286269,6.62561796717663,-0.3972827900393199
1072,2021-10-08 10:38:00,64.65795797,57.285883191411315,7.187837775022383,0.18423700356630235
1073,2021-10-08 11:08:00,61.82580294,57.02002847287521,5.2243023632021295,-0.418527896077336
1074,2021-10-08 11:38:00,59.62015618,56.75329193658679,3.0993103125794437,-0.23244606916622956
1075,2021-10-08 12:08:00,59.93636368,56.485724628271576,3.45655299117365,-0.0059139394452287775
1076,2021-10-08 12:38:00,58.76487586,56.21737414976743,1.7691194414989555,0.7783822687336084
1077,2021-10-08 13:08:00,59.85266921,55.948284305731505,4.536004535689873,-0.6316196314213727
1078,2021-10-08 13:38:00,59.46589593,55.67849480004998,4.274735644577742,-0.4873345146277259
1079,2021-10-08 14:08:00,57.35719797,55.40804325576098,2.5183628732498042,-0.5692081590107847
1080,2021-10-08 14:38:00,53.49856724,55.13696570717349,-0.4343007637314326,-1.2040977034420521
1081,2021-10-08 15:08:00,54.0559211,54.865297028631744,-1.0985728795570375,0.2891969509252945
1082,2021-10-08 15:38:00,52.76608289,54.59307141175641,-2.167854110450784,0.34086558869437056
1083,2021-10-08 16:08:00,51.09705647,54.320320567556706,-4.209348445532672,0.9860843479759609
1084,2021-10-08 16:38:00,49.96407931,54.04707309000274,-5.116515864956688,1.033522084953951
1085,2021-10-08 17:08:00,50.11366124,53.77335369084934,-4.653693716140181,0.9940012652908408
1086,2021-10-08 17:38:00,49.41619629,53.4991831117255,-4.877017587727372,0.7940307660018746
1087,2021-10-08 18:08:00,48.65152297,53.22457840586675,-5.669033557621027,1.0959781217542783
1088,2021-10-08 18:38:00,48.03945889,52.94955326894303,-5.894576504984883,0.9844821260418541
1089,2021-10-08 19:08:00,46.62842864,52.67411780552509,-6.995774234147915,0.9500850686228262
1090,2021-10-08 19:38:00,49.24006638,52.3982786878057,-1.4988260708671863,-1.6593862369385093
1091,2021-10-08 20:08:00,45.42852651,52.12204040415461,-4.639572274515977,-2.0539416196386355
1092,2021-10-08 20:38:00,47.45840059,51.84540977919944,-2.58553418284771,-1.8014750063517369
1093,2021-10-08 21:08:00,44.96843517,51.568397575121786,-5.239418296657224,-1.360544108464559
1094,2021-10-08 21:38:00,44.09818751,51.291018173070064,-6.138700630662039,-1.0541300324080254
1095,2021-10-08 22:08:00,44.50927304,51.0132887508502,-6.101579140680148,-0.4024365701700603
1096,2021-10-08 22:38:00,45.89908121,50.73522832982678,-4.556498613658168,-0.2796485061686127
1097,2021-10-08 23:08:00,45.43073651,50.456856382671226,-4.630132265358609,-0.3959876073126125
1098,2021-10-08 23:38:00,45.9415207,50.17819235916284,-5.363801844727958,1.1271301855651146
