Event_No,Datetime,Y Frequency_observed,Y Frequency_trend,Y Frequency_seasonal,Y Frequency_resid
571,2021-09-28 00:08:00,0.213,0.20884433726715282,0.002676934199182616,0.0014787285336645695
572,2021-09-28 00:38:00,0.213,0.2086492408551043,0.0027261172273809683,0.001624641917514713
573,2021-09-28 01:08:00,0.213,0.2084549060395681,0.005300615794776879,-0.000755521834344991
574,2021-09-28 01:38:00,0.213,0.2082613530472435,-0.0006323062808124302,0.005370953233568926
575,2021-09-28 02:08:00,0.213,0.20806860121674578,0.0036823627901777,0.0012490359930765194
576,2021-09-28 02:38:00,0.2,0.20787666065354077,-0.010996042313514575,0.00311938165997383
577,2021-09-28 03:08:00,0.2,0.20768553547762686,-0.003109555765493505,-0.004575979712133332
578,2021-09-28 03:38:00,0.225,0.20749522552208488,-0.012205051384613282,0.029709825862528405
579,2021-09-28 04:08:00,0.2,0.20730573734508595,-0.00915256570529491,0.0018468283602089686
580,2021-09-28 04:38:00,0.2,0.20711707896566242,-0.004406018644591952,-0.002711060321070463
581,2021-09-28 05:08:00,0.225,0.20692925649527194,0.008932876257517746,0.00913786724721033
582,2021-09-28 05:38:00,0.225,0.20674227763373865,0.023074424610575836,-0.004816702244314464
583,2021-09-28 06:08:00,0.213,0.20655614295228786,0.0034931351749207117,0.002950721872791412
584,2021-09-28 06:38:00,0.2,0.20637085683667553,-0.006684271895626827,0.0003134150589512996
585,2021-09-28 07:08:00,0.2,0.20618642070572585,-0.006179773276787917,-6.6474289379114815e-06
586,2021-09-28 07:38:00,0.2,0.20600283426293733,-0.00734278978357475,0.0013399555206374258
587,2021-09-28 08:08:00,0.2,0.20582009655180475,-0.009419104507165411,0.003599007955360667
588,2021-09-28 08:38:00,0.188,0.20563820299292038,-0.013575166905471506,-0.004063036087448874
589,2021-09-28 09:08:00,0.2,0.20545714414546726,-0.004203963388508225,-0.0012531807569590159
590,2021-09-28 09:38:00,0.2,0.20527691543235124,-0.005119661025259513,-0.000157254407091717
591,2021-09-28 10:08:00,0.2,0.20509751591311226,-0.002826315532765044,-0.002271200380347199
592,2021-09-28 10:38:00,0.188,0.20491894654796014,-0.01675805858932163,-0.00016088795863850036
593,2021-09-28 11:08:00,0.188,0.20474121251136287,-0.01660690859461851,-0.00013430391674437714
594,2021-09-28 11:38:00,0.188,0.20456432104451713,-0.01550996387695311,-0.001054357167564024
595,2021-09-28 12:08:00,0.188,0.2043882811190676,-0.0158627029884449,-0.0005255781306227059
596,2021-09-28 12:38:00,0.188,0.20421310495264663,-0.012204724166688479,-0.0040083807859581655
597,2021-09-28 13:08:00,0.188,0.20403880925227208,-0.012061941362569153,-0.0039768678897029175
598,2021-09-28 13:38:00,0.188,0.2038654212675573,-0.015492034125875461,-0.00037338714168183573
599,2021-09-28 14:08:00,0.2,0.2036929803967814,-0.007781138654716768,0.004088158257935376
600,2021-09-28 14:38:00,0.213,0.20352153193641606,0.0068200584608732,0.002658409602710743
601,2021-09-28 15:08:00,0.2,0.2033511185637359,-0.0011490586758691503,-0.002202059887866731
602,2021-09-28 15:38:00,0.2,0.20318178186398128,-0.004451891777849236,0.0012701099138679728
603,2021-09-28 16:08:00,0.2,0.20301357045379084,-0.005017457817843217,0.0020038873640523813
604,2021-09-28 16:38:00,0.225,0.2028465356660815,0.024942790802626895,-0.0027893264687083863
605,2021-09-28 17:08:00,0.2,0.20268073057280875,-0.0008000567181516547,-0.0018806738546570945
606,2021-09-28 17:38:00,0.225,0.20251622073683806,0.028914705143154966,-0.006430925879993027
607,2021-09-28 18:08:00,0.213,0.20235309086789388,0.03832780097003966,-0.02768089183793354
608,2021-09-28 18:38:00,0.213,0.20219145630933147,0.00875403571579527,0.0020545079748732487
609,2021-09-28 19:08:00,0.2,0.202031458572779,0.03839506203198972,-0.0404265206047687
610,2021-09-28 19:38:00,0.2,0.20187326615587184,0.00011053425431436389,-0.0019838004101861983
611,2021-09-28 20:08:00,0.188,0.2017170941203826,0.03842818558586495,-0.05214527970624755
612,2021-09-28 20:38:00,0.2,0.20156323341694346,0.0004080945991354262,-0.0019713280160788826
613,2021-09-28 21:08:00,0.2,0.20141207929170196,0.000661404564290264,-0.0020734838559922086
614,2021-09-28 21:38:00,0.188,0.20126417320201975,-0.012419128873239026,-0.0008450443287807141
615,2021-09-28 22:08:00,0.2,0.20112022441433558,-0.004269830785501977,0.0031496063711664024
616,2021-09-28 22:38:00,0.2,0.20098104288756694,0.00028406297227080094,-0.0012651058598377174
617,2021-09-28 23:08:00,0.2,0.20084725527380787,0.0006752219642135366,-0.0015224772380214024
618,2021-09-28 23:38:00,0.2,0.20074198233738083,0.0004288176988565937,-0.0011708000362374016
619,2021-09-29 00:08:00,0.2,0.20063756831976406,-0.00034575378951638794,-0.0002918145302476527
620,2021-09-29 00:38:00,0.2,0.20053367653012175,-0.0011625152296244896,0.000628838699502754
621,2021-09-29 01:08:00,0.2,0.2004301917749051,0.00116237410650918,-0.0015925658814142651
622,2021-09-29 01:38:00,0.188,0.2003271372526624,-0.0032635687661628533,-0.009063568486499557
623,2021-09-29 02:08:00,0.188,0.2002244296508483,0.0014839220658260893,-0.013708351716674394
624,2021-09-29 02:38:00,0.188,0.20012204626794863,-0.008361781983642347,-0.003760264284306286
625,2021-09-29 03:08:00,0.2,0.20002016568603387,-0.002284299735625556,0.002264134049591693
626,2021-09-29 03:38:00,0.188,0.19991893503333677,-0.011568569017333727,-0.00035036601600305084
627,2021-09-29 04:08:00,0.188,0.19981859681795133,-0.008548742561218797,-0.0032698542567325406
628,2021-09-29 04:38:00,0.225,0.1997193255609639,-0.003171879172952527,0.028452553611988646
629,2021-09-29 05:08:00,0.2,0.19962149288552505,0.004328091570856809,-0.003949584456381855
630,2021-09-29 05:38:00,0.225,0.19952542850008612,0.01922205286260041,0.006252518637313492
631,2021-09-29 06:08:00,0.2,0.1994314401771864,0.0008647146770027513,-0.000296154854189129
632,2021-09-29 06:38:00,0.225,0.1993398217332009,-0.006740508639700168,0.032400686906499276
633,2021-09-29 07:08:00,0.225,0.199250633983505,-0.007076045718723124,0.03282541173521811
634,2021-09-29 07:38:00,0.225,0.19916389878005936,-0.0067599736733766555,0.03259607489331731
635,2021-09-29 08:08:00,0.188,0.19907961599140134,-0.006689345999714836,-0.004390269991686513
636,2021-09-29 08:38:00,0.2,0.1989977421115248,-0.00883892609513077,0.009841183983605978
637,2021-09-29 09:08:00,0.2,0.1989182613940484,-0.002317480542710924,0.0033992191486625356
638,2021-09-29 09:38:00,0.213,0.198841112230177,-0.00319951877650438,0.017358406546327365
639,2021-09-29 10:08:00,0.2,0.1987661082806807,-0.003813076991887734,0.0050469687112070505
640,2021-09-29 10:38:00,0.225,0.19869299971378315,-0.011621669786348167,0.03792867007256501
641,2021-09-29 11:08:00,0.225,0.19862146983938642,-0.01144956966032542,0.037828099820939015
642,2021-09-29 11:38:00,0.225,0.1985511787089663,-0.01295462106669551,0.03940344235772922
643,2021-09-29 12:08:00,0.188,0.19848182031048392,-0.010911593513499747,0.0004297732030158208
644,2021-09-29 12:38:00,0.2,0.198413032053712,-0.007559008687738184,0.009145976634026193
645,2021-09-29 13:08:00,0.2,0.19834434154007474,-0.007470450753409019,0.009126109213334288
646,2021-09-29 13:38:00,0.188,0.19827528466662495,-0.010653309280748919,0.0003780246141239785
647,2021-09-29 14:08:00,0.188,0.19820547805250902,-0.005715367894727974,-0.00449011015778103
648,2021-09-29 14:38:00,0.2,0.19813460198980898,0.006049318669663913,-0.004183920659472873
649,2021-09-29 15:08:00,0.2,0.19806232672804358,0.0011245280838381843,0.0008131451881182583
650,2021-09-29 15:38:00,0.225,0.1979884529708648,-0.002825006428743092,0.029836553457878306
651,2021-09-29 16:08:00,0.188,0.19791292073660258,-0.0022040990347326375,-0.007708821701869928
652,2021-09-29 16:38:00,0.188,0.1978356994746135,0.020565726344819714,-0.030401425819433198
653,2021-09-29 17:08:00,0.2,0.1977567014525713,0.0009833158982862993,0.001259982649142427
654,2021-09-29 17:38:00,0.225,0.1976755897056107,0.023612809128360442,0.003711601166028866
655,2021-09-29 18:08:00,0.225,0.19759204478233738,0.029581205057469504,-0.002173249839806879
656,2021-09-29 18:38:00,0.2,0.19750591451999353,0.007490310764366201,-0.004996225284359723
657,2021-09-29 19:08:00,0.225,0.1974171602739996,0.029472533054837595,-0.0018896933288372053
658,2021-09-29 19:38:00,0.2,0.19732589388261257,-0.00014537620435394637,0.0028194823217413956
659,2021-09-29 20:08:00,0.225,0.1972324232506102,0.029339728241971723,-0.0015721514925819136
660,2021-09-29 20:38:00,0.2,0.1971370760886993,-1.6999390167329452e-05,0.0028799233014680514
661,2021-09-29 21:08:00,0.2,0.1970403051794481,0.0018442665011116639,0.0011154283194402537
662,2021-09-29 21:38:00,0.188,0.1969426765820923,-0.007860116473075772,-0.0010825601090165282
663,2021-09-29 22:08:00,0.188,0.19684512865692966,-0.004087913300004758,-0.004757215356924888
664,2021-09-29 22:38:00,0.2,0.1967487216881042,0.0009561856402228485,0.002295092671672966
665,2021-09-29 23:08:00,0.2,0.19665454205760682,-0.00026092466078450155,0.0036063826031776935
666,2021-09-29 23:38:00,0.2,0.19656366476960285,0.0009416319534006141,0.0024947032769965516
667,2021-09-30 00:08:00,0.188,0.1964771902670196,-0.0029118195431874546,-0.005565370723832147
668,2021-09-30 00:38:00,0.188,0.19639637849168187,-0.004436515323789538,-0.003959863167892347
669,2021-09-30 01:08:00,0.2,0.19632260787611677,-0.002843088450731719,0.006520480574614962
670,2021-09-30 01:38:00,0.188,0.19625714330234706,-0.0055253002606972385,-0.0027318430416498063
671,2021-09-30 02:08:00,0.2,0.19620109452121115,-0.0008011278241704342,0.0046000333029593
672,2021-09-30 02:38:00,0.188,0.19615523797796008,-0.0055381803957708425,-0.0026170575821892472
673,2021-09-30 03:08:00,0.2,0.19612012510969837,-0.0018521886731259342,0.005732063563427564
674,2021-09-30 03:38:00,0.188,0.19609631302199812,-0.010623725312932594,0.0025274122909344776
675,2021-09-30 04:08:00,0.188,0.19608414881340291,-0.007905726704573275,-0.00017842210882965115
676,2021-09-30 04:38:00,0.2,0.19608354370664194,-0.0022706896930179913,0.006187145986376069
677,2021-09-30 05:08:00,0.188,0.19609399573356623,0.0004230797300863238,-0.008517075463652546
678,2021-09-30 05:38:00,0.188,0.19611493260430116,0.015313849706938172,-0.02342878231123932
679,2021-09-30 06:08:00,0.188,0.19614594792231577,-0.0011688368868470818,-0.006977111035468692
680,2021-09-30 06:38:00,0.188,0.19618649967843918,-0.006694406147527657,-0.0014920935309115368
681,2021-09-30 07:08:00,0.188,0.19623597464045614,-0.007827295126028106,-0.0004086795144280231
682,2021-09-30 07:38:00,0.188,0.19629358051955392,-0.005929951811835631,-0.0023636287077182794
683,2021-09-30 08:08:00,0.188,0.19635846913258911,-0.0040084080220757655,-0.004350061110513337
684,2021-09-30 08:38:00,0.188,0.19642989317782272,-0.004170405665799484,-0.004259487512023236
685,2021-09-30 09:08:00,0.188,0.1965075150500686,-0.0005250375072927713,-0.00798247754277584
686,2021-09-30 09:38:00,0.188,0.19659130054787635,-0.0013848702614445336,-0.007206430286431809
687,2021-09-30 10:08:00,0.188,0.19668175955798248,-0.0045854045218224945,-0.004096355036159988
688,2021-09-30 10:38:00,0.188,0.19677971254846602,-0.006658872827079482,-0.002120839721386547
689,2021-09-30 11:08:00,0.188,0.19688592979820033,-0.0065149508414071656,-0.0023709789567931683
690,2021-09-30 11:38:00,0.188,0.19700100153712877,-0.010525781116256063,0.0015247795791273056
691,2021-09-30 12:08:00,0.188,0.19712530439033618,-0.006188340897603368,-0.0029369634927328137
692,2021-09-30 12:38:00,0.188,0.19725943895576523,-0.0030954518480775777,-0.006163987107687646
693,2021-09-30 13:08:00,0.188,0.197404016710348,-0.003057915375361781,-0.006346101334986198
694,2021-09-30 13:38:00,0.188,0.19755947329823714,-0.006040326005609468,-0.0035191472926276723
695,2021-09-30 14:08:00,0.188,0.1977263304722953,-0.003665798473531835,-0.006060531998763469
696,2021-09-30 14:38:00,0.2,0.19790539541336002,0.0051081933869970555,-0.00301358880035707
697,2021-09-30 15:08:00,0.225,0.1980977890225199,0.003016205204477371,0.023886005773002733
698,2021-09-30 15:38:00,0.188,0.19830467673391355,-0.0013165921663706994,-0.008988084567542853
699,2021-09-30 16:08:00,0.2,0.19852719497140167,0.00013641704701856927,0.0013363879815797841
700,2021-09-30 16:38:00,0.225,0.19876651633502204,0.015997197063524943,0.01023628660145301
701,2021-09-30 17:08:00,0.2,0.19902379843607418,0.002453591762092525,-0.0014773901981667004
702,2021-09-30 17:38:00,0.225,0.1993000840865611,0.018035352784734584,0.00766456312870431
703,2021-09-30 18:08:00,0.225,0.19959613492021358,0.020702835659284498,0.004701029420501934
704,2021-09-30 18:38:00,0.225,0.19991202130973287,0.005936305910975373,0.01915167277929175
705,2021-09-30 19:08:00,0.225,0.2002473173003087,0.020469734523684727,0.004282948176006579
706,2021-09-30 19:38:00,0.225,0.2006009231993593,-0.0002979255785077448,0.02469700237914846
707,2021-09-30 20:08:00,0.225,0.20097108786667675,0.020226136513984957,0.003802775619338311
708,2021-09-30 20:38:00,0.225,0.2013557925073547,-0.0003254499258599303,0.023969657418505236
709,2021-09-30 21:08:00,0.225,0.20175259254819267,0.0027468068291526234,0.020500600622654713
710,2021-09-30 21:38:00,0.225,0.20215868799991096,-0.0037371939629049864,0.02657850596299402
711,2021-09-30 22:08:00,0.225,0.20257103277976785,-0.003917644360910876,0.026346611581143042
712,2021-09-30 22:38:00,0.2,0.20298670680184136,0.0015026993228218614,-0.004489406124663198
713,2021-09-30 23:08:00,0.2,0.20340341812702925,-0.001006397712500912,-0.002397020414528328
714,2021-09-30 23:38:00,0.2,0.20381958981775106,0.0013559645105779934,-0.0051755543283290295
715,2021-10-01 00:08:00,0.2,0.2042339131562161,-0.004749170548729466,0.0005152573925133741
716,2021-10-01 00:38:00,0.188,0.2046453939714436,-0.007435572992508778,-0.00920982097893483
717,2021-10-01 01:08:00,0.188,0.20505321660808665,-0.006091534793108499,-0.010961681814978141
718,2021-10-01 01:38:00,0.2,0.2054568900316362,-0.0063345393234834025,0.0008776492918472212
719,2021-10-01 02:08:00,0.2,0.2058561775226068,-0.0026213717043598248,-0.0032348058182469497
720,2021-10-01 02:38:00,0.225,0.20625077821262774,-0.0026564133629779,0.021405635150350155
721,2021-10-01 03:08:00,0.188,0.20664045511778567,-0.001572292610253874,-0.017068162507531792
722,2021-10-01 03:38:00,0.188,0.2070251275019509,-0.009249239045859245,-0.009775888456091647
723,2021-10-01 04:08:00,0.2,0.20740479122206654,-0.006996961800328036,-0.0004078294217384759
724,2021-10-01 04:38:00,0.188,0.2077798196479998,-0.00026549979114311585,-0.01951431985685667
725,2021-10-01 05:08:00,0.2,0.20815040356366923,-0.002809846231666548,-0.005340557332002671
726,2021-10-01 05:38:00,0.2,0.2085164616903536,0.011952942870262244,-0.020469404560615828
727,2021-10-01 06:08:00,0.2,0.20887767621354694,-0.0030530314022735043,-0.005824644811273427
728,2021-10-01 06:38:00,0.225,0.20923375841501968,-0.007033501368091311,0.022799742953071633
729,2021-10-01 07:08:00,0.2,0.20958481483866306,-0.00834752905261151,-0.001237285786051534
730,2021-10-01 07:38:00,0.2,0.20993119679841918,-0.005360373545385881,-0.00457082325303329
731,2021-10-01 08:08:00,0.213,0.2102734432911415,-0.001327803951080083,0.004054360659938583
732,2021-10-01 08:38:00,0.213,0.21061209002318332,-0.00046595781568028105,0.002853867792496967
733,2021-10-01 09:08:00,0.225,0.21094757025251237,0.000204249996082314,0.013848179751405315
734,2021-10-01 09:38:00,0.225,0.21128023244110777,-0.0003292539848693763,0.014049021543761614
735,2021-10-01 10:08:00,0.225,0.2116103518214458,-0.0058998537408843955,0.019289501919438595
736,2021-10-01 10:38:00,0.213,0.21193824860348234,-0.002003557374737658,0.0030653087712552984
737,2021-10-01 11:08:00,0.225,0.2122644255947413,-0.001852488877047098,0.014588063282305802
738,2021-10-01 11:38:00,0.225,0.21258963034378497,-0.008038534056417239,0.020448903712632277
739,2021-10-01 12:08:00,0.225,0.21291460523419883,-0.002025279824740455,0.014110674590541633
740,2021-10-01 12:38:00,0.225,0.2132400103300776,0.00034382543484642663,0.011416164235075965
741,2021-10-01 13:08:00,0.225,0.21356631532531806,0.00032940022044866874,0.011104284454233282
742,2021-10-01 13:38:00,0.225,0.21389371031221147,-0.002003288948115474,0.013109578635904007
743,2021-10-01 14:08:00,0.225,0.21422205494577584,-0.0017846642932896333,0.012562609347513798
744,2021-10-01 14:38:00,0.225,0.21455091149886882,0.0040737910206257374,0.006375297480505443
745,2021-10-01 15:08:00,0.225,0.21487968222434517,0.005116544707916773,0.005003773067738054
746,2021-10-01 15:38:00,0.225,0.21520740988181591,-0.0007605470069827217,0.010553137125166812
747,2021-10-01 16:08:00,0.225,0.21553296817009956,0.00246005416410887,0.007006977665791558
748,2021-10-01 16:38:00,0.225,0.21585525002349876,0.012363005311313124,-0.003218255334811876
749,2021-10-01 17:08:00,0.225,0.21617290712518675,0.0032615650727387943,0.005565527802074477
750,2021-10-01 17:38:00,0.225,0.2164846149953834,0.01194565749010465,-0.0034302724854880506
751,2021-10-01 18:08:00,0.225,0.2167889959397846,0.012001930025389681,-0.0037909259651742744
752,2021-10-01 18:38:00,0.225,0.2170846412224418,0.0044545311873151906,0.003460827590242993
753,2021-10-01 19:08:00,0.225,0.21737010773806534,0.011662082955424013,-0.00403219069348934
754,2021-10-01 19:38:00,0.213,0.21764392579247752,-0.0009702440067328413,-0.0036736817857446757
755,2021-10-01 20:08:00,0.225,0.21790460291948824,0.011324388746516785,-0.004228991666005016
756,2021-10-01 20:38:00,0.213,0.2181508285920772,-0.0011799877421168376,-0.003970840849960383
757,2021-10-01 21:08:00,0.225,0.21838169748995187,0.003662195669390027,0.0029561068406581126
758,2021-10-01 21:38:00,0.225,0.21859696839588474,0.0006344305605954764,0.005768601043519783
759,2021-10-01 22:08:00,0.213,0.21879705165939528,-0.004193161623840503,-0.001603890035554778
760,2021-10-01 22:38:00,0.225,0.21898264697621345,0.0014262385117938176,0.004591114511992733
761,2021-10-01 23:08:00,0.213,0.21915457697868235,-0.002118294757147822,-0.004036282221534543
762,2021-10-01 23:38:00,0.225,0.21931369918231344,0.0011448040673574128,0.004541496750329138
763,2021-10-02 00:08:00,0.2,0.21946102876315976,-0.0034951415111809554,-0.015965887251978783
764,2021-10-02 00:38:00,0.213,0.21959755415525412,-0.006437453775747625,-0.0001601003795065059
765,2021-10-02 01:08:00,0.2,0.21972425839630805,-0.006628519247480436,-0.013095739148827612
766,2021-10-02 01:38:00,0.2,0.2198420999733305,-0.004074357571131175,-0.01576774240219933
767,2021-10-02 02:08:00,0.213,0.21995200286632713,-0.003101523248236575,-0.0038504796180905687
768,2021-10-02 02:38:00,0.225,0.22005521034190795,0.000170218969201201,0.004774570688890867
769,2021-10-02 03:08:00,0.213,0.22015326187052095,-0.002894065284451769,-0.004259196586069186
770,2021-10-02 03:38:00,0.213,0.2202475969408519,-0.0070649765435958755,-0.00018262039725602808
771,2021-10-02 04:08:00,0.213,0.22033956016419193,-0.004879542795637947,-0.002460017368553974
772,2021-10-02 04:38:00,0.213,0.2204305210690664,-0.0023913021398151127,-0.005039218929251299
773,2021-10-02 05:08:00,0.225,0.22052172570766232,-0.001112175300521751,0.0055904495928594256
774,2021-10-02 05:38:00,0.225,0.2206144543344951,0.003833193258953237,0.0005523524065516594
775,2021-10-02 06:08:00,0.225,0.22070976372949078,-0.001365173320250369,0.005655409590759608
776,2021-10-02 06:38:00,0.213,0.22080860534173558,-0.005213446302249633,-0.002595159039485956
777,2021-10-02 07:08:00,0.2,0.22091155809714763,-0.005831897355819577,-0.01507966074132805
778,2021-10-02 07:38:00,0.225,0.2210187602077347,-0.0026837716112777877,0.006665011403543086
779,2021-10-02 08:08:00,0.225,0.22113011556385626,0.0007649204564424278,0.003104963979701336
780,2021-10-02 08:38:00,0.225,0.22124540108845,0.0006504365090843393,0.0031041624024656655
781,2021-10-02 09:08:00,0.2,0.22136437413273463,0.0007983658700581429,-0.022162740002792752
782,2021-10-02 09:38:00,0.225,0.2214867836449358,-0.00044798937360121386,0.003961205728665429
783,2021-10-02 10:08:00,0.213,0.22161227066108302,-0.005702581500580664,-0.0029096891605023545
784,2021-10-02 10:38:00,0.225,0.22174033248771644,5.357237241662374e-05,0.0032060951398669435
785,2021-10-02 11:08:00,0.225,0.2218703583313494,0.0005724684112504485,0.0025571732574001527
786,2021-10-02 11:38:00,0.213,0.22200154278761625,-0.0060731857148830955,-0.0029283570727331454
787,2021-10-02 12:08:00,0.225,0.2221330749811007,0.0005296645289113847,0.0023372604899879468
788,2021-10-02 12:38:00,0.225,0.22226417390544456,0.001503851822661149,0.0012319742718942817
789,2021-10-02 13:08:00,0.225,0.2223940790432182,0.0014664231965795143,0.0011394977602022793
790,2021-10-02 13:38:00,0.225,0.22252211361645416,0.0005687285139093072,0.0019091578696365519
791,2021-10-02 14:08:00,0.225,0.22264763214935016,0.0008013702641752162,0.001550997586474645
792,2021-10-02 14:38:00,0.225,0.22277003229949316,0.0030606113274700233,-0.0008306436269631678
793,2021-10-02 15:08:00,0.225,0.22288878553626118,0.004065916883431808,-0.0019547024196929774
794,2021-10-02 15:38:00,0.225,0.22300355631979513,0.001309636418290038,0.0006868072619148347
795,2021-10-02 16:08:00,0.225,0.22311420861496734,0.0026295594644103436,-0.0007437680793776769
796,2021-10-02 16:38:00,0.225,0.22322062629063932,0.004821734853286596,-0.00304236114392592
797,2021-10-02 17:08:00,0.225,0.2233228325509574,0.0024927392277676102,-0.0008155717787249883
798,2021-10-02 17:38:00,0.225,0.22342085285393257,0.0048217125286712445,-0.0032425653826038126
799,2021-10-02 18:08:00,0.225,0.22351467591181365,0.004828273186761794,-0.0033429490985754373
800,2021-10-02 18:38:00,0.225,0.22360440082172717,0.003155162773054731,-0.0017595635947818822
801,2021-10-02 19:08:00,0.225,0.2236901118609185,0.004693130726362183,-0.003383242587280677
802,2021-10-02 19:38:00,0.225,0.2237718194333245,-0.0014592553405641969,0.002687435907239716
803,2021-10-02 20:08:00,0.225,0.22384944088238493,0.0043956385225193675,-0.0032450794049042886
804,2021-10-02 20:38:00,0.225,0.22392278153920447,-0.0016711378997798713,0.0027483563605754102
805,2021-10-02 21:08:00,0.225,0.22399172476918935,0.0025350815264471474,-0.001526806295636507
806,2021-10-02 21:38:00,0.225,0.22405632701359515,0.002408289894066779,-0.0014646169076619198
807,2021-10-02 22:08:00,0.225,0.22411671784483492,-0.001964021235479491,0.0028473033906445677
808,2021-10-02 22:38:00,0.225,0.2241731577876927,0.0014176249465957915,-0.0005907827342884753
809,2021-10-02 23:08:00,0.225,0.22422589742623972,-0.0015759033288542529,0.002350005902614527
810,2021-10-02 23:38:00,0.225,0.22427527123103846,0.0013373274033940076,-0.0006125986344324708
811,2021-10-03 00:08:00,0.225,0.22432165269802942,-0.0017009295781487393,0.0023792768801193243
812,2021-10-03 00:38:00,0.225,0.22436544092408772,-0.0028286453280082723,0.003463204403920561
813,2021-10-03 01:08:00,0.225,0.22440696675000485,-0.005205471029073254,0.005798504279068417
814,2021-10-03 01:38:00,0.225,0.22444648820728164,-0.0020022117184166823,0.0025557235111350607
815,2021-10-03 02:08:00,0.225,0.22448419874680786,-0.0018504373370676853,0.0023662385902598337
816,2021-10-03 02:38:00,0.225,0.2245203879684906,0.0019875309295145794,-0.001507918898005195
817,2021-10-03 03:08:00,0.225,0.2245553221413136,-0.002571032365778263,0.003015710224464674
818,2021-10-03 03:38:00,0.225,0.22458920934665869,-0.003090161752960212,0.003500952406301522
819,2021-10-03 04:08:00,0.225,0.22462209291008706,-0.002319785941844898,0.0026976930317578474
820,2021-10-03 04:38:00,0.225,0.22465382282484325,-0.002418072828515023,0.002764250003671781
821,2021-10-03 05:08:00,0.225,0.22468427635571356,0.002795763209613954,-0.0024800395653274965
822,2021-10-03 05:38:00,0.225,0.22471335530417058,0.0017667963561381593,-0.0014801516603087372
823,2021-10-03 06:08:00,0.225,0.22474103351284902,0.0028524528391153233,-0.0025934863519643248
824,2021-10-03 06:38:00,0.225,0.22476717284695324,-0.0028466186271420514,0.0030794457801888164
825,2021-10-03 07:08:00,0.225,0.22479153765431115,-0.0009058553285989591,0.0011143176742878236
826,2021-10-03 07:38:00,0.225,0.22481386550795227,-0.00041730937117367994,0.0006034438632214201
827,2021-10-03 08:08:00,0.225,0.22483391471903502,0.001039520846565578,-0.0008734355656005999
828,2021-10-03 08:38:00,0.225,0.2248514771935967,-0.00025991468784837286,0.00040843749425167886
829,2021-10-03 09:08:00,0.225,0.22486638224286323,0.0013331782835696968,-0.0011995605264329134
830,2021-10-03 09:38:00,0.213,0.22487847915819814,-0.0018893847255373204,-0.009989094432660828
831,2021-10-03 10:08:00,0.225,0.22488757378691154,-0.004146131928570336,0.004258558141658791
832,2021-10-03 10:38:00,0.225,0.2248936189164733,-0.0008911815790319564,0.0009975626625586542
833,2021-10-03 11:08:00,0.225,0.22489668760639905,7.979813393162237e-05,2.3514259669316084e-05
834,2021-10-03 11:38:00,0.225,0.22489687084871252,-0.0055191586958019305,0.00562228784708943
835,2021-10-03 12:08:00,0.225,0.22489436957519873,0.0006450742708227483,-0.0005394438460214757
836,2021-10-03 12:38:00,0.225,0.22488949534874964,-0.0004968315778189895,0.0006073362290693607
837,2021-10-03 13:08:00,0.225,0.22488268125278713,-0.00012118123135708403,0.00023849997856995042
838,2021-10-03 13:38:00,0.225,0.22487450659478692,-0.00020683614644440333,0.0003323295516574898
839,2021-10-03 14:08:00,0.225,0.22486561151323964,-0.0002204042139486135,0.0003547927007089835
840,2021-10-03 14:38:00,0.225,0.2248566993976714,-0.00011708897528478327,0.0002603895776134013
841,2021-10-03 15:08:00,0.225,0.2248484874368576,0.000613643638019426,-0.00046213107487702576
842,2021-10-03 15:38:00,0.225,0.2248417252902812,0.00043076523835625536,-0.0002724905286374535
843,2021-10-03 16:08:00,0.225,0.2248371621368084,0.0008400379541114509,-0.0006772000909198439
844,2021-10-03 16:38:00,0.225,0.22483547066851892,0.0009285620593666482,-0.0007640327278855552
845,2021-10-03 17:08:00,0.225,0.22483718017175677,0.0010083109778323768,-0.0008454911495891504
846,2021-10-03 17:38:00,0.225,0.22484263283383552,0.0011086358627730526,-0.0009512686966085537
847,2021-10-03 18:08:00,0.225,0.22485196563143478,0.00015434084503503347,-6.306476469819522e-06
848,2021-10-03 18:38:00,0.225,0.22486511862443653,0.0011961638796442063,-0.001061282504080746
849,2021-10-03 19:08:00,0.225,0.22488186120198753,0.0012583572905934958,-0.00114021849258103
850,2021-10-03 19:38:00,0.225,0.22490191640340784,-0.0008140075546871556,0.0009120911512793262
851,2021-10-03 20:08:00,0.225,0.22492497883756823,0.00012041458014216586,-4.539341771039873e-05
852,2021-10-03 20:38:00,0.225,0.2249507049402664,-0.00036298575915547684,0.0004122808188890825
853,2021-10-03 21:08:00,0.225,0.22497868215973307,0.00022984133714652993,-0.00020852349687960903
854,2021-10-03 21:38:00,0.225,0.22500850156508956,0.0015824004509956298,-0.0015909020160851939
855,2021-10-03 22:08:00,0.225,0.22503982148245813,0.0009359080924352856,-0.0009757295748934192
856,2021-10-03 22:38:00,0.225,0.22507229107871182,0.0003524652489569141,-0.00042475632766872384
857,2021-10-03 23:08:00,0.225,0.22510557002274678,0.0012235950735326516,-0.0013291650962794221
858,2021-10-03 23:38:00,0.225,0.2251391569033173,0.0019743445126910795,-0.0021135014160083565
859,2021-10-04 00:08:00,0.225,0.22517242634481963,0.0010486318523855384,-0.001221058197205166
860,2021-10-04 00:38:00,0.225,0.22520482567559152,-0.0005027097060986536,0.00029788403050712287
861,2021-10-04 01:08:00,0.225,0.22523578357430682,-0.0006526966380610902,0.0004169130637542706
862,2021-10-04 01:38:00,0.225,0.22526481658407813,0.0013787428364510066,-0.0016435594205291282
863,2021-10-04 02:08:00,0.225,0.22529150383501623,0.0028743047666060567,-0.003165808601622272
864,2021-10-04 02:38:00,0.225,0.22531553407310964,0.003273431063722119,-0.0035889651368317677
865,2021-10-04 03:08:00,0.225,0.22533674622186112,4.6186949179841856e-05,-0.00038293317104096114
866,2021-10-04 03:38:00,0.225,0.22535499768854872,-6.54494678199601e-05,-0.0002895482207287414
867,2021-10-04 04:08:00,0.225,0.22537003837734054,-0.0006235156250843431,0.00025347724774379965
868,2021-10-04 04:38:00,0.225,0.22538162352253055,0.002186703932484553,-0.0025683274550150903
869,2021-10-04 05:08:00,0.175,0.2253896596433697,0.006694171145702403,-0.057083830789072115
870,2021-10-04 05:38:00,0.225,0.22539420351391712,0.003156420861590111,-0.003550624375507211
871,2021-10-04 06:08:00,0.188,0.22539537306668003,0.005496274737619454,-0.04289164780429949
872,2021-10-04 06:38:00,0.225,0.22539324619929885,-0.0010337635157601464,0.0006405173164613087
873,2021-10-04 07:08:00,0.188,0.22538777776367097,0.006003935739375387,-0.04339171350304635
874,2021-10-04 07:38:00,0.225,0.22537896229842608,0.0011033935973365256,-0.0014823558957625937
875,2021-10-04 08:08:00,0.225,0.2253668033525784,0.0013063313771692147,-0.0016731347297475885
876,2021-10-04 08:38:00,0.225,0.2253513986969884,-0.0030701031861375926,0.0027187044891492096
877,2021-10-04 09:08:00,0.225,0.22533262801364304,-0.0028217208553927564,0.002489092841749724
878,2021-10-04 09:38:00,0.225,0.22530997021705612,-0.0021478035600883865,0.0018378333430322802
879,2021-10-04 10:08:00,0.225,0.22528269377967067,-0.0035122218699751395,0.0032295280903044676
880,2021-10-04 10:38:00,0.225,0.22524982520809425,-0.004368036414986967,0.004118211206892736
881,2021-10-04 11:08:00,0.225,0.2252102754329,-0.0036104276381778854,0.0034001522052778954
882,2021-10-04 11:38:00,0.225,0.2251632245285684,-0.008169509442475525,0.008006284913907119
883,2021-10-04 12:08:00,0.225,0.2251077327966546,-0.0005849426746649947,0.00047720987801039283
884,2021-10-04 12:38:00,0.225,0.22504280507536217,-0.006419381904589247,0.006376576829227071
885,2021-10-04 13:08:00,0.225,0.22496746767891102,-0.004006033779940993,0.004038566101029983
886,2021-10-04 13:38:00,0.225,0.22488069257817656,-0.003982269689433728,0.004101577111257165
887,2021-10-04 14:08:00,0.225,0.22478165713035667,-0.003960239057164704,0.004178581926808034
888,2021-10-04 14:38:00,0.225,0.22466938853094615,-0.003912051465322928,0.0042426629343767785
889,2021-10-04 15:08:00,0.225,0.2245427656960129,0.00012902301056728552,0.0003282112934198389
890,2021-10-04 15:38:00,0.225,0.22440055098589082,-0.00010638761003146876,0.0007058366241406433
891,2021-10-04 16:08:00,0.225,0.22424140837861545,0.0003959947944537715,0.0003625968269307944
892,2021-10-04 16:38:00,0.225,0.2240639875289182,0.001287625379267217,-0.0003516129081854169
893,2021-10-04 17:08:00,0.225,0.2238671634807279,0.0005859629974052379,0.0005468735218668586
894,2021-10-04 17:38:00,0.225,0.22365002807121329,0.000674605758499244,0.0006753661702874891
895,2021-10-04 18:08:00,0.225,0.22341194207779957,-0.0032761391982986787,0.0048641971204990975
896,2021-10-04 18:38:00,0.225,0.2231523651009959,0.0007935733356503977,0.0010540615633537198
897,2021-10-04 19:08:00,0.225,0.22287052370167057,0.0005405809839491023,0.0015888953143803342
898,2021-10-04 19:38:00,0.225,0.2225655839971487,-0.002768941285805382,0.005203357288656674
899,2021-10-04 20:08:00,0.225,0.22223679491478182,-0.0029900756490025327,0.0057532807342207115
900,2021-10-04 20:38:00,0.225,0.2218836625918535,-0.00019368947848331686,0.003310026886629819
901,2021-10-04 21:08:00,0.225,0.2215060392925205,-0.0025909652997995352,0.006084926007279057
902,2021-10-04 21:38:00,0.225,0.22110407163633655,0.003325627126325741,0.0005703012373377003
903,2021-10-04 22:08:00,0.225,0.22067822609156024,0.006044119119449588,-0.001722345211009807
904,2021-10-04 22:38:00,0.225,0.22022935071654348,-0.002140409067308257,0.006911058350764776
905,2021-10-04 23:08:00,0.225,0.219758687716876,0.007916569322258156,-0.0026752570391341546
906,2021-10-04 23:38:00,0.225,0.21926794737857128,0.00025322324805284607,0.005478829373375876
907,2021-10-05 00:08:00,0.225,0.21875915004690527,0.0034162957861503637,0.002824554166944382
908,2021-10-05 00:38:00,0.225,0.21823442355761832,-0.0016052643205489395,0.008370840762930626
909,2021-10-05 01:08:00,0.225,0.21769596114917455,-0.0012456241266100652,0.008549662977435507
910,2021-10-05 01:38:00,0.225,0.21714586495356802,0.004152541779455983,0.003701593266976
911,2021-10-05 02:08:00,0.225,0.21658616062085595,0.009773631965056692,-0.0013597925859126225
912,2021-10-05 02:38:00,0.225,0.21601873925534618,0.007912436326888284,0.0010688244177655404
913,2021-10-05 03:08:00,0.225,0.21544548129000055,-0.0005669034481302764,0.010121422158129723
914,2021-10-05 03:38:00,0.225,0.21486845748169917,-0.0006828238997883215,0.010814366418089166
915,2021-10-05 04:08:00,0.225,0.21428962239861685,-0.0015182524127386316,0.012228630014121777
916,2021-10-05 04:38:00,0.225,0.2137104434891592,0.0060797247814270644,0.005209831729413722
917,2021-10-05 05:08:00,0.225,0.21313206786968286,0.010665395485076508,0.0012025366452406427
918,2021-10-05 05:38:00,0.225,0.2125553220353773,0.0034545521420443035,0.00899012582257841
919,2021-10-05 06:08:00,0.225,0.2119810944054726,0.007420309097025435,0.0055985964975019675
920,2021-10-05 06:38:00,0.225,0.21141008318323046,-0.0010279219872834306,0.014617838804052985
921,2021-10-05 07:08:00,0.225,0.21084280434280253,0.010774584606450003,0.0033826110507474694
922,2021-10-05 07:38:00,0.213,0.21027993806309236,0.0013249953022801105,0.0013950666346275176
923,2021-10-05 08:08:00,0.213,0.20972204182898987,0.0014947219786859498,0.001783236192324178
924,2021-10-05 08:38:00,0.2,0.20916956713502557,-0.0064548185322509,-0.0027147486027746526
925,2021-10-05 09:08:00,0.2,0.20862304951756244,-0.005108220273288108,-0.00351482924427432
926,2021-10-05 09:38:00,0.188,0.20808322483406166,-0.0016082582678026848,-0.018474966566258966
927,2021-10-05 10:08:00,0.2,0.20755095344972566,-0.0020152378199269853,-0.005535715629798654
928,2021-10-05 10:38:00,0.188,0.20702704033613442,-0.007900571036628525,-0.011126469299505892
929,2021-10-05 11:08:00,0.188,0.20651204267598997,-0.005295282835954573,-0.013216759840035397
930,2021-10-05 11:38:00,0.188,0.20600623514660152,-0.01585467146688044,-0.00215156367972108
931,2021-10-05 12:08:00,0.188,0.20550919706726148,0.0065074011913659096,-0.024016598258627397
932,2021-10-05 12:38:00,0.188,0.20502066476839179,-0.010347154028796235,-0.006673510739595545
933,2021-10-05 13:08:00,0.188,0.20454039220728484,-0.006106725625572304,-0.010433666581712547
934,2021-10-05 13:38:00,0.188,0.20406764896570506,-0.006102899410687718,-0.009964749555017333
935,2021-10-05 14:08:00,0.188,0.2036015201272202,-0.006102366782589132,-0.009499153344631056
936,2021-10-05 14:38:00,0.188,0.20314143034086785,-0.0060707840093815555,-0.009070646331486298
937,2021-10-05 15:08:00,0.188,0.20268745020278964,0.0014659879508477573,-0.0161534381536374
938,2021-10-05 15:38:00,0.188,0.20224018887468104,0.0011618885345539383,-0.015402077409234965
939,2021-10-05 16:08:00,0.175,0.20180050930290014,-0.0025500979319549965,-0.024250411370945163
940,2021-10-05 16:38:00,0.175,0.20136933637357335,0.002511726173658235,-0.028881062547231606
941,2021-10-05 17:08:00,0.2,0.20094751838169775,0.0016592729364719079,-0.0026067913181696545
942,2021-10-05 17:38:00,0.2,0.20053565215855293,0.00025904940446842253,-0.0007947015630213328
943,2021-10-05 18:08:00,0.188,0.2001341021886559,-0.002542720602972271,-0.009591381585683623
944,2021-10-05 18:38:00,0.2,0.19974348844418682,-0.0003241704559950585,0.0005806820118082479
945,2021-10-05 19:08:00,0.2,0.1993647163913009,0.00035608220250730414,0.0002792014061918091
946,2021-10-05 19:38:00,0.188,0.1989988083809167,-0.0023017622131143345,-0.008697046167802341
947,2021-10-05 20:08:00,0.188,0.19864658682182135,-0.005406093196360288,-0.005240493625461057
948,2021-10-05 20:38:00,0.188,0.19830881441507373,0.0007675003517635317,-0.011076314766837264
949,2021-10-05 21:08:00,0.188,0.19798632368865124,-0.005063868768009206,-0.004922454920642028
950,2021-10-05 21:38:00,0.175,0.19767999495078606,-0.0015279598670887805,-0.021152035083697285
951,2021-10-05 22:08:00,0.188,0.19739077312363626,0.016541311579369222,-0.02593208470300548
952,2021-10-05 22:38:00,0.188,0.1971198421704688,-0.006736587980949815,-0.002383254189518985
953,2021-10-05 23:08:00,0.188,0.19686813946180293,0.0155792209997622,-0.02444736046156512
954,2021-10-05 23:38:00,0.175,0.19663648840674675,-0.0023648331802991105,-0.019271655226447637
955,2021-10-06 00:08:00,0.2,0.1964257198718672,0.003266989424626628,0.0003072907035061856
956,2021-10-06 00:38:00,0.188,0.19623654860885847,-0.004427629203595897,-0.0038089194052625674
957,2021-10-06 01:08:00,0.188,0.19606963895394872,-0.0042703270637575955,-0.003799311890191115
958,2021-10-06 01:38:00,0.2,0.1959254623648154,9.053309322898221e-05,0.0039840045419556325
959,2021-10-06 02:08:00,0.213,0.19580412831225105,0.018675738347321977,-0.0014798666595730314
960,2021-10-06 02:38:00,0.225,0.1957054501821493,0.003581623034704215,0.02571292678314649
961,2021-10-06 03:08:00,0.188,0.1956288351696956,-0.00022218720916848976,-0.007406647960527091
962,2021-10-06 03:38:00,0.188,0.19557319881467436,-0.00036521233250238724,-0.007207986482171969
963,2021-10-06 04:08:00,0.188,0.1955369703793697,-0.004825201391543679,-0.0027117689878260187
964,2021-10-06 04:38:00,0.2,0.19551834298185483,0.009514062261318823,-0.005032405243173638
965,2021-10-06 05:08:00,0.188,0.1955154035280656,0.01495545888434177,-0.022470862412407366
966,2021-10-06 05:38:00,0.2,0.1955262202960937,0.0016336113013399266,0.002840168402566373
967,2021-10-06 06:08:00,0.2,0.19554893198203416,0.008912521123486911,-0.004461453105521068
968,2021-10-06 06:38:00,0.188,0.1955815743309531,-0.0031821649643374193,-0.004399409366615675
969,2021-10-06 07:08:00,0.213,0.19562221987515893,0.007143101701018052,0.010234678423823002
970,2021-10-06 07:38:00,0.2,0.1956690226062433,-0.00015262206836088758,0.004483599462117599
971,2021-10-06 08:08:00,0.2,0.19572048329404568,-7.920297252165458e-05,0.004358719678475981
972,2021-10-06 08:38:00,0.188,0.1957756039827413,-0.010283867222563416,0.002508263239822117
973,2021-10-06 09:08:00,0.188,0.19583356280572814,-0.005540282243670888,-0.0022932805620572427
974,2021-10-06 09:38:00,0.2,0.19589313536896566,-0.004679015399245207,0.008785880030279553
975,2021-10-06 10:08:00,0.225,0.19595277503669245,-0.0011031854036664896,0.03015041036697405
976,2021-10-06 10:38:00,0.188,0.19601060893824462,-0.01158784955102766,0.003577240612783028
977,2021-10-06 11:08:00,0.188,0.1960647185104484,-0.007368536567829097,-0.0006961819426193061
978,2021-10-06 11:38:00,0.225,0.1961135789397831,0.0025210449326474016,0.026365376127569506
979,2021-10-06 12:08:00,0.188,0.1961561926233485,0.011748392912782837,-0.019904585536131336
980,2021-10-06 12:38:00,0.175,0.1961918864491808,-0.011832923150640622,-0.00935896329854019
981,2021-10-06 13:08:00,0.188,0.19622073942894236,-0.0066143264984741814,-0.0016064129304681762
982,2021-10-06 13:38:00,0.188,0.19624336582628557,-0.008188884481060546,-5.4481345225038114e-05
983,2021-10-06 14:08:00,0.188,0.19626061336873848,-0.006713007234822262,-0.0015476061339162184
984,2021-10-06 14:38:00,0.188,0.19627360013798045,-0.006742730189870322,-0.0015308699481101362
985,2021-10-06 15:08:00,0.2,0.1962833397857587,0.005462496460875277,-0.0017458362466339639
986,2021-10-06 15:38:00,0.2,0.1962907473805836,0.007404169662319221,-0.003694917042902812
987,2021-10-06 16:08:00,0.225,0.19629650893686687,-0.0037814369259895515,0.0324849279891227
988,2021-10-06 16:38:00,0.2,0.19630104927538833,0.00030472111615205346,0.0033942296084596424
989,2021-10-06 17:08:00,0.2,0.196304547597743,-0.00021384473162572797,0.003909297133882744
990,2021-10-06 17:38:00,0.2,0.19630717632661618,-0.00434261808021218,0.008035441753596023
991,2021-10-06 18:08:00,0.225,0.1963089359843607,0.003681551365483892,0.025009512650155413
992,2021-10-06 18:38:00,0.225,0.19631016034826318,0.001674380668162018,0.027015458983574797
993,2021-10-06 19:08:00,0.188,0.19631153143878197,0.004242989210961729,-0.012554520649743689
994,2021-10-06 19:38:00,0.225,0.19631357840715186,0.0036096254499354114,0.02507679614291275
995,2021-10-06 20:08:00,0.225,0.19631645338077233,-0.006214204403746915,0.0348977510229746
996,2021-10-06 20:38:00,0.2,0.19631989954852352,-0.0016441933854683284,0.005324293836944827
997,2021-10-06 21:08:00,0.225,0.1963233525371635,-0.008797887220368299,0.03747453468320483
998,2021-10-06 21:38:00,0.225,0.19632611480211123,-0.006812449358599013,0.03548633455648778
999,2021-10-06 22:08:00,0.225,0.19632765107543537,0.01416368020762933,0.014508668716935291
1000,2021-10-06 22:38:00,0.225,0.19632777030429271,0.005460993577466688,0.023211236118240608
1001,2021-10-06 23:08:00,0.225,0.19632650887735897,0.01910250799913084,0.00957098312351018
1002,2021-10-06 23:38:00,0.188,0.19632404254460672,-0.006717852435938489,-0.0016061901086682484
1003,2021-10-07 00:08:00,0.225,0.1963205109208056,0.0027170762996165557,0.025962412779577837
1004,2021-10-07 00:38:00,0.188,0.19631595468588445,-0.00791274254478074,-0.0004032121411036982
1005,2021-10-07 01:08:00,0.225,0.19631048179571756,-0.007856403081616538,0.03654592128589898
1006,2021-10-07 01:38:00,0.225,0.1963044702588149,-0.004012816476781574,0.03270834621796667
1007,2021-10-07 02:08:00,0.225,0.19629846064090228,0.027559062580090603,0.0011424767790071122
1008,2021-10-07 02:38:00,0.175,0.19629325303251066,0.0024852439568187152,-0.02377849698932938
1009,2021-10-07 03:08:00,0.225,0.1962895908814434,-0.0007635098698924122,0.029473918988449005
1010,2021-10-07 03:38:00,0.175,0.19628793968939034,-0.0009165786134455276,-0.020371361075944838
1011,2021-10-07 04:08:00,0.213,0.19628850392662184,-0.008472154944724529,0.025183651018102687
1012,2021-10-07 04:38:00,0.213,0.19629124038413912,0.012192017451840674,0.004516742164020204
1013,2021-10-07 05:08:00,0.213,0.1962961423143275,0.019132380509442378,-0.002428522823769874
1014,2021-10-07 05:38:00,0.188,0.19630324938409177,-0.00011444731343676471,-0.008188802070655005
1015,2021-10-07 06:08:00,0.188,0.1963122250300898,0.009963620240348216,-0.018275845270438018
1016,2021-10-07 06:38:00,0.2,0.19632225912900922,-0.006206574996466526,0.009884315867457305
1017,2021-10-07 07:08:00,0.2,0.19633260856239385,0.0009531193811416469,0.0027142720564645173
1018,2021-10-07 07:38:00,0.188,0.1963426679772663,-0.0013603939171398626,-0.006982274060126442
1019,2021-10-07 08:08:00,0.188,0.19635201690660642,-0.0013781614739256914,-0.006973855432680726
1020,2021-10-07 08:38:00,0.175,0.19636036851485536,-0.013598665748791452,-0.007761702766063916
1021,2021-10-07 09:08:00,0.188,0.19636746525376314,-0.005510997540263921,-0.0028564677134992056
1022,2021-10-07 09:38:00,0.188,0.19637360762186257,-0.00773477168282172,-0.0006388359390408493
1023,2021-10-07 10:08:00,0.2,0.19637954565250204,-0.0005755742253644453,0.004196028572862415
1024,2021-10-07 10:38:00,0.175,0.19638655339568062,-0.014572560334135235,-0.006813993061545398
1025,2021-10-07 11:08:00,0.2,0.19639625206097805,-0.009752744207958713,0.013356492146980675
1026,2021-10-07 11:38:00,0.188,0.19641046451477012,0.01101739584957121,-0.019427860364341326
1027,2021-10-07 12:08:00,0.213,0.19643088937741793,0.01693265181501164,-0.0003635411924295673
1028,2021-10-07 12:38:00,0.188,0.19645870941074628,-0.01360749773678426,0.00514878832603799
1029,2021-10-07 13:08:00,0.188,0.19649467308446195,-0.006484946570646364,-0.0020097265138155906
1030,2021-10-07 13:38:00,0.188,0.19653922843436986,-0.009750813251634112,0.001211584817264244
1031,2021-10-07 14:08:00,0.188,0.1965925178408316,-0.006652714526830292,-0.0019398033140012871
1032,2021-10-07 14:38:00,0.188,0.1966544009255236,-0.006731127718691202,-0.0019232732068324154
1033,2021-10-07 15:08:00,0.2,0.19672452102784688,0.010284673749964694,-0.0070091947778115615
1034,2021-10-07 15:38:00,0.188,0.19680224183335288,0.01306367371385834,-0.021865915547211207
1035,2021-10-07 16:08:00,0.188,0.19688677544719915,-0.005081301682578733,-0.003805473764620426
1036,2021-10-07 16:38:00,0.2,0.19697753048905287,-0.002458970595696509,0.0054814401066436425
1037,2021-10-07 17:08:00,0.2,0.19707432109752646,-0.002764907720853068,0.00569058662332661
1038,2021-10-07 17:38:00,0.188,0.19717732706065189,-0.008782058309401151,-0.00039526875125073246
1039,2021-10-07 18:08:00,0.2,0.19728671249874674,0.008994191732252167,-0.0062809042309988905
1040,2021-10-07 18:38:00,0.188,0.19740239137801716,0.003210868180239703,-0.012613259558256845
1041,2021-10-07 19:08:00,0.2,0.1975239490423353,0.008386061615876982,-0.0059100106582122836
1042,2021-10-07 19:38:00,0.2,0.19765080123357187,0.008713961889213487,-0.006364763122785333
1043,2021-10-07 20:08:00,0.188,0.19778241352147669,-0.007132178136060215,-0.0026502353854164773
1044,2021-10-07 20:38:00,0.2,0.19791857055881737,-0.004481227075278596,0.006562656516461235
1045,2021-10-07 21:08:00,0.188,0.19805914557869428,-0.012568726774995537,0.0025095811963012638
1046,2021-10-07 21:38:00,0.188,0.19820395636713198,-0.011518976392401395,0.0013150200252694255
1047,2021-10-07 22:08:00,0.175,0.19835278468019923,0.017576640827283115,-0.04092942550748235
1048,2021-10-07 22:38:00,0.188,0.19850519965372235,0.011211669502685746,-0.02171686915640808
1049,2021-10-07 23:08:00,0.225,0.19866085311946804,0.022976566938563012,0.0033625799419689517
1050,2021-10-07 23:38:00,0.188,0.19881942359468535,-0.011147541520307594,0.0003281179256222344
1051,2021-10-08 00:08:00,0.2,0.19898051631097988,0.0022154531506650126,-0.0011959694616448802
1052,2021-10-08 00:38:00,0.188,0.19914380679566104,-0.011335392403671285,0.00019158560801024738
1053,2021-10-08 01:08:00,0.188,0.19932360650056713,-0.011393389173499514,6.978267293239471e-05
1054,2021-10-08 01:38:00,0.188,0.19950120627995607,-0.008308067571018832,-0.0031931387089372543
1055,2021-10-08 02:08:00,0.2,0.199676350318492,0.036984849303221295,-0.0366611996217133
1056,2021-10-08 02:38:00,0.2,0.19984921672530284,0.0014027641734023653,-0.0012519808987052072
1057,2021-10-08 03:08:00,0.2,0.20002013709683847,-0.0011592380138051406,0.0011391009169666733
1058,2021-10-08 03:38:00,0.2,0.2001894622429463,-0.0013236713201178947,0.0011342090771716273
1059,2021-10-08 04:08:00,0.188,0.20035750216675885,-0.012131993806846725,-0.00022550835991211327
1060,2021-10-08 04:38:00,0.213,0.2005245133958418,0.015007565213110766,-0.002532078608952576
1061,2021-10-08 05:08:00,0.225,0.20069070815795018,0.023374939703238742,0.0009343521388110732
1062,2021-10-08 05:38:00,0.2,0.20085626559127304,-0.0022374595302714585,0.0013811939389984373
1063,2021-10-08 06:08:00,0.213,0.2010213303861513,0.011051982383147526,0.000926687230701162
1064,2021-10-08 06:38:00,0.188,0.2011860173488412,-0.00915106094469725,-0.004034956404143947
1065,2021-10-08 07:08:00,0.188,0.20135042118533664,-0.006510356208923061,-0.006840064976413568
1066,2021-10-08 07:38:00,0.2,0.20151463143402418,-0.0027778430565202046,0.001263211622496041
1067,2021-10-08 08:08:00,0.2,0.2016787351002284,-0.0029099835573625494,0.0012312484571341542
1068,2021-10-08 08:38:00,0.188,0.201842804289708,-0.01684600481564193,0.0030032005259339467
1069,2021-10-08 09:08:00,0.2,0.20200689484012424,-0.005073788504265295,0.0030668936641410627
1070,2021-10-08 09:38:00,0.188,0.2021710460219328,-0.011356903203824284,-0.002814142818108517
1071,2021-10-08 10:08:00,0.2,0.2023352849613387,0.00030047583094573667,-0.0026357607922844195
1072,2021-10-08 10:38:00,0.188,0.20249963813124852,-0.01735584693713372,0.002856208805885191
1073,2021-10-08 11:08:00,0.188,0.20266413107508308,-0.011807292146129817,-0.002856838928953248
1074,2021-10-08 11:38:00,0.225,0.20282878185415065,0.020136972874357954,0.0020342452714914028
1075,2021-10-08 12:08:00,0.225,0.20299360694164695,0.02223576175875106,-0.00022936870039799717
1076,2021-10-08 12:38:00,0.188,0.20315861678423625,-0.014687593364213096,-0.00047102342002314224
1077,2021-10-08 13:08:00,0.2,0.2033238183543191,-0.005831713221854391,0.002507894867535304
1078,2021-10-08 13:38:00,0.225,0.20348921564712874,-0.01074507203856838,0.03225585639143966
1079,2021-10-08 14:08:00,0.2,0.20365480640781103,-0.00609210727397409,0.0024373008661630613
1080,2021-10-08 14:38:00,0.2,0.20382058458047905,-0.006232213629005878,0.0024116290485268477
1081,2021-10-08 15:08:00,0.225,0.20398653775762093,0.015548813528126003,0.005464648714253062
1082,2021-10-08 15:38:00,0.225,0.2041526457321835,0.01913223094963496,0.0017151233181815495
1083,2021-10-08 16:08:00,0.2,0.20431887833341938,-0.00636904456656078,0.002050166233141415
1084,2021-10-08 16:38:00,0.188,0.20448520000204043,-0.0057182869863056495,-0.010766913015734791
1085,2021-10-08 17:08:00,0.188,0.20465157423237987,-0.005511219475597976,-0.011140354756781878
1086,2021-10-08 17:38:00,0.188,0.20481797711419863,-0.013611517169322771,-0.003206459944875867
1087,2021-10-08 18:08:00,0.225,0.20498439910738647,0.014742733580385012,0.005272867312228535
1088,2021-10-08 18:38:00,0.213,0.20515083647005264,0.004605811715530165,0.003243351814417178
1089,2021-10-08 19:08:00,0.225,0.20531727650969017,0.012777799635449451,0.006904923854860384
1090,2021-10-08 19:38:00,0.225,0.20548369596080016,0.014229805251678452,0.00528649878752141
1091,2021-10-08 20:08:00,0.2,0.20565005776383355,-0.007802059670268584,0.0021520019064350526
1092,2021-10-08 20:38:00,0.188,0.20581631297724634,-0.0074645608262139465,-0.0103517521510324
1093,2021-10-08 21:08:00,0.188,0.20598241042718313,-0.016178323703545057,-0.0018040867236380764
1094,2021-10-08 21:38:00,0.188,0.20614831219939933,-0.016379346069459462,-0.0017689661299398751
1095,2021-10-08 22:08:00,0.225,0.20631398917299176,0.02081332014214339,-0.002127309315135162
1096,2021-10-08 22:38:00,0.225,0.20647941900598515,0.017293810387053053,0.0012267706069618023
1097,2021-10-08 23:08:00,0.225,0.20664458497754692,0.026174390176375937,-0.007818975153922852
1098,2021-10-08 23:38:00,0.225,0.20680947270069844,-0.01558346445672791,0.033773991756029464
